tree
version=v4
num_class=1
num_tree_per_iteration=1
label_index=0
max_feature_idx=28
objective=binary sigmoid:1
feature_names=distance angle log_distance is_header is_other_body header_x_distance tech_volley tech_half_volley tech_lob tech_overhead_kick tech_backheel tech_diving_header is_free_kick first_time under_pressure one_on_one from_counter from_set_piece assisted assist_cross assist_through_ball assist_cut_back assist_high defenders_in_cone opponents_close gk_dist_to_goal gk_dist_to_shot gk_in_cone gk_missing
feature_infos=[0.63245553203367133:88.833158223717348] [0:3.1415926535897931] [0.49008534261440606:4.4979541524068791] [0:1] [0:1] [0:27.190071717448628] [0:1] [0:1] [0:1] [0:1] [0:1] [0:1] [0:1] [0:1] [0:1] [0:1] [0:1] [0:1] [0:1] [0:1] [0:1] [0:1] [0:1] [0:8] [0:5] [0:70.377837420597118] [0.36055512754639812:74.030871938671652] [0:1] none
tree_sizes=1702 1746 1758 1763 1751 1757 1769 1764 1754 1747 1752 1780 1769 1752 1758 1761 1759 1764 1767 1764 1776 1782 1776 1767 1764 1770 1773 1752 1775 1784 1770 1760 1772 1768 1765 1770 1781 1771 1767 1781 1757 1774 1772 1770 1781 1765 1760 1776 1776 1784 1770 1777 1769 1786 1785 1784 1769 1791 1768 1772 1791 1791 1781 1770 1784 1790 1789 1782 1767 1773 1772 1789 1769 1767 1779 1777 1777 1789 1788 1765 1774 1773 1773 1755 1768 1785 1783 1774 1771 1789 1764 1771 1776 1789 1770 1775 1768 1782 1784 1789 1791 1792 1767 1787 1776 1778 1785 1768 1777 1782 1786 1775 1777 1778 1773 1772 1779 1768 1796 1767 1761 1774 1777 1786 1755 1766 1774 1749 1780 1794 1770 1779 1766 1779 1787 1761 1769 1766 1777 1753 1758 1771 1772 1774 1766 1752 1770 1769 1790 1767 1767 1738 1774 1780 1768 1763 1755 1751 1780 1758 1784 1767 1778 1767 1776 1768 1762 1742 1781 1772 1777 1765 1742 1767 1767 1770 1781 1771 1758 1773 1774 1755 1778 1767 1763 1772 1750 1758 1754 1773 1755 1750 1765 1745 1739 1769 1769 1759 1762 1753 1780 1783 1768 1758 1763 1745 1753 1786

Tree=0
num_leaves=15
num_cat=0
split_feature=26 5 1 26 5 23 23 1 1 0 25 23 23 26
split_gain=2208.96 631.873 303.736 277.743 138.618 120.696 119.187 108.465 87.096 66.4327 63.2485 53.4624 50.4853 48.598
threshold=8.3468555019533728 5.8523499553598173 0.85922275001142612 11.502825688460462 9.415147366318493 1.0000000180025095e-35 1.0000000180025095e-35 0.27594297041555149 0.32832798628981436 10.503094714587769 7.0788415722058859 1.0000000180025095e-35 1.0000000180025095e-35 9.2657973174035515
decision_type=2 2 2 2 2 2 2 2 2 2 2 2 2 2
left_child=1 2 5 4 9 7 -4 -1 -5 13 -10 -11 -3 -2
right_child=3 12 6 8 -6 -7 -8 -9 10 11 -12 -13 -14 -15
leaf_value=-2.2514248115159261 -2.2095222570581257 -2.2284842233157085 -2.1121863199929241 -2.276091701332347 -2.2674802272924528 -2.2331825099431901 -2.1839211352680601 -2.1747052793204635 -2.2622614282657891 -2.2218965567202735 -2.1698530186512119 -2.2518082439555012 -2.2586338748256654 -2.0987463839873768
leaf_weight=18.42317995429039 14.032609030604364 119.40631119906902 76.189318969845772 1177.1034556776285 133.52500985562801 55.183450236916542 32.97232674062252 167.6165017336607 483.13498085737228 129.56488706171513 5.7680049389600745 91.513272389769554 84.884371191263199 4.4766605496406546
leaf_count=214 163 1387 885 13673 1551 641 383 1947 5612 1505 67 1063 986 52
internal_value=-2.25199 -2.19896 -2.17457 -2.26643 -2.24306 -2.19378 -2.13304 -2.18226 -2.27167 -2.22944 -2.261 -2.23422 -2.24098 -2.17623
internal_weight=2593.79 554.675 350.385 2039.12 373.112 241.223 109.162 186.04 1666.01 239.587 488.903 221.078 204.291 18.5093
internal_count=30129 6443 4070 23686 4334 2802 1268 2161 19352 2783 5679 2568 2373 215
is_linear=0
shrinkage=1


Tree=1
num_leaves=15
num_cat=0
split_feature=26 27 1 3 25 1 23 0 1 1 3 26 0 23
split_gain=1911.7 394.282 231.278 215.837 181.819 177.198 90.1488 88.614 87.5289 73.0233 61.3741 57.9267 54.0988 44.2217
threshold=8.3468555019533728 1.0000000180025095e-35 0.36903686250029294 1.0000000180025095e-35 6.2609903369994084 0.29398571815979879 1.0000000180025095e-35 5.7978444109919947 0.52915044160297164 0.90072862576266188 1.0000000180025095e-35 10.841125393024862 15.117704844118299 1.0000000180025095e-35
decision_type=2 2 2 2 2 2 2 2 2 2 2 2 2 2
left_child=1 5 -2 6 10 -1 8 -5 -3 13 11 -4 -6 -7
right_child=2 3 4 7 12 9 -8 -9 -10 -11 -12 -13 -14 -15
leaf_value=-0.0051048752548741678 -0.020649771477528368 0.042485136077630471 0.022062573441233177 0.066421269265060423 0.15619890974956002 0.11988951785767719 0.024249184453868255 0.0092590440538734779 0.082132356267654361 0.16766495368007781 -0.016993458251368256 -0.002879602631992907 0.050919279509548575 0.041611036101413285
leaf_weight=9.7977462485432607 1411.9100496694446 91.578181736171246 116.8093573525548 26.947403699159622 5.3458446934819248 22.311127938330173 63.740364216268063 196.9394464045763 122.01665449142456 29.137933053076267 172.22733975201845 289.66588622331619 20.78555516153574 11.07239183038473
leaf_count=113 16660 1007 1334 286 58 244 721 2265 1308 310 2020 3385 237 127
internal_value=-0.000257197 0.0480224 -0.0140044 0.0384208 0.00151686 0.113136 0.0560718 0.0164039 0.0654109 0.131454 -0.00203821 0.00432462 0.0774202 0.095892
internal_weight=2590.29 573.541 2016.74 501.222 604.834 72.3192 277.335 223.887 213.595 62.5215 578.703 406.475 26.1314 33.3835
internal_count=30075 6381 23694 5587 7034 794 3036 2551 2315 681 6739 4719 295 371
is_linear=0
shrinkage=0.03


Tree=2
num_leaves=15
num_cat=0
split_feature=26 26 5 25 1 27 24 1 23 1 25 23 23 1
split_gain=1891.19 354.399 301.064 164.974 157.636 162.782 96.5301 82.334 76.7097 60.5989 48.7879 47.1287 46.4012 35.9079
threshold=7.2263405735562207 11.593532679903918 5.8523499553598173 5.2488093023617237 0.52915044160297164 1.0000000180025095e-35 1.0000000180025095e-35 0.31539148167540954 1.0000000180025095e-35 0.53863256292962036 6.9292856680780881 1.0000000180025095e-35 1.0000000180025095e-35 0.27594297041555149
decision_type=2 2 2 2 2 2 2 2 2 2 2 2 2 2
left_child=2 3 4 6 13 11 -2 -3 -7 -5 -9 -6 -4 -1
right_child=1 7 12 9 5 8 -8 10 -10 -11 -12 -13 -14 -15
leaf_value=-0.00082686368587468544 0.028477693960592375 -0.023578917551230885 0.032277678286467597 0.038308004091993156 0.16155539562598314 0.083778789810093776 -0.0053555384801407249 -0.010350736939133935 0.037199832428743008 0.11991994116564279 0.062141098752738953 0.081496338084007525 -0.0025765869099241144 0.047365915640038052
leaf_weight=16.68788305670023 97.214568346738815 1051.3754646778107 90.109687939286232 76.510748244822025 28.757213033735752 133.22345972061157 333.07609226554632 545.53183146566153 44.924861788749695 8.5823250785469991 7.5020828470587722 13.09210157394409 54.982650265097618 81.713537640869617
leaf_count=190 1103 12661 1014 851 269 1332 3829 6459 489 85 80 134 635 863
internal_value=0.000306746 -0.0117015 0.0551337 0.00992704 0.0714233 0.0855637 0.00233663 -0.018651 0.0723059 0.0478365 -0.00925698 0.138996 0.0191424 0.0392668
internal_weight=2583.28 2119.79 463.491 515.384 318.399 219.998 430.291 1604.41 178.148 85.0931 553.034 41.8493 145.092 98.4014
internal_count=29994 25068 4926 5868 3277 2224 4932 19200 1821 936 6539 403 1649 1053
is_linear=0
shrinkage=0.03


Tree=3
num_leaves=15
num_cat=0
split_feature=26 5 1 1 25 27 20 1 27 23 26 23 5 1
split_gain=1620.89 420.811 245.557 175.306 132.802 87.3097 68.6978 55.0757 55.6819 54.7362 53.8143 48.1739 56.1489 49.3884
threshold=8.3468555019533728 5.8523499553598173 0.32221405553952331 0.85922275001142612 6.3509841635015691 1.0000000180025095e-35 1.0000000180025095e-35 0.27689479533621858 1.0000000180025095e-35 1.0000000180025095e-35 3.9217343102255122 1.0000000180025095e-35 10.404566302459033 0.40556534080469603
decision_type=2 2 2 2 2 2 2 2 2 2 2 2 2 2
left_child=1 3 -2 6 11 -5 7 -1 -9 -7 -8 12 13 -4
right_child=2 -3 4 5 -6 9 10 8 -10 -11 -12 -13 -14 -15
leaf_value=-0.012340036888211914 -0.022778252649699651 0.0071457838545674257 -0.0016881479173346248 0.12960287555678965 0.050966196765493348 0.086213984691930784 0.027019344823623944 0.082670164000644072 0.035605453513273683 0.035627435108962151 0.093603397266887184 -0.010478592744747455 -0.017121144567442386 0.024284408041325135
leaf_weight=17.806176975369453 1124.8632134571671 206.87381091713905 132.87948103994131 34.246916338801384 40.559502758085728 72.495701976120472 16.317385040223598 26.031334854662418 174.30458105355501 28.936730206012726 40.005874983966351 451.52999404072762 82.064784154295921 129.47316411137581
leaf_count=202 13766 2332 1574 289 430 666 163 252 1781 300 403 5335 980 1481
internal_value=-0.000287508 0.0420814 -0.0136308 0.0596424 -0.00131755 0.0875848 0.0455615 0.0376213 0.0421012 0.0722713 0.0751212 -0.00404241 0.00440132 0.0111731
internal_weight=2578.39 617.019 1961.37 410.145 836.507 135.679 274.465 218.142 200.336 101.432 56.3233 795.947 344.417 262.353
internal_count=29954 6388 23566 4056 9800 1255 2801 2235 2033 966 566 9370 4035 3055
is_linear=0
shrinkage=0.03


Tree=4
num_leaves=15
num_cat=0
split_feature=26 5 1 27 25 1 1 20 5 26 26 14 1 2
split_gain=1532.13 364.759 200.39 196.432 140.473 93.2485 82.0396 78.471 48.0743 72.8217 42.9611 41.2865 39.0836 37.0284
threshold=8.8481636512894593 5.8523499553598173 0.32221405553952331 1.0000000180025095e-35 6.3509841635015691 0.2556266475403684 0.85922275001142612 1.0000000180025095e-35 9.7496153736569831 11.593532679903918 3.1764760348537178 1.0000000180025095e-35 0.38501097896922482 2.9348941920964351
decision_type=2 2 2 2 2 2 2 2 2 2 2 2 2 2
left_child=1 3 -2 5 8 -1 7 12 9 -4 -9 -3 -5 -6
right_child=2 11 4 6 13 -7 -8 10 -10 -11 -12 -13 -14 -15
leaf_value=-0.0050815622792249153 -0.022517548575202662 0.022290039337313321 0.015812414533704543 -5.8930173934839533e-05 0.080562527971523024 0.10392948824898228 0.065415291118347083 -0.00085935680781056391 -0.021115069691103983 -0.007935910028417429 0.07732691844618686 -0.0030877870636232814 0.032385785691399889 0.020256479661110261
leaf_weight=7.6608642488718024 1092.3115822896361 96.735626041889191 155.46097603440285 41.197676815092564 19.730604484677315 77.475458286702633 110.84185700118542 7.2794352099299422 143.03257763385773 450.78899853676558 46.158458180725574 140.32525540888309 175.81702645868063 18.0141267105937
leaf_count=89 13623 1085 1747 437 194 653 999 71 1727 5393 439 1592 1769 190
internal_value=-7.06013e-05 0.0376635 -0.0142081 0.0530377 -0.00266148 0.0941752 0.0436301 0.0344936 -0.0055347 -0.0018301 0.0668561 0.00731808 0.0262545 0.0530464
internal_weight=2582.83 703.492 1879.34 466.431 787.027 85.1363 381.294 270.453 749.283 606.25 53.4379 237.061 217.015 37.7447
internal_count=30008 7134 22874 4457 9251 742 3715 2716 8867 7140 510 2677 2206 384
is_linear=0
shrinkage=0.03


Tree=5
num_leaves=15
num_cat=0
split_feature=26 5 1 23 1 27 1 27 5 5 1 23 20 26
split_gain=1326.05 400.906 225.52 180.907 123.258 114.409 95.405 70.3125 42.3129 38.3455 33.4706 32.9511 30.1721 33.9017
threshold=10.935721197917024 6.6298566138553889 1.3478912332215944 1.0000000180025095e-35 0.28138929445776611 1.0000000180025095e-35 0.32832798628981436 1.0000000180025095e-35 8.6023252670426249 1.0000000180025095e-35 0.73766405302218863 1.0000000180025095e-35 1.0000000180025095e-35 3.1764760348537178
decision_type=2 2 2 2 2 2 2 2 2 2 2 2 2 2
left_child=1 2 3 4 -1 -6 -2 -8 11 -4 12 -3 -7 -14
right_child=6 8 9 -5 5 10 7 -9 -10 -11 -12 -13 13 -15
leaf_value=-0.0072501778822492875 -0.022360183213210094 0.028531790990206942 0.1306731111881079 0.010014839593908016 0.093128106798479465 0.032048300452297777 0.080902326162863553 -0.0080913310607366989 -0.0090529423555719569 0.06585461697509086 0.058919425729457665 -0.0060774384246224059 -0.011028865687706162 0.063882523665832788
leaf_weight=36.051897488534451 1079.9698499590158 60.061594493687153 25.212950199842453 179.84492389112711 49.450041048228741 194.00897841900587 7.1217839419841757 514.83680608123541 205.94162718206644 17.485439695417881 103.63884377479553 41.141290538012981 5.7229420170187941 54.963808171451092
leaf_count=411 13730 653 196 1891 388 1952 70 6160 2413 144 912 472 56 506
internal_value=-0.000494998 0.0271025 0.0401562 0.0354689 0.0457373 0.0504281 -0.017273 -0.00672469 -0.00125702 0.106244 0.0442928 0.0145405 0.0381339 0.0567539
internal_weight=2575.45 973.524 666.38 623.681 443.837 407.785 1601.93 521.959 307.145 42.6984 358.335 101.203 254.696 60.6868
internal_count=29954 9994 6456 6116 4225 3814 19960 6230 3538 340 3426 1125 2514 562
is_linear=0
shrinkage=0.03


Tree=6
num_leaves=15
num_cat=0
split_feature=1 27 23 25 3 1 1 1 24 23 14 1 25 0
split_gain=1025.67 469.861 216.682 181.785 157.762 109.486 76.1957 67.812 60.3152 59.3544 55.88 55.6473 42.0147 38.4193
threshold=0.41462205883551323 1.0000000180025095e-35 1.0000000180025095e-35 6.3509841635015691 1.0000000180025095e-35 0.78817719028501032 0.65170415467333254 0.29518166887906538 1.0000000180025095e-35 1.0000000180025095e-35 1.0000000180025095e-35 0.28692010868224888 2.8635642126552709 5.1908571462152606
decision_type=2 2 2 2 2 2 2 2 2 2 2 2 2 2
left_child=3 9 4 11 6 -6 12 -5 -4 -2 -7 -1 -3 -10
right_child=1 2 8 7 5 10 -8 -9 13 -11 -12 -13 -14 -15
leaf_value=-0.023923305074496325 0.10367142951489934 0.0050787213260492566 0.020594934219186473 -0.0096741247069760464 -0.0091373629764020959 0.054745247163570813 0.060738038388690407 0.035659178145340573 0.049403892354565153 0.050614835533526428 0.0099939799234794527 -0.011943333407779562 0.037801703180440335 -0.0092340742048920375
leaf_weight=789.15528292953968 62.541223600506783 45.884239330887794 90.956723280251026 46.616178460419178 126.85801070183516 50.090236939489841 122.07634255290031 79.145045571029186 9.4364033415913564 31.743763223290443 50.463488735258579 631.74195137619972 157.39943464845419 286.84401515126228
leaf_count=10197 452 508 1034 564 1503 494 1030 777 85 278 517 7787 1538 3302
internal_value=-8.61481e-05 0.0230277 0.0165734 -0.0155479 0.0286116 0.00938213 0.0419822 0.0189116 -0.000640154 0.0865271 0.0326061 -0.0186091 0.0304766 -0.00720658
internal_weight=2580.95 1034.29 940.009 1546.66 552.772 227.412 325.36 125.761 387.237 94.285 100.554 1420.9 203.284 296.28
internal_count=30066 10741 10011 19325 5590 2514 3076 1341 4421 730 1011 17984 2046 3387
is_linear=0
shrinkage=0.03


Tree=7
num_leaves=15
num_cat=0
split_feature=26 5 26 0 26 23 23 26 0 20 26 25 12 14
split_gain=1235.78 321.087 145.002 75.6807 63.2299 57.8822 41.4651 46.5678 39.5334 37.159 35.1862 30.7436 29.9279 28.8028
threshold=11.502825688460462 6.6298566138553889 7.0611613775638915 4.3583250267383624 17.709460734358725 1.0000000180025095e-35 1.0000000180025095e-35 2.7694741309801434 8.9660469104920715 1.0000000180025095e-35 7.144928271158494 7.2242646353093294 1.0000000180025095e-35 1.0000000180025095e-35
decision_type=2 2 2 2 2 2 2 2 2 2 2 2 2 2
left_child=1 2 3 -1 11 8 7 -5 -4 -10 13 -2 -6 -3
right_child=4 10 5 6 12 -7 -8 -9 9 -11 -12 -13 -14 -15
leaf_value=0.09331108714867338 -0.010500147836306439 0.028985635875533673 0.080664865253429835 0.022751734218099728 -0.023984461080843542 0.0048761159481581478 0.023823795183180636 0.054468474839292028 0.021241721933415631 0.056568752490612731 -0.0082215400821167503 0.033438441490093222 -0.0068450592833768703 -0.00055355057566081512
leaf_weight=29.821792893111706 515.64913828670979 51.317152746021748 12.429894760251043 52.899109043180943 877.28487510234118 128.24722238630056 78.822693794965744 239.30531311780214 174.72615408152342 31.424095503985882 202.08871844410896 13.788126237690447 103.47062091529369 68.661544091999531
leaf_count=212 6400 541 93 435 11478 1403 759 1992 1794 296 2419 149 1360 766
internal_value=-0.000204963 0.0244519 0.0352269 0.047513 -0.0176752 0.0209313 0.043591 0.0488238 0.0302862 0.0268738 -0.000593738 -0.00929497 -0.0221851 0.0122161
internal_weight=2579.94 1069.74 747.676 400.849 1510.19 346.827 371.027 292.204 218.58 206.15 322.067 529.437 980.755 119.979
internal_count=30097 10710 6984 3398 19387 3586 3186 2427 2183 2090 3726 6549 12838 1307
is_linear=0
shrinkage=0.03


Tree=8
num_leaves=15
num_cat=0
split_feature=26 5 1 1 23 1 24 25 26 1 25 14 22 24
split_gain=1202.03 274.896 137.766 120.06 92.4619 88.5168 59.4261 50.1609 45.7319 43.4507 38.6524 37.1456 35.2144 31.9134
threshold=10.376897416858283 5.8523499553598173 0.85922275001142612 0.31938365161036392 1.0000000180025095e-35 0.28138929445776611 1.0000000180025095e-35 8.9808128764889315 7.4242844773082313 1.3478912332215944 1.7000000000000008 1.0000000180025095e-35 1.0000000180025095e-35 1.0000000180025095e-35
decision_type=2 2 2 2 2 2 2 2 2 2 2 2 2 2
left_child=1 2 4 -2 5 -1 -4 -5 11 10 -8 -3 -11 -7
right_child=3 8 6 7 -6 13 9 -9 -10 12 -12 -13 -14 -15
leaf_value=-0.010621902244130335 -0.02262125665656476 0.030160301321231722 0.086819804622630115 -0.0066803830866922461 0.0065492633344431221 0.053218293363674028 0.0032253974774464913 0.077763816998059662 -0.0089231434524820897 0.09756315038186282 0.047564345965056855 0.0011952274241049993 0.034682967902498571 0.03327884465631168
leaf_weight=32.185878962278366 988.95008864253759 70.46441887319088 51.820931419730186 621.38623089343309 126.72778572142124 125.48882598429918 24.174210175871849 5.4008576720952979 150.9062132909894 23.135578967630863 66.613314293324947 90.26336545497179 14.399133197963236 192.67121648788452
leaf_count=361 13248 726 362 7553 1326 1074 199 42 1814 155 496 1002 107 1706
internal_value=-0.000275503 0.0261294 0.0371194 -0.0161151 0.0285745 0.0365001 0.0594663 -0.00583004 0.00290751 0.0478341 0.0359219 0.0140017 0.074967 0.0412855
internal_weight=2584.59 968.851 657.217 1615.74 477.074 350.346 180.143 626.787 311.634 128.322 90.7875 160.728 37.5347 318.16
internal_count=30171 9328 5786 20843 4467 3141 1319 7595 3542 957 695 1728 262 2780
is_linear=0
shrinkage=0.03


Tree=9
num_leaves=15
num_cat=0
split_feature=26 5 27 1 26 1 1 25 24 1 26 24 5 26
split_gain=1010.68 277.094 145.065 88.8785 79.415 72.6166 43.0913 41.7369 41.2381 47.9843 41.5783 36.375 34.8542 27.1253
threshold=11.502825688460462 7.2931473397942055 1.0000000180025095e-35 0.46878606728626043 6.8007352543677211 0.37827389022488062 1.6982709730838172 5.5127122824834229 1.0000000180025095e-35 0.52915044160297164 2.7694741309801434 1.0000000180025095e-35 11.004771671212771 6.3067424113298118
decision_type=2 2 2 2 2 2 2 2 2 2 2 2 2 2
left_child=1 2 3 -1 6 -2 8 11 9 -4 -11 -6 -7 -3
right_child=5 13 4 -5 7 12 -8 -9 -10 10 -12 -13 -14 -15
leaf_value=0.017996898974702413 -0.019734961628977799 0.017205066892779702 0.021576340786891499 0.076563837925683317 0.025552320514010112 0.002171317690331854 0.10328163753773358 0.03401060648603476 0.026014718739231963 0.020957757464552352 0.076072924592669205 0.0016466065324546194 -0.027729618955871369 -0.0073123217696175746
leaf_weight=32.699506007134914 1186.6178348213434 47.505173623561859 40.178083799779415 87.319087795913219 82.439271561801434 227.37341450154781 7.4159091114997855 78.169749580323696 229.61060819029808 17.113095037639141 53.877405323088169 183.24480505287647 40.463431186974049 249.32094332575798
leaf_count=300 15968 502 352 578 838 2738 51 734 1969 131 418 1910 510 2963
internal_value=-0.000109011 0.0214543 0.0305114 0.0608876 0.0251632 -0.0165525 0.0352561 0.0148702 0.0334779 0.0485231 0.0632624 0.00913233 -0.00243231 -0.00334387
internal_weight=2563.35 1108.89 812.068 120.019 692.049 1454.45 348.195 343.854 340.779 111.169 70.9905 265.684 267.837 296.826
internal_count=29962 10746 7281 878 6403 19216 2921 3482 2870 901 549 2748 3248 3465
is_linear=0
shrinkage=0.03


Tree=10
num_leaves=15
num_cat=0
split_feature=26 5 23 1 27 1 27 1 0 20 26 1 25 1
split_gain=1050.41 267.364 160.281 106.494 113.04 73.2544 40.5075 35.5425 35.1692 26.6371 23.1822 22.3559 37.1991 22.3442
threshold=11.593532679903918 8.6023252670426249 1.0000000180025095e-35 0.28138929445776611 1.0000000180025095e-35 0.31938365161036392 1.0000000180025095e-35 1.3478912332215944 5.7978444109919947 1.0000000180025095e-35 3.3786052109121671 0.45375752538809788 5.5771855080864023 0.63826547482214491
decision_type=2 2 2 2 2 2 2 2 2 2 2 2 2 2
left_child=1 2 3 -1 -5 -2 -7 9 -4 13 -11 -10 -13 -6
right_child=5 -3 8 4 7 6 -8 -9 11 10 -12 12 -14 -15
leaf_value=-0.0086559779988043366 -0.022037345167589328 -0.0081213601310039449 0.041185877823071509 0.07284554349767372 0.022548215875218172 0.061359754095148419 -0.0088228795843303242 0.07058254132766785 -0.012421975148778273 0.0068487423011191597 0.055025629359831317 0.004865683841842031 0.043383499152430061 0.036688798913144617
leaf_weight=42.982960164546967 927.88200386613607 219.43081194162369 26.753660760819912 81.564474768936634 207.03996270149946 6.5262068435549727 495.27534879744053 23.593216970562935 49.041140802204609 10.635632485151289 70.419372141361237 167.64190181344748 25.14282650500536 210.94912856817245
leaf_count=487 12910 2642 205 505 1923 58 6199 154 534 90 556 1786 217 1765
internal_value=5.66575e-05 0.0215916 0.0287123 0.0367893 0.0400312 -0.0170456 -0.0077899 0.0347808 0.00918532 0.0329504 0.0488646 0.00549001 0.0100871 0.0297552
internal_weight=2564.88 1135.2 915.764 647.185 604.202 1429.68 501.802 522.637 268.58 499.044 81.055 241.826 192.785 417.989
internal_count=30031 10864 8222 5480 4993 19167 6257 4488 2742 4334 646 2537 2003 3688
is_linear=0
shrinkage=0.03


Tree=11
num_leaves=15
num_cat=0
split_feature=1 27 23 20 22 1 23 2 1 20 22 2 23 1
split_gain=829.535 252.967 152.761 141.521 104.562 79.0527 51.0171 50.7408 35.3271 32.9547 30.8786 27.9702 24.5705 18.4313
threshold=0.42145053576964975 1.0000000180025095e-35 1.0000000180025095e-35 1.0000000180025095e-35 1.0000000180025095e-35 0.30444212524264186 1.0000000180025095e-35 2.287428413347619 0.61952128578633037 1.0000000180025095e-35 1.0000000180025095e-35 1.8230735226086292 1.0000000180025095e-35 0.46100501614358619
decision_type=2 2 2 2 2 2 2 2 2 2 2 2 2 2
left_child=3 12 4 5 8 -1 -7 -6 -3 -9 11 -4 -2 -13
right_child=1 2 10 -5 7 6 -8 9 -10 -11 -12 13 -14 -15
leaf_value=-0.021667870856688847 0.072616714540191141 0.027760704962264387 0.068265010132812193 0.032570618144527351 0.027270372301265833 0.0030127099082301054 -0.015407091401521807 -0.0016540992049016514 0.049641783283787079 0.037956729551812805 -0.0078667076531641726 -0.011152828161522065 0.040384720711638886 0.012058325366893335
leaf_weight=877.11902942508459 76.328951850533485 145.73164512962103 5.9705616757273665 54.983880423009396 129.72617530077696 245.96280344575644 299.10616862028837 165.51491121947765 130.87093648314476 20.330357052385807 195.44443299621344 38.805162094533443 36.030560962855816 136.66612799465656
leaf_count=12279 450 1355 44 522 1120 2871 3848 1882 979 162 2269 462 275 1481
internal_value=0.000348867 0.0203029 0.0153242 -0.0142631 0.0248137 -0.0160953 -0.00710485 0.0129486 0.038255 0.00285904 0.000387835 0.00927379 0.0627282 0.00689111
internal_weight=2558.59 1081.42 969.06 1477.17 592.174 1422.19 545.069 315.571 276.603 185.845 376.886 181.442 112.36 175.471
internal_count=29999 10479 9754 19520 5498 18998 6719 3164 2334 2044 4256 1987 725 1943
is_linear=0
shrinkage=0.03


Tree=12
num_leaves=15
num_cat=0
split_feature=26 23 27 1 26 1 22 1 24 1 1 15 27 1
split_gain=873.277 169.145 100.781 66.5957 61.7297 52.7722 47.3522 46.3237 47.9007 34.3919 29.5305 26.9369 25.7723 21.3585
threshold=11.593532679903918 1.0000000180025095e-35 1.0000000180025095e-35 0.32832798628981436 6.2169124169478218 0.53863256292962036 1.0000000180025095e-35 1.2093235006077221 1.0000000180025095e-35 0.28932827928712435 0.45375752538809788 1.0000000180025095e-35 1.0000000180025095e-35 0.37607709246269561
decision_type=2 2 2 2 2 2 2 2 2 2 2 2 2 2
left_child=1 2 5 -2 13 -1 9 8 10 -6 -3 -8 -5 -4
right_child=3 7 4 12 6 -7 11 -9 -10 -11 -12 -13 -14 -15
leaf_value=0.024304923761065609 -0.020842988468717571 -0.011638739543450041 0.0069697885203122128 0.044416234976367125 -0.010904362733161147 0.070786387086044428 6.4255161786523944e-05 0.042294070257861617 -0.0068735519471010368 0.02949254200397125 0.030243207606934042 0.030543875247545253 -0.007780500340336804 0.035882091050289812
leaf_weight=35.197750873863697 943.11446617543697 19.70357109606266 25.820972770452499 7.6981039717793456 20.679518990218639 64.878225639462471 171.82105825841427 23.09100404381752 263.61396889388561 179.70198749005795 58.664097584784031 29.769870266318321 441.43059322237968 259.54070663452148
leaf_count=297 13549 212 232 63 241 354 1860 165 2954 1598 568 306 5547 1966
internal_value=-0.000333099 0.018974 0.0267914 -0.0163174 0.0226337 0.0548406 0.0149983 0.00208576 -0.000744552 0.0252901 0.0196991 0.00469387 -0.00678916 0.0332994
internal_weight=2544.73 1152.48 787.41 1392.24 687.334 100.076 401.972 365.073 341.982 200.382 78.3677 201.591 449.129 285.362
internal_count=29912 10753 6854 19159 6203 651 4005 3899 3734 1839 780 2166 5610 2198
is_linear=0
shrinkage=0.03


Tree=13
num_leaves=15
num_cat=0
split_feature=26 5 1 1 20 24 1 1 25 2 23 23 26 5
split_gain=849.657 192.791 113.894 66.0332 58.5283 50.4845 48.5279 42.9159 36.4326 30.5629 30.4008 30.2621 25.376 24.253
threshold=11.502825688460462 6.6298566138553889 0.70458130582771494 0.29168323035888649 1.0000000180025095e-35 1.0000000180025095e-35 0.27502846667769704 1.3478912332215944 7.0788415722058859 2.3888786073412036 1.5000000000000002 1.0000000180025095e-35 3.9217343102255122 1.0000000180025095e-35
decision_type=2 2 2 2 2 2 2 2 2 2 2 2 2 2
left_child=1 2 4 -2 6 -4 -1 10 -5 -3 -7 -8 -6 -9
right_child=3 9 5 8 12 7 11 13 -10 -11 -12 -13 -14 -15
leaf_value=-0.0195795799256368 -0.022426128356827228 0.0071298945875833452 0.059244495331149699 -0.010244143671904158 0.0070843079664860082 0.029663547038667627 0.021862884411928674 0.078995962819961088 0.041085639879635254 -0.011384777354577992 -0.013874872606999801 0.0039916171390099635 0.04636956160300687 0.030445870408375639
leaf_weight=36.993501201272011 711.09120817482471 185.45451794564724 93.102677993476391 659.58799235522747 18.766574397683144 164.0865706205368 260.0725617185235 24.278011620044708 11.717897348105906 139.87212196737528 15.240533642470835 127.41778230667114 76.854283325374126 17.672451630234718
leaf_count=439 10473 1980 592 8688 145 1219 2221 133 112 1744 141 1342 584 114
internal_value=-0.000176839 0.0187492 0.0263784 -0.0160576 0.0177058 0.0406244 0.0128712 0.0325587 -0.00928838 -0.000840865 0.0259069 0.0160117 0.0388125 0.0597283
internal_weight=2542.21 1159.81 834.485 1382.4 520.105 314.38 424.484 221.278 671.306 325.327 179.327 387.49 95.6209 41.9505
internal_count=29927 10654 6930 19273 4731 2199 4002 1607 8800 3724 1360 3563 729 247
is_linear=0
shrinkage=0.03


Tree=14
num_leaves=15
num_cat=0
split_feature=26 5 1 1 22 25 1 0 26 25 1 12 22 26
split_gain=790.596 195.325 101.375 70.3866 58.6608 57.965 32.3174 29.6479 28.5454 24.92 28.9649 23.3988 22.2797 21.76
threshold=11.502825688460462 6.6298566138553889 0.61952128578633037 0.32075735071869282 1.0000000180025095e-35 4.9704118215061142 0.27689479533621858 10.912607385383046 7.144928271158494 5.0184652829235281 1.3478912332215944 1.0000000180025095e-35 1.0000000180025095e-35 15.694903424508484
decision_type=2 2 2 2 2 2 2 2 2 2 2 2 2 2
left_child=1 2 5 11 9 -1 -7 -5 -3 10 -4 -2 13 -9
right_child=3 8 4 7 -6 6 -8 12 -10 -11 -12 -13 -14 -15
leaf_value=0.0032310251649675338 -0.022579044403226171 0.0088046702578354809 0.033549816192015081 0.069410132811461786 0.020224151072757518 -0.0078893160868987074 0.02850940946946123 0.0029031105700896209 -0.0092327359578211251 0.061663598469145556 0.064414753035178685 -0.0059747479195611372 -0.020863525734068595 -0.011135609452812806
leaf_weight=198.20981775224209 789.41728042811155 130.66839208453894 168.06845963746309 3.5677076503634444 139.58728309720755 23.900993876159191 224.32366491854191 191.49988247454166 196.35127318650484 61.214895375072956 33.93909527361393 85.509382911026478 89.692758336663246 204.8005897551775
leaf_count=1986 11783 1326 1260 24 1064 269 1794 2366 2418 385 181 1266 1154 2691
internal_value=-0.000338751 0.0176772 0.0252557 -0.0158711 0.0361617 0.0153565 0.0249871 -0.00674328 -0.0020206 0.0445049 0.0390272 -0.0209649 -0.00744371 -0.0043616
internal_weight=2540.75 1176.26 849.244 1364.49 402.81 446.434 248.225 489.561 327.02 263.222 202.008 874.927 485.993 396.3
internal_count=29967 10683 6939 19284 2890 4049 2063 6235 3744 1826 1441 13049 6211 5057
is_linear=0
shrinkage=0.03


Tree=15
num_leaves=15
num_cat=0
split_feature=26 3 0 26 26 14 0 25 24 12 0 0 26 3
split_gain=733.178 135.997 75.7168 66.5112 49.1179 43.1911 37.6768 30.1006 32.4861 27.1793 25.9873 22.8256 20.6902 18.8993
threshold=10.468285412936536 1.0000000180025095e-35 6.9494596565161926 16.404115279974544 7.2263405735562207 1.0000000180025095e-35 10.503094714587769 4.7655005609749574 1.0000000180025095e-35 1.0000000180025095e-35 9.588274085153035 4.3583250267383624 2.7694741309801434 1.0000000180025095e-35
decision_type=2 2 2 2 2 2 2 2 2 2 2 2 2 2
left_child=1 2 11 6 5 -3 -2 8 10 -5 -4 -1 -9 -8
right_child=3 4 7 9 -6 -7 13 12 -10 -11 -12 -13 -14 -15
leaf_value=0.07327662841300453 0.069672508825203788 0.027540669677304241 0.049921097904325785 -0.020695093033054307 -0.0087850771582950685 0.00066153417218657313 -0.0040899326961521005 0.0082945562778314174 0.0074893963616272513 -0.0037833725294517144 0.016695484460137883 0.040199452950981866 0.031472674365851876 -0.020804948189943301
leaf_weight=25.95198005437851 4.9282668679952613 99.029252760112286 33.462892509996891 853.08140134066343 160.45379048585892 116.53389251977205 436.82128670811653 41.051071524620056 192.66721548140049 95.604239881038666 59.40856646746397 91.487575404345989 256.55451275408268 69.912037670612335
leaf_count=131 32 830 224 12677 1979 1131 5510 311 1720 1407 540 556 2010 930
internal_value=-0.000454082 0.0183197 0.0261224 -0.0142976 0.00375113 0.0130799 -0.00556496 0.0216285 0.0145859 -0.0189966 0.0290714 0.0480659 0.028314 -0.00643247
internal_weight=2536.95 1076.6 700.584 1460.35 376.017 215.563 511.662 583.144 285.539 948.686 92.8715 117.44 297.606 506.733
internal_count=29988 9432 5492 20556 3940 1961 6472 4805 2484 14084 764 687 2321 6440
is_linear=0
shrinkage=0.03


Tree=16
num_leaves=15
num_cat=0
split_feature=26 5 1 1 20 1 27 23 5 22 24 5 26 1
split_gain=704.49 164.915 103.871 80.4089 53.6674 43.2716 43.1881 36.0661 29.507 26.3375 21.3774 19.2898 21.5229 18.2439
threshold=10.468285412936536 5.8523499553598173 0.32075735071869282 0.85922275001142612 1.0000000180025095e-35 0.27502846667769704 1.0000000180025095e-35 1.0000000180025095e-35 9.8989897959078554 1.0000000180025095e-35 1.0000000180025095e-35 13.244055268850559 14.469623349645081 1.4700506022900977
decision_type=2 2 2 2 2 2 2 2 2 2 2 2 2 2
left_child=1 3 -2 4 5 -1 -4 -7 -3 13 -9 12 -8 -5
right_child=2 8 6 9 -6 7 11 10 -10 -11 -12 -13 -14 -15
leaf_value=-0.018880213467104126 -0.020399286114248183 0.0065977331725715089 0.050472498524923894 0.042359788426271576 0.039094663455721469 0.023381822441875682 0.0026172153481003879 0.020507976399888724 -0.012515730011336096 0.02601577935047129 -0.0047358506404488968 -0.024731552934088765 -0.0094695514690330187 0.06994711616553223
leaf_weight=30.798592127859592 863.62718836218119 210.80806812644005 11.819742053747175 112.5708022415638 101.91345127671957 290.07228852063417 255.08493306487799 46.023380234837532 109.67660050839186 74.146630100905895 83.574560075998306 41.24897488206625 274.35358172655106 30.512199938297272
leaf_count=361 13248 2183 90 667 719 2227 3041 419 1387 481 843 562 3647 149
internal_value=-7.80224e-05 0.0181239 -0.0138017 0.0256454 0.019503 0.0149939 -0.00400181 0.0175188 3.8119e-05 0.0411036 0.00431723 -0.00521636 -0.00365216 0.0486874
internal_weight=2536.23 1090.1 1446.13 769.612 552.382 450.469 582.507 419.67 320.485 217.23 129.598 570.687 529.439 143.083
internal_count=30024 9436 20588 5866 4569 3850 7340 3489 3570 1297 1262 7250 6688 816
is_linear=0
shrinkage=0.03


Tree=17
num_leaves=15
num_cat=0
split_feature=26 5 1 1 23 25 2 23 27 20 23 5 2 26
split_gain=641.149 137.419 88.7553 63.7769 45.4331 41.7537 36.4633 34.771 32.1313 23.6558 22.813 23.6927 21.5071 20.3382
threshold=10.468285412936536 5.8523499553598173 0.31539148167540954 0.53863256292962036 1.0000000180025095e-35 6.8007352543677246 2.640292008958391 1.0000000180025095e-35 1.0000000180025095e-35 1.0000000180025095e-35 1.0000000180025095e-35 11.696794430711252 2.6554111028609331 7.2263405735562207
decision_type=2 2 2 2 2 2 2 2 2 2 2 2 2 2
left_child=1 3 -2 6 8 10 -1 13 -5 -8 11 -4 -10 -3
right_child=2 7 5 4 -6 -7 9 -9 12 -11 -12 -13 -14 -15
leaf_value=-0.00086000961465877701 -0.019766410153991238 0.017398629145906411 0.0051401071419391675 0.05603275326511898 0.01629438872201908 0.038139825422501036 0.013770675159295233 -0.011013151312316434 0.030271130900412252 0.036669827508745027 -0.010968341331597069 -0.021066984798666161 0.075737134442964552 -0.0022578037892315756
leaf_weight=107.23000606894493 823.29383279383183 108.61021106690168 201.21462172269821 64.971433863043785 137.97740987688303 18.922214388847351 133.20181431621313 132.39058136940002 258.13589502871037 58.940365962684155 343.58235271275043 35.680857807397842 9.2511177957057935 83.073234885931015
leaf_count=931 12880 997 2486 310 1171 156 1181 1588 1705 413 4516 489 68 1020
internal_value=-0.000104604 0.0171568 -0.0133781 0.0240491 0.0309373 -0.0045853 0.0131603 0.000763506 0.0369491 0.0209486 -0.00604124 0.00112087 0.0321205 0.00891227
internal_weight=2516.48 1093.78 1422.69 769.708 470.336 599.4 299.372 324.074 332.358 192.142 580.478 236.895 267.387 191.683
internal_count=29911 9384 20527 5779 3254 7647 2525 3605 2083 1594 7491 2975 1773 2017
is_linear=0
shrinkage=0.03


Tree=18
num_leaves=15
num_cat=0
split_feature=1 27 23 25 3 2 24 14 1 1 7 23 1 0
split_gain=570.694 189.418 138.905 52.3376 43.9053 49.6928 42.2119 32.2325 30.2564 29.88 29.4417 23.1846 24.0625 21.963
threshold=0.36903686250029294 1.0000000180025095e-35 1.0000000180025095e-35 6.6846839760853358 1.0000000180025095e-35 2.3888786073412036 1.0000000180025095e-35 1.0000000180025095e-35 0.53863256292962036 0.28692010868224888 1.0000000180025095e-35 1.0000000180025095e-35 0.5650719349139296 10.421612159354236
decision_type=2 2 2 2 2 2 2 2 2 2 2 2 2 2
left_child=3 11 4 9 8 7 13 -6 10 -1 -3 -2 -13 -4
right_child=1 2 6 -5 5 -7 -8 -9 -10 -11 -12 12 -14 -15
leaf_value=-0.021171589824461833 0.055266006527482571 0.020115463904905883 0.038567460218387389 0.0071764927344318439 0.030521922831929608 -0.010639725168572063 -0.0088405469920894743 0.0032917596647068469 0.030003705786731099 -0.010884319104017324 -0.0063408467905795044 -0.009810236276965657 0.040467604041559586 0.0056305516186963053
leaf_weight=646.65767526254058 93.240680627524853 199.58933115750551 20.65786524116993 85.768545649945736 80.094608068466187 88.708811968564987 335.57607520371675 76.114473298192024 254.81997241824865 424.72442207485437 46.160506889224052 11.115098565816877 31.99210911244154 118.1689879372716
leaf_count=10241 480 1825 174 885 668 1165 3885 714 1711 5990 445 94 208 1408
internal_value=0.000166379 0.0133663 0.00959688 -0.0153028 0.017664 0.00721594 -0.00309052 0.0173591 0.0227515 -0.0171074 0.0151405 0.0467759 0.0275751 0.0107724
internal_weight=2513.39 1356.24 1219.89 1157.15 745.488 244.918 474.403 156.209 500.57 1071.38 245.75 136.348 43.1072 138.827
internal_count=29893 12777 11995 17116 6528 2547 5467 1382 3981 16231 2270 782 302 1582
is_linear=0
shrinkage=0.03


Tree=19
num_leaves=15
num_cat=0
split_feature=26 5 27 23 26 12 24 25 26 14 0 5 25 0
split_gain=628.397 162.242 65.7988 61.7396 45.316 36.7775 28.0116 27.6056 19.2403 16.5676 15.8111 13.5156 15.3119 20.986
threshold=11.593532679903918 8.6023252670426249 1.0000000180025095e-35 1.0000000180025095e-35 19.919086299121737 1.0000000180025095e-35 1.0000000180025095e-35 6.9292856680780881 7.7820305833374901 1.0000000180025095e-35 10.818964830333817 5.8523499553598173 7.4148480023863739 13.086252328302406
decision_type=2 2 2 2 2 2 2 2 2 2 2 2 2 2
left_child=1 2 10 8 7 -6 -5 -2 11 -3 -1 12 -4 -14
right_child=4 9 3 6 5 -7 -8 -9 -10 -11 -12 -13 13 -15
leaf_value=0.044371070511305892 -0.0096220986849369031 0.00081235273063869084 0.032195580540043595 0.021705591019174346 -0.022551694219498514 -0.0014986173209655168 -0.0015118500026668682 0.026595152576867558 0.014512298393314827 -0.016044668419192176 0.021672377727441582 0.014761411982497818 -0.0036489670841443932 0.027023553226796105
leaf_weight=112.53870312124491 594.23990746587515 95.490572214126587 255.05704094469547 61.707761913537979 575.55539843812585 85.96028745919466 183.54507272690535 18.622200481593609 209.11491487175226 115.23365168273449 40.666757896542549 85.452730730175972 28.663997024297714 64.351020984351635
leaf_count=609 8332 1151 1616 580 9322 1338 1895 201 1847 1469 310 754 208 455
internal_value=0.000445268 0.0155357 0.0203916 0.0172228 -0.0143787 -0.0198224 0.00439428 -0.00848008 0.0221041 -0.00843808 0.0385256 0.0257243 0.0283657 0.0176331
internal_weight=2526.2 1251.82 1041.1 887.893 1274.38 661.516 245.253 612.862 642.64 210.724 153.205 433.525 348.072 93.015
internal_count=30087 10894 8274 7355 19193 10660 2475 8533 4880 2620 919 3033 2279 663
is_linear=0
shrinkage=0.03


Tree=20
num_leaves=15
num_cat=0
split_feature=26 23 22 1 1 27 26 26 25 12 20 14 25 1
split_gain=580.551 107.981 62.5074 56.209 55.1546 49.5205 32.6819 31.8394 25.8642 22.6149 15.1058 14.5061 14.2226 12.7923
threshold=11.502825688460462 1.0000000180025095e-35 1.0000000180025095e-35 0.31168700282450817 0.28692010868224888 1.0000000180025095e-35 5.1039200620699372 7.3348483283568973 7.2242646353093294 1.0000000180025095e-35 1.0000000180025095e-35 1.0000000180025095e-35 4.9381168164851905 0.43493924158265401
decision_type=2 2 2 2 2 2 2 2 2 2 2 2 2 2
left_child=1 2 3 -1 9 -5 -3 11 -6 -2 13 -4 -9 -7
right_child=4 6 7 5 8 10 -8 12 -10 -11 -12 -13 -14 -15
leaf_value=-0.0037014094883903574 -0.022675753990980152 0.019134847590925635 0.024174669771795658 0.051905842179400981 -0.008866897220662074 0.011555694787574802 -0.0031517442724437101 -0.0028177220674189415 0.034109678736861888 -0.0043876038612202083 0.040070433979096612 0.0081569966624015812 0.024184516674764525 0.026415804787616577
leaf_weight=46.939507812261581 536.80362635105848 72.713708840310574 142.67124198377132 81.400922849774361 646.53291204199195 69.290728598833084 300.24388721585274 134.07105944305658 11.889631547033785 69.234231941401958 58.374007932841778 81.000145353376865 19.179460905492306 242.77529536932707
leaf_count=497 8966 563 1005 395 9099 575 3308 1536 102 1095 376 682 156 1647
internal_value=0.000252944 0.0147569 0.0205088 0.0274732 -0.0140701 0.0307128 0.00123291 0.0112444 -0.00804029 -0.0205972 0.0259286 0.0184362 0.000696515 0.0231637
internal_weight=2513.12 1248.66 875.702 498.78 1264.46 451.841 372.958 376.922 658.423 606.038 370.44 223.671 153.251 312.066
internal_count=30002 10740 6869 3490 19262 2993 3871 3379 9201 10061 2598 1687 1692 2222
is_linear=0
shrinkage=0.03


Tree=21
num_leaves=15
num_cat=0
split_feature=26 22 1 1 24 15 26 1 24 2 12 26 22 19
split_gain=559.566 96.0553 63.3915 57.9523 44.299 33.1069 26.7057 25.6506 22.6336 19.9956 15.7714 17.9984 18.9609 15.7576
threshold=11.502825688460462 1.0000000180025095e-35 0.85922275001142612 0.29628551281153043 1.0000000180025095e-35 1.0000000180025095e-35 6.3067424113298118 0.27918069524646011 1.5000000000000002 2.4812182186070797 1.0000000180025095e-35 18.462529616360232 1.0000000180025095e-35 1.0000000180025095e-35
decision_type=2 2 2 2 2 2 2 2 2 2 2 2 2 2
left_child=1 2 7 -2 -3 6 -6 -1 13 -5 11 12 -11 -9
right_child=3 4 -4 9 5 -7 -8 8 -10 10 -12 -13 -14 -15
leaf_value=-0.0077735018491064938 -0.020318260845759811 0.021932798508044117 0.038063451237272797 0.055815480672911415 0.008431690650921253 0.023190043049356117 -0.0077094121133673716 0.023533994646085497 0.00095963300173625653 -0.0019242709483410364 0.018868524254812696 -0.016893439210280997 -0.017615071216006011 0.0086722911462846896
leaf_weight=35.630738884210587 649.74253692105412 111.27063392847776 163.06004399061203 3.4867279753088942 141.29983325302601 51.951460808515549 261.43488977104425 350.56920852512121 59.002298355102539 323.13292567431927 18.347184926271439 170.48227585107088 87.350011896342039 80.496772192418575
leaf_count=413 10952 919 887 20 1142 432 3030 2708 514 4272 266 2593 1207 642
internal_value=7.24279e-05 0.014227 0.021744 -0.0141068 0.00505676 0.000887795 -0.00203943 0.0166194 0.0184051 -0.00738897 -0.00784905 -0.00872378 -0.00529794 0.0207852
internal_weight=2507.26 1254.72 688.759 1252.54 565.957 454.686 402.735 525.699 490.068 602.799 599.312 580.965 410.483 431.066
internal_count=29997 10687 5164 19310 5523 4604 4172 4277 3864 8358 8338 8072 5479 3350
is_linear=0
shrinkage=0.03


Tree=22
num_leaves=15
num_cat=0
split_feature=26 24 1 1 23 1 25 1 23 12 22 1 22 1
split_gain=491.922 106.008 65.1695 65.0666 62.6956 57.8437 31.3945 31.236 23.1501 21.6048 20.2908 19.4493 18.8829 18.9832
threshold=11.593532679903918 1.0000000180025095e-35 0.32221405553952331 1.3478912332215944 1.0000000180025095e-35 0.78817719028501032 6.1599511781824381 0.61299078603327717 1.0000000180025095e-35 1.0000000180025095e-35 1.0000000180025095e-35 0.25955747681852553 1.0000000180025095e-35 0.44279372864168065
decision_type=2 2 2 2 2 2 2 2 2 2 2 2 2 2
left_child=1 5 9 4 6 11 7 -3 12 -2 -9 -1 13 -4
right_child=2 3 8 -5 -6 -7 -8 10 -10 -11 -12 -13 -14 -15
leaf_value=-0.011593139876233815 -0.020500354462729766 -0.0033438005559028382 0.0037418813657671577 0.041169216833225282 -0.0063270497665122872 0.044951163942889207 0.024647543664046184 0.023973448354704885 -0.0099320702543210394 -0.0039888995824751434 0.0072379402466139732 0.020862545946157111 -0.013551629711737947 0.031675652410587375
leaf_weight=17.090537406504154 697.93302930518985 157.75835212692618 109.18112175166607 47.204572901129723 277.89715210348368 105.4182180762291 119.66976681351662 101.49966204166412 271.30075462162495 80.037353239953518 183.00332904607058 269.1281573176384 41.330557830631733 26.500566311180592
leaf_count=194 11904 1550 1424 244 3068 597 818 623 3708 1283 1656 2107 563 294
internal_value=6.16081e-06 0.0130204 -0.0135636 0.00726593 0.00531361 0.0260023 0.0110714 0.00735056 -0.00443961 -0.018809 0.0132716 0.018891 0.003987 0.00938958
internal_weight=2504.95 1278.67 1226.28 887.033 839.828 391.637 561.931 442.261 448.313 777.97 284.503 286.219 177.012 135.682
internal_count=30033 10857 19176 7959 7715 2898 4647 3829 5989 13187 2279 2301 2281 1718
is_linear=0
shrinkage=0.03


Tree=23
num_leaves=15
num_cat=0
split_feature=0 23 27 1 20 1 25 25 1 24 1 1 14 1
split_gain=436.502 116.923 63.8596 51.864 35.8762 41.813 38.0418 35.7166 35.2417 31.3477 24.8267 23.0798 21.9673 19.8127
threshold=17.673284909709121 1.0000000180025095e-35 1.0000000180025095e-35 0.28352956704940802 1.0000000180025095e-35 0.78817719028501032 4.3179856026612091 4.6097722286464462 1.2093235006077221 1.0000000180025095e-35 0.42145053576964975 0.46100501614358619 1.0000000180025095e-35 0.38055726864568074
decision_type=2 2 2 2 2 2 2 2 2 2 2 2 2 2
left_child=1 2 10 -2 5 6 13 -5 9 11 -1 -3 -7 -4
right_child=3 8 4 7 -6 12 -8 -9 -10 -11 -12 -13 -14 -15
leaf_value=0.0093960470435454514 -0.02086378050545544 -0.0081692481343747913 -0.016185599804822433 -0.011956975427722883 0.030899180548150565 0.028514477896188956 0.017568253051074231 0.0067833243302842638 0.030628653880093979 -0.0080581555797325458 0.044075621202585701 0.017794555212557971 0.0088744427478882979 0.0039494678550499257
leaf_weight=23.759396266192198 544.98700310662389 45.881346225738525 51.175144977867603 380.66979831457138 99.125735878944397 159.44442392140627 191.61147816106677 119.67817601189017 28.748462952673435 328.52243553102016 96.085204638540745 89.932555735111237 77.088420391082764 279.16929245740175
leaf_count=213 9496 555 670 5778 661 987 1574 1437 172 3844 450 857 611 2884
internal_value=0.000347238 0.01088 0.0168831 -0.0144661 0.0139849 0.0117367 0.00697168 -0.0074699 -0.00103033 -0.00305204 0.037335 0.00902773 0.0221779 0.000790819
internal_weight=2515.88 1470.54 977.459 1045.33 857.614 758.489 521.956 500.348 493.085 464.336 119.845 135.814 236.533 330.344
internal_count=30189 13478 8050 16711 7387 6726 5128 7215 5428 5256 663 1412 1598 3554
is_linear=0
shrinkage=0.03


Tree=24
num_leaves=15
num_cat=0
split_feature=26 23 1 27 0 26 1 20 14 25 1 14 1 23
split_gain=446.974 79.7161 50.3954 45.4703 30.881 30.4666 24.2293 22.2482 19.4701 17.6098 16.0475 16.7089 16.0174 14.2044
threshold=12.381639618123458 1.0000000180025095e-35 0.32075735071869282 1.0000000180025095e-35 5.7978444109919947 7.693178735060707 0.27689479533621858 1.0000000180025095e-35 1.0000000180025095e-35 8.6298897966301116 0.48611621525110599 1.0000000180025095e-35 0.43189730480843685 1.5000000000000002
decision_type=2 2 2 2 2 2 2 2 2 2 2 2 2 2
left_child=1 3 -2 6 13 10 -1 -7 12 -4 -5 -12 -6 -3
right_child=2 4 9 5 8 7 -8 -9 -10 -11 11 -13 -14 -15
leaf_value=-0.0073734933434825003 -0.018698759853490492 0.038610820016667262 -0.0061420151855353213 0.0077095187295872763 -0.013060837906087584 0.0039002691134293267 0.037130048684393409 0.028236083147905586 -0.010486653711394482 0.050194584064924865 0.025372822737162098 0.01178303139426814 0.0072680441650530038 -0.0055727991276000345
leaf_weight=11.843182545155285 737.43846409022808 24.863320477306843 394.41236616298556 102.62049566954374 42.101427476853132 302.41839534416795 114.00418599694967 37.143993370234966 150.40287483856082 4.0670509338378897 265.5772410184145 121.3118654564023 182.70468827337027 8.460003584623335
leaf_count=134 12928 149 5388 751 490 3139 551 274 1784 23 1661 933 1842 54
internal_value=-0.000164782 0.0114113 -0.0140575 0.0161517 0.000318434 0.0135703 0.0329168 0.0066374 -0.00216762 -0.00544281 0.0183562 0.021153 0.00341989 0.0275581
internal_weight=2499.37 1363.45 1135.92 954.919 408.532 829.072 125.847 339.562 375.209 398.479 489.51 386.889 224.806 33.3233
internal_count=30101 11762 18339 7443 4319 6758 685 3413 4116 5411 3345 2594 2332 203
is_linear=0
shrinkage=0.03


Tree=25
num_leaves=15
num_cat=0
split_feature=26 22 1 1 26 1 23 25 12 25 27 3 26 12
split_gain=443.319 67.3107 62.3889 44.9049 33.7947 27.0462 25.8279 24.7819 21.6295 18.9655 16.3635 16.2859 23.865 14.6318
threshold=10.935721197917024 1.0000000180025095e-35 0.28807258006036091 0.91620106859913608 6.3067424113298118 0.25853099242519068 1.0000000180025095e-35 5.5771855080864023 1.0000000180025095e-35 8.9808128764889315 1.0000000180025095e-35 1.0000000180025095e-35 15.930630853306512 1.0000000180025095e-35
decision_type=2 2 2 2 2 2 2 2 2 2 2 2 2 2
left_child=1 3 8 5 -3 -1 10 -6 -2 11 -7 12 -4 -14
right_child=2 4 9 -5 7 6 -8 -9 -10 -11 -12 -13 13 -15
leaf_value=-0.016088780632690473 -0.022209370836484561 0.01351443698018898 0.00038324951439203212 0.03351520991276935 -0.003741855441659908 0.03699142301245871 0.0049659830543605198 0.030181031167511599 -0.0039191506975743279 0.038898791972763774 0.017827800274796204 -0.023270480431374217 -0.012915474115706505 0.01241314614746465
leaf_weight=23.674435928463936 505.69397370144725 228.31814505159855 293.469861343503 147.03592274338007 300.64659117907286 46.210472300648689 135.50912855565548 19.714941628277302 66.283267833292484 7.1392692551016799 323.99681153148413 51.687336303293705 317.11412193253636 21.169354125857353
leaf_count=274 9203 1680 3727 753 3364 234 1278 140 1112 47 2254 751 4934 316
internal_value=-0.000308891 0.0125424 -0.012779 0.0188695 0.004722 0.0147463 0.0162187 -0.00156683 -0.0201004 -0.00669481 0.0203131 -0.00722723 -0.00587993 -0.0112985
internal_weight=2487.66 1225.11 1262.56 676.427 548.68 529.391 505.716 320.362 571.977 690.58 370.207 683.441 631.753 338.283
internal_count=30067 9977 20090 4793 5184 4040 3766 3504 10315 9775 2488 9728 8977 5250
is_linear=0
shrinkage=0.03


Tree=26
num_leaves=15
num_cat=0
split_feature=26 5 1 1 24 1 1 15 23 12 14 0 26 22
split_gain=415.02 92.5999 55.7032 47.7304 29.7261 24.7737 23.0175 22.7199 22.0823 21.1728 19.2122 18.2472 17.6728 16.6362
threshold=11.593532679903918 5.5090831092938473 0.28692010868224888 0.53408299101214773 1.0000000180025095e-35 0.25660135633421699 0.69672816220633726 1.0000000180025095e-35 1.0000000180025095e-35 1.0000000180025095e-35 1.0000000180025095e-35 9.774200731240331 6.0054138631358471 1.0000000180025095e-35
decision_type=2 2 2 2 2 2 2 2 2 2 2 2 2 2
left_child=1 3 9 5 -5 -1 -3 -7 -6 -2 -8 -4 -10 -13
right_child=2 6 11 4 8 7 10 -9 12 -11 -12 13 -14 -15
leaf_value=-0.014747664234290473 -0.021609456307807435 -0.0099887408880752881 0.054404101550254012 0.032361653396993179 0.022611202793566959 0.0077453049803483283 0.015133617087035192 0.027004549831934101 0.019746208699525349 -0.0031315015311148067 -0.0024380603382113089 -0.0047222221290221661 -0.0040720257716195139 -0.01832865435991788
leaf_weight=35.030592389404774 487.33413663133979 145.2291872240603 3.4230943769216529 189.52130482345819 242.71875621378422 295.60135108232498 98.734303705394268 67.239244297146797 49.138058096170425 63.430778685957193 127.17623391747475 527.61517990380526 62.978685811161995 94.831786312162876
leaf_count=416 9081 1836 16 1113 1417 2423 866 473 335 1068 1358 7712 633 1391
internal_value=0.000395128 0.0119835 -0.0125391 0.0169784 0.0227482 0.00904721 -0.00070889 0.0113787 0.017537 -0.0194909 0.0052745 -0.00640016 0.00644921 -0.00682128
internal_weight=2490 1313.37 1176.63 942.228 544.357 397.871 371.14 362.841 354.836 550.765 225.911 625.87 112.117 622.447
internal_count=30138 10870 19268 6810 3498 3312 4060 2896 2385 10149 2224 9119 968 9103
is_linear=0
shrinkage=0.03


Tree=27
num_leaves=15
num_cat=0
split_feature=26 5 1 1 24 1 23 25 5 1 23 5 25 0
split_gain=380.127 87.6668 46.7378 42.7171 39.1212 40.5222 31.7199 20.1896 20.0064 19.3716 16.1626 17.7735 13.9882 12.9295
threshold=11.76435293588219 8.6023252670426249 0.32832798628981436 1.3478912332215944 1.0000000180025095e-35 0.45375752538809788 1.0000000180025095e-35 8.9808128764889315 3.9050946122689383 0.28692010868224888 1.0000000180025095e-35 13.383198374969593 6.453681120105025 28.167623246591749
decision_type=2 2 2 2 2 2 2 2 2 2 2 2 2 2
left_child=1 3 13 4 5 -1 9 10 -5 -6 11 -4 -3 -2
right_child=2 12 7 8 6 -7 -8 -9 -10 -11 -12 -13 -14 -15
leaf_value=0.0066443845841825935 -0.014016966050208482 -0.0079604711849196787 0.005518936021580708 0.044951845676072084 -0.01261351449565843 0.027885078329034786 -0.0016028849246235426 0.052974693890383048 0.00720010636079232 0.01398147477421129 -0.010115695633530706 -0.028229524058978658 0.037513983574479465 -0.022280923816516512
leaf_weight=123.47556868568063 461.72953158989549 209.3467813692987 143.0253963842988 55.593125715851784 25.288976185023785 237.40569968521595 200.23275314643979 4.4469602704048148 16.817542687058449 460.63889122381806 238.7124909311533 14.567484647035597 5.2920932918786994 279.65455574169755
leaf_count=1017 8247 2653 1845 250 299 1499 2036 22 92 3178 3357 227 47 5248
internal_value=-4.48332e-06 0.0108675 -0.0127021 0.0142331 0.0126667 0.020656 0.00844088 -0.00443284 0.0364014 0.0125743 -0.00520872 0.00224098 -0.00667049 -0.01716
internal_weight=2476.23 1334.09 1142.14 1119.45 1047.04 360.881 686.161 400.752 72.4107 485.928 396.305 157.593 214.639 741.384
internal_count=30017 11071 18946 8371 8029 2516 5513 5451 342 3477 5429 2072 2700 13495
is_linear=0
shrinkage=0.03


Tree=28
num_leaves=15
num_cat=0
split_feature=26 27 23 1 1 25 1 15 3 0 26 3 12 12
split_gain=374.493 69.6636 51.855 50.3702 25.2488 24.8573 21.2604 21.5596 19.6749 20.4313 17.9916 15.4298 13.3315 12.787
threshold=11.593532679903918 1.0000000180025095e-35 1.0000000180025095e-35 0.28692010868224888 0.25248786934821604 6.8007352543677246 0.28138929445776611 1.0000000180025095e-35 1.0000000180025095e-35 7.7524189773257275 4.2432298609519377 1.0000000180025095e-35 1.0000000180025095e-35 1.0000000180025095e-35
decision_type=2 2 2 2 2 2 2 2 2 2 2 2 2 2
left_child=1 4 6 12 -1 13 -3 8 -8 -10 -4 -12 -2 -5
right_child=3 2 10 5 -6 -7 7 -9 9 -11 11 -13 -14 -15
leaf_value=-0.015067199378573566 -0.021486997176343101 -0.01128124896936691 0.017214777981721625 -0.0089446648075243492 0.031205471228349442 0.028691065031036012 0.014082193328722951 0.023566319859967377 0.015096379389925771 -0.0050184334249208659 0.0015001843024220307 -0.012159711278741695 -0.0064784428107548947 0.013682937913136592
leaf_weight=10.775723256170748 461.42843691259623 33.122849151492119 38.022801026701927 579.72361228242517 162.28701082617044 16.0539530813694 442.25612767785788 141.78373178839684 71.892450585961342 119.81859534978867 171.0370824560523 130.49073331803083 61.414280224591494 22.519447308033705
leaf_count=126 8906 381 280 8635 843 146 2907 1004 512 1396 1693 1653 1055 338
internal_value=-0.000307991 0.0105597 0.00787091 -0.0128914 0.0282543 -0.00707781 0.011997 0.0130042 0.0106086 0.0025639 -0.00196456 -0.004432 -0.0197398 -0.00807728
internal_weight=2462.63 1321.49 1148.42 1141.14 173.063 618.297 808.874 775.751 633.967 191.711 339.551 301.528 522.843 602.243
internal_count=29875 10795 9826 19080 969 9119 6200 5819 4815 1908 3626 3346 9961 8973
is_linear=0
shrinkage=0.03


Tree=29
num_leaves=15
num_cat=0
split_feature=1 27 23 25 3 1 24 0 14 7 1 0 20 12
split_gain=318.231 88.8778 66.477 48.2267 30.0583 30.3394 28.8231 21.6455 19.9104 16.4749 15.6613 14.9763 13.3278 12.6376
threshold=0.36903686250029294 1.0000000180025095e-35 1.0000000180025095e-35 6.3509841635015691 1.0000000180025095e-35 0.61952128578633037 1.0000000180025095e-35 28.167623246591749 1.0000000180025095e-35 1.0000000180025095e-35 0.50488048621865034 5.7978444109919947 1.0000000180025095e-35 1.0000000180025095e-35
decision_type=2 2 2 2 2 2 2 2 2 2 2 2 2 2
left_child=3 -2 4 7 9 -6 -4 -1 -7 12 -11 -8 -3 -9
right_child=1 2 6 -5 5 8 11 13 -10 10 -12 -13 -14 -15
leaf_value=-0.012174404758611163 0.029973367789670226 0.015853097007349354 0.008704073811108019 0.0068584808222572902 -0.015277975621854839 0.017891315712605865 0.014837870538045306 -0.025498866855775182 -0.0011393610893849974 -0.0097569837983630617 0.012822094479984798 -0.0092829609755979824 0.030180307846963121 -0.0077843544958605109
leaf_weight=667.94453291594982 159.70037703961134 347.77019699662924 140.12717519700527 99.556199260056019 60.994685512036085 102.22581177949905 24.164143979549408 212.85979977995157 94.80972695350647 38.650499150156975 91.120485804975033 306.85207154974341 71.57568670809269 44.982204627245665
leaf_count=11090 807 2630 1555 1021 825 822 154 4241 913 364 552 3789 417 779
internal_value=-0.000162504 0.00894029 0.0062912 -0.012925 0.0115131 0.00305188 -0.00266024 -0.0150575 0.00877461 0.0154763 0.00607404 -0.00748276 0.0183645 -0.0224505
internal_weight=2463.33 1437.99 1278.29 1025.34 807.147 258.03 471.143 925.787 197.036 549.117 129.771 331.016 419.346 257.842
internal_count=29959 12828 12021 17131 6523 2560 5498 16110 1735 3963 916 3943 3047 5020
is_linear=0
shrinkage=0.03


Tree=30
num_leaves=15
num_cat=0
split_feature=26 5 1 1 23 1 27 5 23 12 1 2 26 12
split_gain=312.274 82.216 55.2223 36.7564 34.1519 27.432 24.6428 20.1057 21.742 16.8822 16.4133 16.3052 13.3109 12.4123
threshold=10.935721197917024 8.7464278422679502 0.31539148167540954 1.6982709730838172 1.0000000180025095e-35 0.28138929445776611 1.0000000180025095e-35 13.244055268850559 1.0000000180025095e-35 1.0000000180025095e-35 0.35174857533255816 3.378325633901397 2.7694741309801434 1.0000000180025095e-35
decision_type=2 2 2 2 2 2 2 2 2 2 2 2 2 2
left_child=1 3 9 4 5 -1 -7 8 -4 11 -6 -2 -8 -10
right_child=2 -3 7 -5 10 6 12 -9 13 -11 -12 -13 -14 -15
leaf_value=-0.0092042314955920988 -0.01520230195540858 -0.0088480769151222556 0.0045999079147707213 0.047820029600297846 -0.026038933372666027 0.030191074315128068 0.00095525513937958016 -0.026225728884932315 -0.0093383176546372494 -0.0035279046209531549 0.0046645525554646723 -0.025639881133623633 0.015662224215661769 0.021607205980962205
leaf_weight=38.813792556524277 383.90295030921698 181.90044771879911 206.80705376341939 25.605131357908249 15.710888169705866 101.56448185443878 61.36548388004303 34.450053803622723 281.65794732049108 71.814813449978828 252.63489361107349 214.13288607448339 580.55322612822056 11.24148018658161
leaf_count=440 7234 2296 2591 112 177 462 352 542 4009 1236 2302 4350 3832 158
internal_value=-0.000679276 0.00976848 -0.0115959 0.0129202 0.012025 0.0151897 0.0164739 -0.0043891 -0.0028343 -0.0173277 0.00277695 -0.0189761 0.01426 -0.00808115
internal_weight=2462.16 1258.15 1204.01 1076.25 1050.64 782.297 743.483 534.157 499.706 669.851 268.346 598.036 641.919 292.899
internal_count=30093 9973 20120 7677 7565 5086 4646 7300 6758 12820 2479 11584 4184 4167
is_linear=0
shrinkage=0.03


Tree=31
num_leaves=15
num_cat=0
split_feature=26 27 24 26 25 26 25 12 2 26 23 2 26 22
split_gain=295.803 71.0111 43.9209 43.2182 32.2484 29.1119 25.8187 17.5599 15.4329 15.7693 14.9497 16.5342 11.4858 10.9877
threshold=13.341101891671547 1.0000000180025095e-35 1.0000000180025095e-35 7.144928271158494 4.8046851852396566 21.023796041628639 6.9292856680780881 1.0000000180025095e-35 2.0547360166241706 3.9217343102255122 1.5000000000000002 1.5411910645623199 2.5268540104797461 1.0000000180025095e-35
decision_type=2 2 2 2 2 2 2 2 2 2 2 2 2 2
left_child=1 13 8 10 -5 6 -2 -7 9 -3 11 -4 -10 -1
right_child=5 2 3 4 -6 7 -8 -9 12 -11 -12 -13 -14 -15
leaf_value=0.029231396866759254 -0.0091056241564391859 0.016755841267488972 0.046568164955865667 -0.0077841952319107725 0.010615030211526544 -0.020885445325384926 0.035623733910544103 -0.0053804349437595192 -0.013014519790025547 0.057106183266242699 -0.012391915709560972 0.0095564609091398529 0.013119383968165836 0.010362615885887135
leaf_weight=144.49237381666899 463.56981734931469 25.352293357253075 10.27296833693981 402.43382885679603 107.94125786796212 415.89919062703848 10.945641070604323 79.039384290575981 15.091027885675429 13.427437111735342 26.275451108813286 375.98310919106007 329.30945570394397 36.15467357262969
leaf_count=770 7426 124 47 4807 952 8320 136 1345 97 70 254 2702 2821 228
internal_value=-0.000451479 0.00795374 0.00550467 0.00195431 -0.00387972 -0.0133365 -0.00800111 -0.0184252 0.0140285 0.0318114 0.00916397 0.0106585 0.0119399 0.0255328
internal_weight=2456.19 1486.73 1306.09 922.907 510.375 969.454 474.515 494.939 383.18 38.7797 412.532 386.256 344.4 180.647
internal_count=30099 12872 11874 8762 5759 17227 7562 9665 3112 194 3003 2749 2918 998
is_linear=0
shrinkage=0.03


Tree=32
num_leaves=15
num_cat=0
split_feature=26 23 26 27 12 2 5 18 26 2 23 22 2 12
split_gain=283.707 51.6078 50.6188 30.2702 28.2238 23.5647 19.3816 18.2907 13.9777 13.7825 12.3638 11.5602 15.4807 12.0018
threshold=10.468285412936536 1.0000000180025095e-35 20.890548101609948 1.0000000180025095e-35 1.0000000180025095e-35 2.4715786742669112 7.9400881544769044 1.0000000180025095e-35 6.7018653185239723 2.4283337354904213 1.5000000000000002 1.0000000180025095e-35 2.8651615286539047 1.0000000180025095e-35
decision_type=2 2 2 2 2 2 2 2 2 2 2 2 2 2
left_child=1 3 5 -1 -4 -2 -5 8 10 -10 -3 12 -7 -14
right_child=2 7 4 6 -6 11 -8 -9 9 -11 -12 -13 13 -15
leaf_value=0.027702130609275493 0.041854450911941239 0.032572761998720515 -0.020545956753778113 0.014111138387954901 -0.00086359108041844863 0.0051020163417801251 0.0011373495196013886 -0.00390913523441902 -0.023697446445058546 0.011817189334093146 -0.0025286246672142636 -0.012730933788337067 -0.0069730945679426885 0.03497679209537622
leaf_weight=128.98085395991802 8.556806840002535 33.322777584195137 412.2388322353363 625.31846398115158 78.043213330209255 138.86072671413422 124.40152342617512 240.75001040101051 14.112237617373465 27.16289546340704 12.070284485816954 158.58803076297045 426.72089596837759 5.2511568740010253
leaf_count=647 47 219 8389 4017 1332 1667 1389 2561 120 268 84 2393 6671 71
internal_value=0.000186972 0.0105176 -0.00995777 0.014302 -0.017421 -0.0049826 0.0119628 0.000348912 0.0120867 -0.000598819 0.0233858 -0.00558859 -0.00358553 -0.00638354
internal_weight=2434.38 1206.12 1228.26 878.701 490.282 737.978 749.72 327.418 86.6682 41.2751 45.3931 729.421 570.833 431.972
internal_count=29875 9305 20570 6053 9721 10849 5406 3252 691 388 303 10802 8409 6742
is_linear=0
shrinkage=0.03


Tree=33
num_leaves=15
num_cat=0
split_feature=26 22 1 1 27 14 1 23 23 12 1 26 0 1
split_gain=282.411 68.2044 46.1946 42.5535 36.1084 28.2385 26.5021 21.9799 15.8807 13.4727 13.1551 17.2407 12.995 12.4448
threshold=12.061509026651688 1.0000000180025095e-35 0.28692010868224888 0.36903686250029294 1.0000000180025095e-35 1.0000000180025095e-35 1.055093710406392 1.5000000000000002 1.0000000180025095e-35 1.0000000180025095e-35 1.6982709730838172 1.7117242768623686 12.986723988864254 0.19117773690915182
decision_type=2 2 2 2 2 2 2 2 2 2 2 2 2 2
left_child=1 3 9 -1 -5 6 -3 10 12 -2 11 -6 -4 -11
right_child=2 5 8 4 7 -7 -8 -9 -10 13 -12 -13 -14 -15
leaf_value=-0.0017825089036454921 -0.020517027378005939 0.0034714436266698821 0.053137964111297918 0.0319410907962265 -0.021294398816571684 -0.006126338294414546 0.02716006612110956 -0.006813862083475496 -0.0099443648330912546 0.024112156972329411 0.053299770329293908 0.016010848243348016 -0.00060386651141782497 -0.011300889056265334
leaf_weight=121.13459745049477 421.94919843971729 298.35790048912168 3.1271003708243361 126.42714004963636 10.583785347640513 264.73699376732111 48.653040565550327 41.173755675554276 343.41429033130407 9.7395385764539224 7.4591387808322898 486.00730618089437 214.33773195371032 52.88728715851903
leaf_count=1158 8864 2729 18 594 59 2860 265 387 5443 171 32 3409 3150 929
internal_value=-1.50603e-05 0.00876996 -0.0118145 0.0145716 0.0175193 0.00123997 0.00686123 0.0141228 -0.00593671 -0.0185917 0.0158432 0.0151746 0.000408626 -0.00550115
internal_weight=2449.99 1404.53 1045.46 792.786 671.651 611.748 347.011 545.224 560.879 484.576 504.05 496.591 217.465 62.6268
internal_count=30068 11493 18575 5639 4481 5854 2994 3887 8611 9964 3500 3468 3168 1100
is_linear=0
shrinkage=0.03


Tree=34
num_leaves=15
num_cat=0
split_feature=26 24 23 26 12 26 25 0 27 0 3 0 0 26
split_gain=272.048 60.4735 41.943 34.8026 26.1756 23.8105 18.8863 15.3697 13.1299 12.0053 11.1661 10.9502 9.51236 8.91902
threshold=12.061509026651688 1.0000000180025095e-35 1.0000000180025095e-35 20.778113485107355 1.0000000180025095e-35 7.3348483283568973 4.0404184486767258 9.6886531021962465 1.0000000180025095e-35 7.2242646353093329 1.0000000180025095e-35 4.3583250267383624 11.890331939612834 3.9217343102255122
decision_type=2 2 2 2 2 2 2 2 2 2 2 2 2 2
left_child=1 7 5 8 -5 11 -7 -1 -2 10 -4 -3 -8 -9
right_child=3 2 9 4 -6 6 12 13 -10 -11 -12 -13 -14 -15
leaf_value=0.025370574567473957 0.024532220973926693 0.034438491364866576 0.02003999778811685 -0.020484702817856817 -0.0014622390038337969 -0.0043869832658295655 0.041966404535791306 0.0001779929487510681 -0.0070980656620925064 -0.0078931742726468159 -0.0046396777951010571 0.012305845530871632 0.0087901556075505507 0.015714721443370199
leaf_weight=158.74327328801155 11.116532918065785 20.736923292279243 29.169169686734676 406.62209559231997 77.669491190463305 166.49543004482985 7.4873823225498191 38.57471752166748 542.78228813409805 237.77172764018178 35.757181569933891 357.8603822439909 111.38578023388982 241.12437221035361
leaf_count=845 118 91 171 8545 1335 1797 37 256 8658 2848 307 2275 920 1948
internal_value=6.56444e-05 0.00866795 0.00446779 -0.011574 -0.0174432 0.00868306 0.00212759 0.0178971 -0.00642019 -0.00477651 0.00658384 0.0136056 0.0112125 0.0135802
internal_weight=2443.3 1405.11 966.664 1038.19 484.292 663.966 285.369 438.442 553.899 302.698 64.9264 378.597 118.873 279.699
internal_count=30151 11495 8446 18656 9880 5120 2754 3049 8776 3326 478 2366 957 2204
is_linear=0
shrinkage=0.03


Tree=35
num_leaves=15
num_cat=0
split_feature=1 5 23 25 27 1 12 1 24 25 23 24 7 1
split_gain=242.332 84.9376 57.4275 36.0881 32.669 25.283 22.008 19.677 20.8645 17.4146 17.2333 17.0867 24.3572 14.9877
threshold=0.36903686250029294 9.8989897959078554 1.0000000180025095e-35 4.187481300683026 1.0000000180025095e-35 0.27918069524646011 1.0000000180025095e-35 0.45720305183730386 1.0000000180025095e-35 6.453681120105025 1.5000000000000002 1.5000000000000002 1.0000000180025095e-35 1.3478912332215944
decision_type=2 2 2 2 2 2 2 2 2 2 2 2 2 2
left_child=3 2 4 6 -2 -5 -1 -4 -9 -3 -10 12 -6 -13
right_child=1 9 7 5 11 -7 -8 8 10 -11 -12 13 -14 -15
leaf_value=-0.01731089848508648 0.029974942301562307 -0.015120191200697011 -0.0083664520888221978 -0.013057120432922393 0.017846355029907359 0.0041533173778805178 -0.00017497304743494126 0.017492708076979984 0.005813311486407389 0.041410980801604498 -0.012537926257636174 0.00073471891811786492 0.0027363937661138518 0.04075333975408358
leaf_weight=579.88753327727318 113.19466406852007 145.89886644110084 124.40854026377201 129.87513321638107 487.2452130317688 185.17937211692333 76.339296717196703 93.483350783586502 164.79073455929756 4.1325863525271407 62.773398883640766 133.45393408834934 120.02188568562269 7.9931537806987754
leaf_count=11277 493 2101 1668 2381 3441 2229 1306 795 1652 33 675 1084 818 38
internal_value=0.000282826 0.00801701 0.0104715 -0.0113185 0.0149875 -0.00296022 -0.0153208 0.00171966 0.00564195 -0.0132992 0.000718429 0.0126846 0.0148694 0.00326638
internal_weight=2428.68 1457.4 1307.36 971.281 861.909 315.055 656.227 445.456 321.047 150.031 227.564 748.714 607.267 141.447
internal_count=29991 12798 10664 17193 5874 4610 12583 4790 3122 2134 2327 5381 4259 1122
is_linear=0
shrinkage=0.03


Tree=36
num_leaves=15
num_cat=0
split_feature=26 24 1 1 23 1 24 12 1 3 23 1 1 15
split_gain=252.581 45.6933 37.1129 35.8327 27.2985 22.9588 22.691 17.4832 16.0297 15.8416 15.5047 17.0381 14.7674 12.8152
threshold=11.502825688460462 1.0000000180025095e-35 1.3478912332215944 0.32832798628981436 1.0000000180025095e-35 0.85922275001142612 1.5000000000000002 1.0000000180025095e-35 0.28029696867696757 1.0000000180025095e-35 1.0000000180025095e-35 0.44279372864168065 0.25754956686234737 1.0000000180025095e-35
decision_type=2 2 2 2 2 2 2 2 2 2 2 2 2 2
left_child=1 5 4 7 6 12 8 -2 -3 10 11 -5 -1 -10
right_child=3 2 -4 9 -6 -7 -8 -9 13 -11 -12 -13 -14 -15
leaf_value=-0.013491214051910592 -0.016857174518186191 -0.01567897264781256 0.029148758860286804 -0.00015756306713032769 -0.0046441278718872521 0.029505312527320311 -0.0032734450463088919 -0.0011984456802492361 0.0087775267266839204 -0.02351294582670508 -0.0070919380440096474 0.023628941137523903 0.014360891124260455 0.021661971858488598
leaf_weight=17.338497720658779 588.6077921167016 19.838070146739483 52.42070583999157 118.60243790969253 265.09051197767258 96.829861178994179 149.55825743824244 72.189348738640547 355.73499806970358 32.824942413717508 223.51103245466948 34.124630816280842 319.68942829966545 86.47521510720253
leaf_count=199 12308 240 241 1565 3000 462 1268 1253 2560 538 3272 368 2198 592
internal_value=6.95098e-05 0.00863098 0.00486816 -0.0108355 0.00338478 0.0166594 0.00686668 -0.0151509 0.0101489 -0.00384436 -0.00207059 0.00527632 0.0128924 0.0113403
internal_weight=2432.84 1362.98 929.118 1069.86 876.697 433.858 611.607 660.797 462.048 409.063 376.238 152.727 337.028 442.21
internal_count=30064 10760 7901 19304 7660 2859 4660 13561 3392 5743 5205 1933 2397 3152
is_linear=0
shrinkage=0.03


Tree=37
num_leaves=15
num_cat=0
split_feature=26 5 26 12 15 2 22 0 25 24 5 24 25 24
split_gain=231.725 56.0457 36.4978 23.1827 19.7921 18.9751 18.4923 20.5734 17.1001 15.1123 14.3761 13.5216 11.583 11.481
threshold=11.502825688460462 5.8523499553598173 18.462529616360232 1.0000000180025095e-35 1.0000000180025095e-35 2.4092586143034018 1.0000000180025095e-35 16.520139218356849 6.453681120105025 1.0000000180025095e-35 9.8989897959078554 1.0000000180025095e-35 1.8411932612718009 1.5000000000000002
decision_type=2 2 2 2 2 2 2 2 2 2 2 2 2 2
left_child=1 4 6 -4 5 9 7 11 10 -1 -3 -2 -11 -7
right_child=2 8 3 -5 -6 13 -8 -9 -10 12 -12 -13 -14 -15
leaf_value=0.023757810209280673 0.024253398577776576 0.001489418083965277 -0.017879472465742514 -0.00071067757648280079 0.022120373070854793 0.0078623488920377994 -0.016009111363426407 -0.0050823445932971795 0.038115825871292093 -5.5760426331736334e-05 -0.011155706550425529 0.00057920499927788 0.014638888944702222 -0.006269088911153041
leaf_weight=123.27999427169561 39.420526698231697 225.16267766803503 504.22145912796259 82.413702253252268 143.40776049345732 435.66991456225514 94.631458483636379 287.54169757664204 8.3267317563295347 64.856855280697346 125.13549973443151 47.023080915212631 187.77117988467216 57.945044711232185
leaf_count=613 482 2161 10688 1403 888 3346 1552 4510 61 411 1749 616 1047 508
internal_value=7.1658e-05 0.0082005 -0.0104915 -0.0154728 0.011806 0.0100814 -0.00423599 -0.00122223 -0.00198758 0.0151558 -0.00304664 0.0115291 0.010881 0.00619415
internal_weight=2426.81 1371.56 1055.25 586.635 1012.93 869.523 468.617 373.985 358.625 375.908 350.298 86.4436 252.628 493.615
internal_count=30035 10784 19251 12091 6813 5925 7160 5608 3971 2071 3910 1098 1458 3854
is_linear=0
shrinkage=0.03


Tree=38
num_leaves=15
num_cat=0
split_feature=1 5 1 27 25 24 12 1 25 1 25 7 1 0
split_gain=212.11 70.5866 46.4384 33.1076 29.225 21.8264 14.8146 14.4084 14.3876 16.8587 13.5965 12.918 12.8735 10.8434
threshold=0.40556534080469603 8.6388655887249577 0.28807258006036091 1.0000000180025095e-35 3.5825962118903076 1.0000000180025095e-35 1.0000000180025095e-35 1.6982709730838172 5.5127122824834229 0.61299078603327717 1.4491212440208503 1.0000000180025095e-35 0.61299078603327717 11.20089282155668
decision_type=2 2 2 2 2 2 2 2 2 2 2 2 2 2
left_child=2 3 6 -2 -4 11 -1 8 9 -7 -11 -5 -3 -12
right_child=1 12 4 5 -6 7 -8 -9 -10 10 13 -13 -14 -15
leaf_value=-0.018137258436157752 0.023915966234994299 -0.016360264781146903 -0.01120995598298564 0.019191490206283076 0.0022608939648444274 -0.0038714965056822828 -0.0023461695188959526 0.037924076469041015 0.016028239634368169 -0.0023172045466622292 0.0089911133264714508 0.0048503193588666539 -0.0014350443792145759 0.031852861057050361
leaf_weight=454.46893532574177 156.52913409471512 88.253384150564671 266.4469877332449 228.80571265518665 315.85279803350568 188.46981249004602 60.946949683129787 11.421193182468413 93.93960502743721 96.786722734570503 234.30988942086697 76.070045284926891 125.16218290477991 19.547220848500729
leaf_count=9653 732 1302 4430 1665 3735 2001 1079 50 582 812 1649 571 1568 163
internal_value=1.04125e-05 0.00811423 -0.00972772 0.0111615 -0.00391171 0.00903558 -0.0162782 0.00589154 0.00525473 0.00335126 0.00723344 0.0156408 -0.00765456 0.0108696
internal_weight=2417.01 1319.29 1097.72 1105.88 582.3 949.35 515.416 644.474 633.053 539.114 350.644 304.876 213.416 253.857
internal_count=29992 11095 18897 8225 8165 7493 10732 5257 5207 4625 2624 2236 2870 1812
is_linear=0
shrinkage=0.03


Tree=39
num_leaves=15
num_cat=0
split_feature=1 5 27 1 15 24 26 5 1 15 26 1 17 26
split_gain=221.494 63.2678 35.3638 32.1729 31.6063 16.4664 15.0593 14.9201 14.267 12.9026 12.4421 12.1432 10.5737 9.47181
threshold=0.36903686250029294 9.4387497834439866 1.0000000180025095e-35 0.27918069524646011 1.0000000180025095e-35 1.0000000180025095e-35 6.5000000000000018 4.1946343128971906 0.61299078603327717 1.0000000180025095e-35 11.593532679903918 0.6311663708832177 1.0000000180025095e-35 16.404115279974544
decision_type=2 2 2 2 2 2 2 2 2 2 2 2 2 2
left_child=3 2 -2 -1 5 10 7 11 -3 -10 -4 -7 -8 -5
right_child=1 8 4 13 -6 6 12 -9 9 -11 -12 -13 -14 -15
leaf_value=-0.016530794876523754 0.023098532929947437 -0.017346314005971503 0.015682772572388339 -0.00051897781122647467 0.022907434229181137 0.00063422651380700334 0.0055482675283214386 0.0010000486204044898 -0.0043135158512916556 0.03275150114173421 0.0028375647026079131 0.019443602388676578 -0.0040896549976381525 -0.0090904826150410827
leaf_weight=460.45525396615267 162.23562511056662 90.531380377709866 234.65224716067314 205.10493288934231 116.45237323641777 40.877287156879902 182.85861263796687 119.39881774038076 76.234759550541639 8.4914400205016118 96.033812914043665 126.3213210105896 230.37224216386676 266.54261057823896
leaf_count=9769 763 1367 1471 2381 687 254 1818 967 1035 86 1271 701 2456 4952
internal_value=0.000558896 0.00775413 0.0100202 -0.0108962 0.00815178 0.00646373 0.00384747 0.00911882 -0.00913451 -0.000260066 0.0119722 0.0148761 0.000178316 -0.00537198
internal_weight=2416.56 1484.46 1309.2 932.103 1146.97 1030.51 699.828 286.597 175.258 84.7262 330.686 167.199 413.231 471.648
internal_count=29978 12876 10388 17102 9625 8938 6196 1922 2488 1121 2742 955 4274 7333
is_linear=0
shrinkage=0.03


Tree=40
num_leaves=15
num_cat=0
split_feature=26 5 1 1 23 25 24 26 26 15 1 25 1 0
split_gain=199.856 46.5965 33.617 31.2097 26.4176 22.5347 20.4508 21.7337 15.6706 15.1752 16.6968 18.8919 14.1531 13.32
threshold=11.406138698087101 8.7123475171128284 0.28352956704940802 1.4700506022900977 1.5000000000000002 5.4083269131959879 1.0000000180025095e-35 3.1764760348537178 15.305554547287722 1.0000000180025095e-35 0.51434738604294927 3.1248998959901089 0.41462205883551323 14.894797748604327
decision_type=2 2 2 2 2 2 2 2 2 2 2 2 2 2
left_child=1 3 -2 4 6 -4 7 -1 -7 10 13 -12 -9 -8
right_child=2 -3 5 -5 -6 8 9 12 -10 -11 11 -13 -14 -15
leaf_value=-0.00087431716732319718 -0.01638298466441911 -0.0061618141627290549 -0.0072117095532836439 0.031756242032279121 -0.0087157136943123419 0.0013486629621599537 -0.010778867541017857 0.0082991198830661139 0.035162743173191707 0.017874107044955883 0.0024964598997302911 0.015309340999013559 0.022754945373638567 0.0066517351019032894
leaf_weight=60.543156526982784 428.39050819352269 192.02708012238145 556.0480283908546 54.435224711894989 72.881546985358 36.133486289530993 91.201802514493465 86.012611091136932 17.794699046760798 94.098252810537815 239.82402008771896 181.93070108443499 222.55867939442396 68.084185816347599
leaf_count=338 9697 2521 8969 235 675 401 796 671 270 610 1850 1111 1265 534
internal_value=-3.79904e-05 0.00751117 -0.00994934 0.0097556 0.00865612 -0.00541153 0.00987573 0.0155503 0.0129433 0.0067549 0.00492655 0.00804664 0.0187653 -0.00333342
internal_weight=2401.96 1363.6 1038.37 1171.57 1117.13 609.976 1044.25 369.114 53.9282 675.139 581.041 421.755 308.571 159.286
internal_count=29943 10606 19337 8085 7850 9640 7175 2274 671 4901 4291 2961 1936 1330
is_linear=0
shrinkage=0.03


Tree=41
num_leaves=15
num_cat=0
split_feature=26 1 5 0 23 1 23 1 2 2 24 22 12 12
split_gain=184.879 62.7492 31.6171 24.1941 20.6975 21.8088 14.0003 12.5614 23.9241 19.0355 13.658 10.6782 10.6722 10.6471
threshold=9.5131487952202267 0.28692010868224888 8.6023252670426249 10.421612159354236 1.5000000000000002 1.4700506022900977 1.0000000180025095e-35 0.53408299101214773 2.640292008958391 2.6554111028609331 1.0000000180025095e-35 1.0000000180025095e-35 1.0000000180025095e-35 1.0000000180025095e-35
decision_type=2 2 2 2 2 2 2 2 2 2 2 2 2 2
left_child=2 12 4 -3 5 7 11 8 -1 10 -9 -5 -2 -8
right_child=1 3 -4 6 -6 -7 13 9 -10 -11 -12 -13 -14 -15
leaf_value=-0.0054734641460419493 -0.018884487965193802 0.040351884088889844 -0.0047184144229495597 0.003717256328866951 -0.0067424782677070133 0.030640453510855432 -0.0084570049643219285 0.019134801868823433 0.012317554369731252 0.046856795533263711 0.0089850505214864179 -0.0077527397840758882 -0.0050396197866094047 0.013070962290590574
leaf_weight=113.32825629413128 395.32681060582399 10.329885460436342 141.40579281002283 263.45517482608557 58.780720688402653 50.028645217418671 418.02113949134946 170.10512151569128 167.47877924889326 13.590305067598818 408.90741831809282 99.932264108210802 58.36988715454936 20.879992075264454
leaf_count=854 9182 60 1742 3304 512 213 6502 864 1094 77 2739 1376 1066 321
internal_value=-0.000336604 -0.00819336 0.0085173 -0.00319553 0.0104257 0.0115246 -0.00380576 0.0103958 0.0051435 0.0128718 0.0119947 0.000550365 -0.0171183 -0.00740546
internal_weight=2389.94 1266.32 1123.63 812.618 982.219 923.439 802.289 873.41 280.807 592.603 579.013 363.387 453.697 438.901
internal_count=29906 21811 8095 11563 6353 5841 11503 5628 1948 3680 3603 4680 10248 6823
is_linear=0
shrinkage=0.03


Tree=42
num_leaves=15
num_cat=0
split_feature=1 5 23 1 25 24 1 1 1 12 7 24 1 25
split_gain=173.336 56.0133 33.9106 29.0909 26.3475 18.2456 15.1812 14.8003 14.1353 13.5696 12.4374 14.2883 12.109 12.9595
threshold=0.36903686250029294 9.5603347221736961 1.0000000180025095e-35 0.27918069524646011 4.3399305309576279 1.0000000180025095e-35 1.6982709730838172 0.46528063003223968 0.71296768173783054 1.0000000180025095e-35 1.0000000180025095e-35 1.5000000000000002 0.59545259259783778 2.5000000000000036
decision_type=2 2 2 2 2 2 2 2 2 2 2 2 2 2
left_child=3 2 6 9 -5 8 10 -7 -4 -1 11 -2 -3 -14
right_child=1 12 5 4 -6 7 -8 -9 -10 -11 -12 -13 13 -15
leaf_value=-0.018025119722705669 0.014637562894589019 -0.019119522762601163 0.00547046708883662 -0.010748165199821939 0.0040768106647628491 -0.015391759536994246 0.038328984925145186 0.00061604668094580113 0.029699936332718301 -0.0019873025945545777 0.0035422905298318065 0.0031120175847475888 -0.010111959314156932 0.015022665903779275
leaf_weight=390.84938124939799 572.72688250243664 76.38432065024972 128.52813464403152 293.74959337711334 169.51274054124951 66.977823276072741 17.749501660466194 220.59895365685225 25.249901138246059 54.329347118735313 167.2140778452158 117.21022822707891 62.037121314555407 25.133306719362736
leaf_count=8874 3661 1198 1396 5288 2011 939 73 2222 146 997 1064 906 885 303
internal_value=-0.000297826 0.00603344 0.00809165 -0.0106065 -0.00532645 0.00130759 0.0115086 -0.00315265 0.00961506 -0.0160767 0.0109091 0.0126869 -0.0104791 -0.00277686
internal_weight=2388.25 1479.81 1316.26 908.441 463.262 441.355 874.901 287.577 153.778 445.179 857.151 689.937 163.555 87.1704
internal_count=29963 12793 10407 17170 7299 4703 5704 3161 1542 9871 5631 4567 2386 1188
is_linear=0
shrinkage=0.03


Tree=43
num_leaves=15
num_cat=0
split_feature=1 5 27 0 24 25 25 1 15 1 12 25 0 1
split_gain=164.882 70.0953 42.2127 29.4984 21.0118 19.9849 13.7897 13.0457 19.4952 11.4384 10.7158 10.3088 10.0347 9.71989
threshold=0.36903686250029294 9.025242374765936 1.0000000180025095e-35 28.167623246591749 1.0000000180025095e-35 4.3399305309576279 1.7000000000000008 0.61299078603327717 1.0000000180025095e-35 0.61299078603327717 1.0000000180025095e-35 0.92195444572929353 11.4849901860453 0.42787584549233926
decision_type=2 2 2 2 2 2 2 2 2 2 2 2 2 2
left_child=3 2 13 5 11 10 -6 8 -8 -3 -1 -4 -9 -2
right_child=1 9 4 -5 6 -7 7 12 -10 -11 -12 -13 -14 -15
leaf_value=-0.012113969103438618 -0.0017960585654904862 -0.018268464247881464 0.043457810472207412 -0.019648887751069804 -0.0042223918972621229 7.0308068371407451e-07 -0.0009324617132328031 0.0090797002758695386 0.022267198974081762 -0.0037087190553976379 0.0049363733976009036 0.011590900700797336 0.032165848325765502 0.025096374548880696
leaf_weight=409.80579440668225 13.008135966956614 90.488412205129862 8.5290176123380643 218.77147385105491 155.03634704276919 239.28560030460358 284.44170517101884 249.44449925422668 35.809184953570366 104.88603255152702 35.558066222816706 366.31694509461522 17.421317331492901 150.18072768300772
leaf_count=8131 73 1406 66 5260 1381 3250 2855 1701 209 1367 601 2853 135 682
internal_value=9.88411e-06 0.00618846 0.00874321 -0.0100773 0.00664828 -0.00699462 0.00371542 0.00581513 0.00172287 -0.0105108 -0.0107447 0.0124297 0.0107012 0.0229548
internal_weight=2378.98 1475.56 1280.19 903.421 1117 684.649 742.153 587.117 320.251 195.374 445.364 374.846 266.866 163.189
internal_count=29970 12728 9955 17242 9200 11982 6281 4900 3064 2773 8732 2919 1836 755
is_linear=0
shrinkage=0.03


Tree=44
num_leaves=15
num_cat=0
split_feature=1 23 27 5 25 12 2 15 5 1 24 22 25 1
split_gain=148.775 56.7978 35.3413 25.0075 21.984 19.2979 18.872 18.7026 18.2135 24.9564 12.3973 12.0054 10.8332 9.88993
threshold=0.32832798628981436 1.0000000180025095e-35 1.0000000180025095e-35 12.487794000464785 6.453681120105025 1.0000000180025095e-35 3.3705424667706052 1.0000000180025095e-35 8.7123475171128284 0.45720305183730386 1.0000000180025095e-35 1.0000000180025095e-35 1.0908326913195985 0.17152398927255055
decision_type=2 2 2 2 2 2 2 2 2 2 2 2 2 2
left_child=4 2 -2 7 5 6 -1 11 9 12 -11 -4 -3 -7
right_child=1 8 3 -5 -6 13 -8 -9 -10 10 -12 -13 -14 -15
leaf_value=-0.011478443235518108 0.023934772539766464 0.026728061713234896 0.0088570819169073098 -0.020025121212678895 0.0053681402430685336 0.034916176709538949 -0.023480077263592369 0.017491094556169158 -0.014831298081373189 0.013844221936280689 0.00092807980303711321 0.0012534096752350136 -0.0097737073854136085 -0.0021244049778740078
leaf_weight=401.51355092972517 123.67027498781681 6.6549523249268523 487.02085379511118 29.062488220632076 62.134431816637516 6.21418323367834 168.94069028645754 149.8203308545053 91.387978635728359 97.046516492962837 210.91255501285195 303.4687387496233 197.81128235533834 63.595113899558783
leaf_count=8235 538 101 3721 496 742 112 4384 931 1383 766 2039 2614 2902 1153
internal_value=5.18787e-06 0.00481155 0.00888816 0.00694586 -0.0115964 -0.0132485 -0.0150676 0.00779985 -0.00257055 -0.000359296 0.00502995 0.00594331 -0.00846135 0.00161936
internal_weight=2399.25 1696.86 1093.04 969.372 702.398 640.264 570.454 940.31 603.813 512.425 307.959 790.49 204.466 69.8093
internal_count=30117 15491 8300 7762 14626 13884 12619 7266 7191 5808 2805 6335 3003 1265
is_linear=0
shrinkage=0.03


Tree=45
num_leaves=15
num_cat=0
split_feature=1 27 20 5 1 24 0 25 25 1 1 1 25 7
split_gain=153.795 47.4657 43.7645 31.0672 26.2691 15.5461 15.4672 13.4621 12.7655 11.3079 9.84738 9.52039 10.6992 9.51585
threshold=0.32075735071869282 1.0000000180025095e-35 1.0000000180025095e-35 9.8989897959078554 0.46100501614358619 1.5000000000000002 28.167623246591749 5.5127122824834229 3.2419115480289622 0.59545259259783778 1.6982709730838172 0.55448494897505718 8.0956778592036418 1.0000000180025095e-35
decision_type=2 2 2 2 2 2 2 2 2 2 2 2 2 2
left_child=6 11 3 4 8 10 7 -1 -3 -5 -6 -2 -13 -10
right_child=1 2 -4 9 5 -7 -8 -9 13 -11 -12 12 -14 -15
leaf_value=-0.011526267980986212 0.0072752513373369023 -0.0089448296835276438 0.020310469947409371 -0.019968299278505828 0.0080028180550838577 -0.0011427782051670274 -0.01921150948822687 0.0030436982829394892 0.0034901846015932534 -0.0029955344087379131 0.038335672495750567 0.018861192580498783 0.040599313269824244 -0.01156572391759138
leaf_weight=372.30858461558819 44.188619181513786 181.75320434570312 118.81081758067012 73.248072292655706 608.52290791273117 198.58483298495412 211.70729417353868 66.942545454949141 245.17062864080071 68.183378603309393 8.8680584430694562 101.01735358685255 26.322273343801498 43.639603190124035
leaf_count=7890 251 2757 676 1222 4483 1786 5268 837 2718 980 37 453 116 502
internal_value=-0.000143619 0.00456117 0.00289439 0.00143213 0.0029019 0.00615455 -0.0125506 -0.00930391 -0.00273941 -0.0118643 0.0084998 0.0194878 0.023636 0.00118316
internal_weight=2369.27 1718.31 1546.78 1427.97 1286.54 815.976 650.958 439.251 470.563 141.431 617.391 171.528 127.34 288.81
internal_count=29976 15981 15161 14485 12283 6306 13995 8727 5977 2202 4520 820 569 3220
is_linear=0
shrinkage=0.03


Tree=46
num_leaves=15
num_cat=0
split_feature=26 1 20 1 24 25 12 2 1 26 1 1 2 26
split_gain=146.254 44.1834 32.3246 28.9441 25.6355 22.9771 21.6486 19.8393 18.5923 17.7584 14.9466 12.3706 12.0225 11.679
threshold=16.404115279974544 1.3478912332215944 1.0000000180025095e-35 0.46100501614358619 1.0000000180025095e-35 2.7486346709943574 1.0000000180025095e-35 3.378325633901397 0.61299078603327717 3.1764760348537178 0.49526838987823102 0.35001533416352698 2.4197932386521779 8.2734515167492191
decision_type=2 2 2 2 2 2 2 2 2 2 2 2 2 2
left_child=1 2 3 -1 10 8 7 -2 -6 -4 -5 -8 13 -12
right_child=6 -3 9 4 5 -7 11 -9 -10 -11 12 -13 -14 -15
leaf_value=-0.0038906171598154971 -0.010714693565424725 0.026071252678507052 -0.0093097809942957951 0.031484660990330621 -0.015109471285241033 0.0078452218253725736 -0.00051047087567004793 -0.023165878832073716 0.00054398039364446534 0.020296308286191757 0.012913764431840823 0.049204010058585844 0.0025837287739710587 0.043022026190678728
leaf_weight=495.9457134604454 399.50565767288208 80.120197504758835 20.463797830045223 32.325958974659443 87.027222517877817 321.25236328318715 73.664150688797235 163.2896742336452 304.27785961329937 134.97629522904754 131.03404062986374 3.7968455851078025 111.60034383460879 12.037852145731447
leaf_count=6138 8345 351 116 284 1225 2380 1340 4392 2935 829 675 51 880 73
internal_value=-7.90402e-05 0.00445238 0.00338807 0.00202933 0.00496756 0.00191178 -0.0123185 -0.014362 -0.00296703 0.0163641 0.0125215 0.0025224 0.0100007 0.0157281
internal_weight=2371.32 1731.06 1650.94 1495.5 999.556 712.557 640.256 562.795 391.305 155.44 286.998 77.461 254.672 143.072
internal_count=30014 15886 15535 14590 8452 6540 14128 12737 4160 945 1912 1391 1628 748
is_linear=0
shrinkage=0.03


Tree=47
num_leaves=15
num_cat=0
split_feature=1 15 5 27 20 26 1 1 25 24 26 24 2 25
split_gain=118.677 43.1963 38.1611 29.8133 20.7056 17.3548 13.6123 13.1231 10.6729 9.23185 13.9573 8.87289 11.3944 8.4143
threshold=0.32533133450468688 1.0000000180025095e-35 9.9944983739816742 1.0000000180025095e-35 1.0000000180025095e-35 14.600000000000005 0.25333713108344186 0.55448494897505718 4.3399305309576279 1.0000000180025095e-35 2.2825424421026681 1.0000000180025095e-35 3.3705424667706052 1.0535226160822597
decision_type=2 2 2 2 2 2 2 2 2 2 2 2 2 2
left_child=4 2 3 7 6 9 -1 -2 11 10 -5 12 -8 -12
right_child=1 -3 -4 5 -6 -7 8 -9 -10 -11 13 -13 -14 -15
leaf_value=-0.016887897229490158 0.00069424929865184574 0.018166043947743484 -0.013370207727860331 -0.019463680354969839 0.01624783264125396 -0.0055408871158744103 -0.0028996831450533453 0.021368615648463492 0.00037133129538040761 0.0019588019788018165 0.035905997838231597 -0.01838753497479988 -0.022879182990582489 0.00844276458116347
leaf_weight=283.04606219008565 36.487205997109413 172.74781025573611 126.03288612142205 14.937816008925436 23.444309741258621 211.27936655282974 130.54558780044317 113.74726686626673 98.349160254001617 720.70035418123007 9.506030544638632 96.743230942636728 31.106096424162388 304.69029266014695
leaf_count=6779 205 1046 2008 78 235 3309 2792 508 1636 6197 66 2134 787 2252
internal_value=-0.0001916 0.00398638 0.00238231 0.00379748 -0.0109542 0.00228612 -0.0119748 0.0163853 -0.00804029 0.00386508 0.00802066 -0.011231 -0.0068613 0.00938495
internal_weight=2373.36 1710.13 1537.38 1411.35 663.234 1261.11 639.79 150.234 356.744 1049.83 329.134 258.395 161.652 314.196
internal_count=30032 15669 14623 12615 14363 11902 14128 713 7349 8593 2396 5713 3579 2318
is_linear=0
shrinkage=0.03


Tree=48
num_leaves=15
num_cat=0
split_feature=26 27 23 12 2 5 24 2 23 20 26 2 25 14
split_gain=141.083 37.4624 30.4735 20.0738 21.9079 17.475 12.1709 9.74442 9.70829 9.41152 12.7688 9.01676 8.60333 12.2052
threshold=16.404115279974544 1.0000000180025095e-35 1.0000000180025095e-35 1.0000000180025095e-35 3.3705424667706052 11.206471324734487 1.0000000180025095e-35 3.1791079461547196 1.5000000000000002 1.0000000180025095e-35 2.9732137494636963 2.2628821454747574 3.4219874145110776 1.0000000180025095e-35
decision_type=2 2 2 2 2 2 2 2 2 2 2 2 2 2
left_child=1 8 5 4 -2 9 -4 -5 -1 11 -11 12 13 -3
right_child=3 2 6 7 -6 -7 -8 -9 -10 10 -12 -13 -14 -15
leaf_value=0.018713835243088721 -0.010340726468910603 0.017444186749399421 0.0036429666196259734 0.030440563276966787 -0.023480263808804809 -0.011046202469130762 -0.0066049554668756475 -0.0018715484882182323 -0.0056398520221579949 -0.01498785709230634 0.016416076963531392 0.003195208338624488 -0.00082498862687683356 0.0026972779480385562
leaf_weight=177.68864009529352 387.28850541263819 145.81165150552988 149.93235544487834 8.5661798156797868 163.16419596970081 53.052153296768665 337.79895886406302 68.166954450309277 15.614585898816584 12.026886679232119 128.99035051837564 591.28678727522492 55.468146562576294 77.640610091388226
leaf_count=947 8188 755 1663 120 4547 875 4333 1268 96 72 774 5600 288 541
internal_value=-7.79789e-05 0.00430792 0.00275126 -0.0122703 -0.014271 0.00559539 -0.00345366 0.00208084 0.0167277 0.00647851 0.0136511 0.00530186 0.00974041 0.0123551
internal_weight=2372.5 1745.31 1552.01 627.186 550.453 1064.28 487.731 76.7331 193.303 1011.22 141.017 870.207 278.92 223.452
internal_count=30067 15944 14901 14123 12735 8905 5996 1388 1043 8030 846 7184 1584 1296
is_linear=0
shrinkage=0.03


Tree=49
num_leaves=15
num_cat=0
split_feature=26 23 27 0 25 12 20 0 26 12 23 26 26 18
split_gain=117.873 30.8261 23.1525 22.8874 20.3336 16.6474 16.0976 16.1708 15.1924 14.6567 11.1123 10.1741 10.5806 14.5821
threshold=11.502825688460462 1.5000000000000002 1.0000000180025095e-35 28.167623246591749 6.453681120105025 1.0000000180025095e-35 1.0000000180025095e-35 3.6701496078529972 3.1764760348537178 1.0000000180025095e-35 1.0000000180025095e-35 7.6026311234992967 2.9732137494636963 1.0000000180025095e-35
decision_type=2 2 2 2 2 2 2 2 2 2 2 2 2 2
left_child=1 2 -1 4 9 -5 7 -4 -8 10 -2 12 -9 -14
right_child=3 -3 6 5 -6 -7 8 11 -10 -11 -12 -13 13 -15
leaf_value=0.016624008941198146 -0.0037419556322528889 -0.010899860928095804 0.036881234089683003 -0.021902101516794774 0.01857229513551905 8.5968800087998188e-05 -0.013520034453009514 -0.0041259981966330125 0.018141906171973053 0.010964728118698228 -0.011346854008978023 -0.00035792231944150926 0.018104366964824321 0.004907197577021319
leaf_weight=175.08567775413394 314.16673769801855 97.664362236857414 11.974920570850371 155.08912124484777 28.224007584154606 38.656564254313707 14.642698653042315 81.956739075481892 119.93592742830515 38.053186628967524 387.55910046026111 423.33118380606174 92.99688459187746 387.23202138766646
leaf_count=891 5727 1021 50 4420 322 750 86 451 656 634 7427 4272 552 2747
internal_value=-0.000256368 0.00528204 0.00649848 -0.00834337 -0.00600427 -0.0175371 0.00491918 0.00359668 0.0146226 -0.00696572 -0.00795227 0.00315527 0.00579668 0.00749516
internal_weight=2366.57 1404.82 1307.16 961.749 768.003 193.746 1132.07 997.492 134.579 739.779 701.726 985.517 562.186 480.229
internal_count=30006 10726 9705 19280 14110 5170 8814 8072 742 13788 13154 8022 3750 3299
is_linear=0
shrinkage=0.03


Tree=50
num_leaves=15
num_cat=0
split_feature=26 5 0 23 7 0 24 24 7 26 27 25 0 25
split_gain=113.717 35.0056 29.5554 23.035 15.8876 14.6323 10.4803 9.01334 8.74614 8.37548 9.45556 8.194 7.25544 7.15296
threshold=15.809332685948311 9.4762861923857056 4.8337342596362287 1.0000000180025095e-35 1.0000000180025095e-35 28.167623246591749 1.5000000000000002 1.0000000180025095e-35 1.0000000180025095e-35 2.7694741309801434 1.0000000180025095e-35 1.6446820984663646 15.866001336537069 6.453681120105025
decision_type=2 2 2 2 2 2 2 2 2 2 2 2 2 2
left_child=1 2 11 4 6 7 9 8 -2 -4 -11 -1 -6 -3
right_child=5 13 3 -5 12 -7 -8 -9 -10 10 -12 -13 -14 -15
leaf_value=0.0071061487292137012 -0.0027469131873180388 -0.010832184074024861 -0.0018099529859860919 -0.0021744293856210419 0.00057867599216613827 -0.018579781967535992 -8.8099775271460309e-05 -0.013717967533516501 -0.017571522029771174 0.021268014016705077 0.009006512130284812 0.027897916631463768 -0.015968206013475553 0.0236674399586192
leaf_weight=25.086219102144241 226.59044738486409 164.50369910895824 56.300952486693859 435.6160904429853 152.18685924634337 191.07876058295369 127.53740098327398 186.11641839519143 41.673444077372551 62.526234831660986 583.38805574923754 58.63854056596756 27.267463210970163 4.6763326674699774
leaf_count=114 4670 2535 311 4791 942 5179 1050 3892 874 331 4537 254 351 39
internal_value=-0.000909779 0.00316587 0.0046003 0.00358772 0.0060746 -0.0116181 0.00782343 -0.00865621 -0.00510655 0.00925842 0.0102245 0.0218255 -0.00201012 -0.0097451
internal_weight=2343.19 1697.73 1528.55 1444.82 1009.21 645.459 829.753 454.38 268.264 702.215 645.914 83.7248 179.454 169.18
internal_count=29870 15255 12681 12313 7522 14615 6229 9436 5544 5179 4868 368 1293 2574
is_linear=0
shrinkage=0.03


Tree=51
num_leaves=15
num_cat=0
split_feature=26 23 1 5 12 27 0 24 7 2 2 1 24 24
split_gain=98.9472 46.6172 25.1317 24.2081 23.993 20.0233 14.306 15.2642 13.3928 12.7681 12.3657 10.727 10.2316 9.73242
threshold=18.335757415498279 1.0000000180025095e-35 0.28138929445776611 9.4387497834439866 1.0000000180025095e-35 1.0000000180025095e-35 4.8337342596362287 1.0000000180025095e-35 1.0000000180025095e-35 2.4092586143034018 3.3705424667706052 0.50488048621865034 1.5000000000000002 1.0000000180025095e-35
decision_type=2 2 2 2 2 2 2 2 2 2 2 2 2 2
left_child=1 2 -1 5 10 13 -3 9 12 -8 -2 -10 -7 -4
right_child=4 6 3 -5 -6 8 7 -9 11 -11 -12 -13 -14 -15
leaf_value=-0.0093451957491626821 -0.010640312297389189 0.019645413452216026 0.029063491599687519 -0.0064474471811217333 0.003533996823483924 0.010785063148894401 0.019545175626616007 -0.0081815064297361267 -0.01010380213786404 -0.0011699816588166129 -0.021362858218313855 0.0056072776238897141 0.0015604935907814399 0.011646186821587218
leaf_weight=82.450832717120647 272.36136481165886 21.868399202823639 60.047097515314817 98.577087361365557 77.779270462691784 639.1975606828928 30.6915567740798 370.02291102707386 60.802945852279663 172.15168321877718 153.31103504821658 105.52778632193804 130.67921287566423 59.005507063120604
leaf_count=1452 6212 102 263 1436 1413 4685 183 4867 617 2170 4533 585 1078 254
internal_value=1.6242e-05 0.0032558 0.00657417 0.00771884 -0.0117489 0.00904703 -0.00364161 -0.00456325 0.0075575 0.00204487 -0.0145432 -0.000162038 0.00922334 0.0205999
internal_weight=2334.47 1831.02 1236.29 1153.84 503.452 1055.26 594.735 572.866 936.208 202.843 425.672 166.331 769.877 119.053
internal_count=29850 17692 10370 8918 12158 7482 7322 7220 6965 2353 10745 1202 5763 517
is_linear=0
shrinkage=0.03


Tree=52
num_leaves=15
num_cat=0
split_feature=1 23 5 25 27 0 25 5 1 1 24 25 1 24
split_gain=112.765 46.5875 21.6507 17.275 16.8508 15.8278 12.3339 11.2139 11.1932 10.4852 13.3345 12.6696 8.54888 8.10836
threshold=0.31539148167540954 1.0000000180025095e-35 9.9944983739816742 6.0008332754710016 1.0000000180025095e-35 4.8337342596362287 5.45893762558247 3.1780497164141406 0.59545259259783778 0.38055726864568074 1.0000000180025095e-35 1.0535226160822597 0.27182166075868536 1.0000000180025095e-35
decision_type=2 2 2 2 2 2 2 2 2 2 2 2 2 2
left_child=3 2 4 13 7 -3 9 -2 -4 -7 11 -11 -5 -1
right_child=1 5 8 12 -6 6 -8 -9 -10 10 -12 -13 -14 -15
leaf_value=-0.010365797509128577 0.022699498054627561 0.0213405304004784 -0.018185672047302613 -0.0075865165639440865 0.0071052277334278675 -0.012866840598343553 0.008668672885148462 -0.0038262017948049514 0.0042052018984000137 0.040928436212090996 -0.0065946873053463516 0.0025337319516814368 0.014510341395791404 -0.018219188156665116
leaf_weight=335.92234088480473 102.84035740047693 22.434738397598267 41.891924005001783 30.382536042481661 941.26940240710974 124.54052867740393 63.003942005336285 16.33613646030426 37.221455413848162 7.2703762575983992 283.62700583413243 122.60980619490147 30.753642793744802 188.16447592899203
leaf_count=8181 437 104 708 525 6969 2191 498 74 513 71 3652 1274 313 4491
internal_value=-5.76297e-05 0.00373053 0.00733547 -0.0114568 0.00846565 -0.00285948 -0.00379672 0.0190619 -0.00773016 -0.00526975 -0.00295613 0.00497927 0.00358361 -0.0132148
internal_weight=2348.27 1763.05 1139.56 585.223 1060.45 623.486 601.052 119.176 79.1134 538.048 413.507 129.88 61.1362 524.087
internal_count=30001 16491 8701 13510 7480 7790 7686 511 1221 7188 4997 1345 838 12672
is_linear=0
shrinkage=0.03


Tree=53
num_leaves=15
num_cat=0
split_feature=1 5 1 23 24 1 25 12 5 12 25 27 7 23
split_gain=97.468 39.1632 29.1788 22.4402 17.9344 16.3092 15.1092 16.6292 12.5538 12.2806 11.7064 11.0249 11.8284 9.62871
threshold=0.31539148167540954 8.6023252670426249 0.45720305183730386 1.0000000180025095e-35 1.0000000180025095e-35 1.3478912332215944 6.0008332754710016 1.0000000180025095e-35 1.0000000180025095e-35 1.0000000180025095e-35 6.453681120105025 1.0000000180025095e-35 1.0000000180025095e-35 1.5000000000000002
decision_type=2 2 2 2 2 2 2 2 2 2 2 2 2 2
left_child=6 2 3 -2 11 13 7 -1 -7 -5 -3 -4 -13 -6
right_child=1 10 4 9 5 8 -8 -9 -10 -11 -12 12 -14 -15
leaf_value=-0.014611708249945588 0.0043694446102651588 -0.0098982749139182973 0.025010215211878819 -0.0094112761324898972 0.0048636893115694404 0.032855029325359407 0.0030185713200780876 0.0015020809839203203 0.0042550050149739397 0.021565372630336033 0.03189308388802533 0.014668917038952208 -0.00019967256506789048 -0.0087463928585313159
leaf_weight=455.49639178812504 339.24872877448797 209.89875413477421 63.394109025597572 215.90602863952518 546.56031780317426 31.259871646761894 62.200988747179508 65.766841519623995 24.745700463652611 11.234618596732615 5.2561378777027121 194.58530094474554 63.846102476119995 50.242127489298582
leaf_count=11510 3182 3074 276 3454 3861 131 856 1253 117 155 40 1195 407 555
internal_value=-0.000302028 0.00322801 0.00490278 -0.000512559 0.00804709 0.00517648 -0.0109145 -0.0125797 0.0205146 -0.00779133 -0.00873451 0.0138359 0.011009 0.0037052
internal_weight=2339.64 1756.18 1541.02 566.389 974.634 652.808 583.464 521.263 56.0056 227.141 215.155 321.826 258.431 596.802
internal_count=30066 16447 13333 6791 6542 4664 13619 12763 248 3609 3114 1878 1602 4416
is_linear=0
shrinkage=0.03


Tree=54
num_leaves=15
num_cat=0
split_feature=1 23 1 20 1 1 5 24 26 7 26 20 12 12
split_gain=93.2948 47.7605 20.7968 17.3218 15.8926 13.7765 14.4632 13.2114 11.9732 11.0732 10.6536 10.4364 9.73391 8.41767
threshold=0.28807258006036091 1.0000000180025095e-35 1.3478912332215944 1.0000000180025095e-35 0.38055726864568074 0.6311663708832177 9.9944983739816742 1.0000000180025095e-35 3.9217343102255122 1.0000000180025095e-35 4.4147480109288226 1.0000000180025095e-35 1.0000000180025095e-35 1.0000000180025095e-35
decision_type=2 2 2 2 2 2 2 2 2 2 2 2 2 2
left_child=11 2 3 5 13 6 9 -6 -5 -2 -9 12 -1 -3
right_child=1 4 -4 8 7 -7 -8 10 -10 -11 -12 -13 -14 -15
leaf_value=-0.015534017130053706 0.0042148942424580296 -0.01247832736137146 0.023500798629194377 -0.0022857858717296418 0.0063494990637851037 0.0077394350604768824 -0.014533427370668218 0.008878278028704693 0.019041013849919568 -0.0073393279543624811 -0.0063865960636326595 0.012662494974147539 -0.0018841720233828956 0.0080646498836035013
leaf_weight=362.85138789191842 425.75798771157861 192.06080505251884 57.917253971099854 29.347926363348961 158.1861029677093 446.14958483725786 50.109637252986431 47.25941226631403 117.7388831935823 89.530125446617603 281.7203326523304 13.150903917849062 54.339198105037212 19.114137124270201
leaf_count=9623 4222 3683 247 152 1521 2846 854 310 648 878 3657 157 1055 291
internal_value=-0.000324813 0.00251323 0.00610105 0.00521176 -0.00373676 0.00380446 0.00069123 -0.000750581 0.014799 0.00219705 -0.00417347 -0.0129298 -0.0137649 -0.0105897
internal_weight=2345.23 1914.89 1216.55 1158.63 698.341 1011.55 565.398 487.166 147.087 515.288 328.98 430.341 417.191 211.175
internal_count=30144 19309 9847 9600 9462 8800 5954 5488 800 5100 3967 10835 10678 3974
is_linear=0
shrinkage=0.03


Tree=55
num_leaves=15
num_cat=0
split_feature=1 23 22 27 1 5 25 1 14 25 12 2 12 1
split_gain=96.774 40.1215 25.3219 19.9783 16.8124 14.9174 14.3091 13.9543 12.0963 10.3542 9.36926 12.8965 8.98002 8.3195
threshold=0.32075735071869282 1.0000000180025095e-35 1.0000000180025095e-35 1.0000000180025095e-35 0.46100501614358619 5.5090831092938473 6.453681120105025 0.53863256292962036 1.0000000180025095e-35 5.056678751908211 1.0000000180025095e-35 3.3705424667706052 1.0000000180025095e-35 0.63826547482214491
decision_type=2 2 2 2 2 2 2 2 2 2 2 2 2 2
left_child=6 2 3 -2 12 -6 10 9 -9 -4 11 -1 -3 -5
right_child=1 4 7 13 5 -7 -8 8 -10 -11 -12 -13 -14 -15
leaf_value=-0.010436639320181953 0.022640780405775104 -0.010706585612046638 -0.014725001791593422 0.0057301585041987712 0.0053397503141442374 -0.0071573609836884291 0.0037301844906844025 0.0087498779810863785 -0.0030308816609758652 0.0035991481043348727 -0.001559423128859824 -0.021365958773302548 0.017457450102178421 0.013495517062986032
leaf_weight=334.10939165204763 98.734727256000042 216.39368626102805 72.712768141180277 413.99990803003311 242.45761179924011 131.8984973654151 55.44546189904213 201.27930922061205 127.46537585929036 43.981840658932924 65.551098421216011 138.97492477670312 9.8124884441494924 178.3975752145052
leaf_count=7642 420 3447 935 3443 2082 1830 687 1381 1174 282 1242 4380 129 881
internal_value=-0.00028177 0.0032933 0.00660546 0.0101962 -0.00297556 0.000929252 -0.0107235 0.00102373 0.00418674 -0.00784679 -0.0122155 -0.0136856 -0.00941341 0.00808746
internal_weight=2331.21 1737.13 1136.57 691.132 600.562 374.356 594.081 445.439 328.745 116.695 538.635 473.084 226.206 592.397
internal_count=29955 16004 8516 4744 7488 3912 13951 3772 2555 1217 13264 12022 3576 4324
is_linear=0
shrinkage=0.03


Tree=56
num_leaves=15
num_cat=0
split_feature=1 24 23 2 22 0 1 25 25 13 1 12 25 1
split_gain=79.473 32.1344 24.8154 21.6847 19.4956 23.0356 14.7702 12.9819 12.1228 12.226 11.1375 11.0595 9.98645 9.46121
threshold=0.36903686250029294 1.0000000180025095e-35 1.5000000000000002 3.3705424667706052 1.0000000180025095e-35 4.3583250267383624 0.55448494897505718 6.3509841635015691 5.5127122824834229 1.0000000180025095e-35 0.59545259259783778 1.0000000180025095e-35 4.9704118215061142 0.67383124725465848
decision_type=2 2 2 2 2 2 2 2 2 2 2 2 2 2
left_child=3 6 4 7 5 -3 -2 -1 -7 -10 -6 -5 -8 -11
right_child=1 2 -4 11 10 8 12 -9 9 13 -12 -13 -14 -15
leaf_value=-0.0066788683532647622 0.0050553964299554057 0.034966959370337135 -0.013918708803516896 -0.020405219139175743 -0.010091937243099083 0.0020756409440857411 0.011922809261649767 0.00512311206104885 0.020754676556400741 -0.006602299650110297 0.00079663339137636506 -0.0023158426585970547 0.025876326185501054 0.020254499270661662
leaf_weight=541.16083117574453 244.24696673452854 23.618817582726479 89.922376930713654 143.31468901596963 114.22743372246623 327.47401578724384 191.7452308870852 98.473061662167311 74.093163996934891 36.564854577183723 317.03629797697067 38.892506565898657 61.818616345524788 16.225933983922005
leaf_count=11008 2233 98 1166 4562 1458 2792 1107 852 438 207 2866 772 292 76
internal_value=1.80461e-05 0.00413254 0.00102686 -0.00747236 0.00251862 0.00668521 0.0103514 -0.00485677 0.00514149 0.012976 -0.00210406 -0.0165777 0.0154129 0.00187557
internal_weight=2318.81 1496.97 999.163 821.841 909.241 477.977 497.811 639.634 454.358 126.884 431.264 182.207 253.564 52.7908
internal_count=29927 12733 9101 17194 7935 3611 3632 11860 3513 721 4324 5334 1399 283
is_linear=0
shrinkage=0.03


Tree=57
num_leaves=15
num_cat=0
split_feature=2 5 2 15 0 5 12 12 20 7 10 0 19 14
split_gain=84.0552 30.6043 21.9861 15.2448 13.5071 12.5167 12.4377 11.5059 9.96152 9.44845 7.91442 7.36997 6.93316 6.78808
threshold=2.984976236066947 8.7464278422679502 3.2994488913014597 1.0000000180025095e-35 10.503094714587769 3.9050946122689383 1.0000000180025095e-35 1.0000000180025095e-35 1.0000000180025095e-35 1.0000000180025095e-35 1.0000000180025095e-35 4.8337342596362287 1.0000000180025095e-35 1.0000000180025095e-35
decision_type=2 2 2 2 2 2 2 2 2 2 2 2 2 2
left_child=1 3 6 4 5 10 8 -4 -2 12 11 -1 -6 -3
right_child=2 13 7 -5 9 -7 -8 -9 -10 -11 -12 -13 -14 -15
leaf_value=0.021982694946746251 -0.0064119561603520857 -0.0011214534269540521 -0.018389507596297448 0.013800212543194711 0.0051444994320995873 0.0014718135032036506 0.01698734099439524 -0.0028155089524128422 0.016980783481149047 -0.0049165832708288355 -0.012736365860340913 0.0099721715023184075 -0.0036109125214653323 -0.011962274004524164
leaf_weight=54.115904420614243 369.38852955400944 102.45711724832654 209.52186816185713 180.3990627899766 439.90716068819165 183.30932287871838 22.769237037748098 54.059785071760416 16.199639227241278 151.95059517771006 11.451967921108006 315.52050497382879 99.073994014412165 105.00080313533545
leaf_count=230 7524 1418 6406 1111 4227 1468 349 1054 151 1589 68 1736 972 1660
internal_value=0.000453078 0.00410834 -0.00847847 0.00566489 0.00448574 0.00792481 -0.00410173 -0.015218 -0.00538778 0.00166909 0.0110168 0.0117851 0.0035314 -0.00663939
internal_weight=2315.13 1643.19 671.939 1435.73 1255.33 564.398 408.357 263.582 385.588 690.932 381.088 369.636 538.981 207.458
internal_count=29963 14479 15484 11401 10290 3502 8024 7460 7675 6788 2034 1966 5199 3078
is_linear=0
shrinkage=0.03


Tree=58
num_leaves=15
num_cat=0
split_feature=2 23 2 5 0 25 0 7 12 24 25 25 16 12
split_gain=81.042 21.9692 18.9717 18.1717 16.1969 13.7798 11.3308 10.9753 10.4961 10.2201 8.92027 8.74221 7.35522 7.08857
threshold=2.9466343103630077 1.5000000000000002 3.291149295885992 9.9944983739816742 3.6701496078529972 6.8007352543677246 22.770595073471402 1.0000000180025095e-35 1.0000000180025095e-35 1.0000000180025095e-35 6.1599511781824381 1.0535226160822597 1.0000000180025095e-35 1.0000000180025095e-35
decision_type=2 2 2 2 2 2 2 2 2 2 2 2 2 2
left_child=1 3 5 4 -1 13 -7 9 -4 11 12 -6 -11 -2
right_child=2 -3 8 -5 7 6 -8 -9 -10 10 -12 -13 -14 -15
leaf_value=0.029287182547250806 -0.0074257376718157627 -0.0081864041155327947 -0.017579382635651005 -0.0065029317011842313 0.03943770392493072 0.00396598251799534 0.043262651298691043 -0.00045607086377133326 -0.0027218327651922884 0.0023585523409842021 0.011816620758803372 0.0099372693738604377 0.020741566442944493 0.0095434983854635561
leaf_weight=24.975262612104416 383.64376746863127 126.17673788592219 214.88949334621429 116.57506621629 8.4157269485294801 46.016836687922478 6.7641246058046809 240.4708458520472 53.882120601832867 572.01511937379837 124.2344020344317 354.36407103016973 19.310378421097994 22.6720888055861
leaf_count=105 7872 1483 6646 1919 56 335 78 1821 1051 4968 699 2415 166 342
internal_value=-2.26185e-05 0.00377956 -0.00830406 0.00481833 0.00580457 -0.00458161 0.00971282 0.00533801 -0.0146219 0.00662932 0.00453919 0.0107281 0.00299287 -0.00645776
internal_weight=2314.41 1586.54 727.868 1460.36 1343.79 459.097 52.781 1318.81 268.772 1078.34 715.56 362.78 591.325 406.316
internal_count=29956 13632 16324 12149 10230 8627 413 10125 7697 8304 5833 2471 5134 8214
is_linear=0
shrinkage=0.03


Tree=59
num_leaves=15
num_cat=0
split_feature=1 5 2 23 1 20 25 12 1 12 1 1 2 27
split_gain=87.0814 26.6436 16.7704 16.4653 15.0587 14.4517 14.0419 11.8268 10.578 10.2825 10.1363 9.3129 11.8934 9.97449
threshold=0.37827389022488062 9.8989897959078554 3.2994488913014597 1.5000000000000002 1.4700506022900977 1.0000000180025095e-35 5.45893762558247 1.0000000180025095e-35 0.59545259259783778 1.0000000180025095e-35 0.19795482754843216 0.91620106859913608 2.170948491042668 1.0000000180025095e-35
decision_type=2 2 2 2 2 2 2 2 2 2 2 2 2 2
left_child=2 3 6 4 5 11 9 -4 -3 -1 -9 12 -2 -14
right_child=1 8 7 -5 -6 -7 -8 10 -10 -11 -12 -13 13 -15
leaf_value=-0.0084365303863859001 -0.0097844646770038294 -0.017095504441377425 -0.017275094379582658 -0.0047860928611360215 0.022643436367968742 0.016183971947863602 0.0034448417719080277 0.02762757398825276 -3.6769432954713029e-05 0.011881224396391832 -0.0070514474959992302 0.0099172473037131888 0.016864869092849507 0.0034272380763609024
leaf_weight=424.10274348780513 56.374478533864021 63.327451154589653 201.79610169865191 120.58660350739956 50.854621544480324 114.52669402956963 141.55925143137574 8.121769327670334 66.581740189343691 22.812212776392698 44.087330471724272 260.48116955161095 52.669465154409409 693.97100180387497
leaf_count=8472 332 1152 6387 1364 217 570 1367 155 999 351 867 1470 253 6052
internal_value=0.000127801 0.00451135 -0.00756583 0.00576148 0.00679954 0.00609694 -0.004771 -0.0139967 -0.00841954 -0.00737523 -0.00123886 0.0049965 0.00338996 0.00439644
internal_weight=2321.85 1479.37 842.479 1349.46 1228.88 1178.02 588.474 254.005 129.909 446.915 52.2091 1063.5 803.015 746.64
internal_count=30008 12409 17599 10258 8894 8677 10190 7409 2151 8823 1022 8107 6637 6305
is_linear=0
shrinkage=0.03


Tree=60
num_leaves=15
num_cat=0
split_feature=1 25 1 1 26 5 20 12 26 1 24 24 24 1
split_gain=73.1782 26.1072 20.5773 13.7978 18.6008 13.5647 12.6335 11.3865 9.79257 9.03513 15.1393 8.53656 8.24197 8.19062
threshold=0.31539148167540954 5.056678751908211 0.91620106859913608 0.53408299101214773 3.1764760348537178 10.425689202276843 1.0000000180025095e-35 1.0000000180025095e-35 26.65520587052368 0.40556534080469603 1.0000000180025095e-35 1.0000000180025095e-35 1.0000000180025095e-35 0.61299078603327717
decision_type=2 2 2 2 2 2 2 2 2 2 2 2 2 2
left_child=6 2 5 -3 -5 9 7 8 11 -2 -11 -1 -4 -7
right_child=1 3 12 4 -6 13 -8 -9 -10 10 -12 -13 -14 -15
leaf_value=-0.0057973661825962419 -0.0049559889859261443 0.0049884747287083911 0.015981793415512858 0.00194576957107441 0.023521922060962888 -0.017977717707231576 0.012122302427151406 0.00091334176964748617 -0.020792057410337163 0.0080916756429119403 -0.0016140379086888601 -0.015093728399429325 0.0045277291686395384 -0.00080329947313988799
leaf_weight=193.96028785780072 264.82700364664197 285.96025669574738 75.390939235687256 55.301416851580143 102.85855783522129 66.156473655253649 21.739553418010473 65.134625982493162 99.698865577578545 215.43177134543657 435.31435317546129 166.4533410705626 222.98292651772499 39.959168531000614
leaf_count=4783 4166 1990 332 289 503 1249 227 1244 3421 1685 4269 3909 1374 611
internal_value=-0.000305784 0.00266737 0.000548352 0.00895038 0.0160373 -0.00147708 -0.00988241 -0.0108145 -0.0124731 -0.000294977 0.00160656 -0.0101207 0.00746558 -0.0115784
internal_weight=2311.17 1764.18 1320.06 444.12 158.16 1021.69 546.987 525.247 460.112 915.573 650.746 360.414 298.374 106.116
internal_count=30052 16468 13686 2782 792 11980 13584 13357 12113 10120 5954 8692 1706 1860
is_linear=0
shrinkage=0.03


Tree=61
num_leaves=15
num_cat=0
split_feature=1 23 22 1 0 24 1 15 2 0 24 12 2 25
split_gain=69.9661 33.8449 15.982 14.7675 11.6972 11.7682 10.4854 10.0793 12.6533 9.65254 8.51226 8.21543 9.43244 6.87795
threshold=0.28807258006036091 1.0000000180025095e-35 1.0000000180025095e-35 1.4700506022900977 4.8337342596362287 1.0000000180025095e-35 0.37827389022488062 1.0000000180025095e-35 2.4092586143034018 17.673284909709121 1.0000000180025095e-35 1.0000000180025095e-35 3.3705424667706052 3.8013155617496417
decision_type=2 2 2 2 2 2 2 2 2 2 2 2 2 2
left_child=11 2 3 9 -3 6 -6 8 -4 10 -2 12 -1 -10
right_child=1 4 7 -5 5 -7 -8 -9 13 -11 -12 -13 -14 -15
leaf_value=-0.0088448338251537993 0.013748748847325288 0.018074063541705938 0.0040163727741955669 0.030428210144737382 -0.0052868872096147861 -0.0068174617554882088 0.0062878644843466121 0.0099867182867141042 -0.012091824129414066 0.00077087606488651476 0.0062922205059442893 -0.00040071606653531823 -0.019085496986857121 0.00054295944442619721
leaf_weight=212.89264962822199 231.35692652314901 22.683803960680962 198.97110978886485 25.40851266682148 124.14070821925998 382.33821412548423 160.19552792981267 92.749125182628632 99.763987258076668 150.96303199976683 347.06869875639677 55.565043706446886 133.33914229087532 62.897770073264837
leaf_count=5122 1306 103 1372 109 2427 5415 1537 607 1419 2152 2193 1085 4620 518
internal_value=0.0002387 0.00264684 0.00566951 0.00834278 -0.00265566 -0.00338701 0.00123353 0.00122025 -0.00104946 0.00753282 0.00929324 -0.0111184 -0.0128323 -0.00723276
internal_weight=2300.33 1898.54 1209.18 754.797 689.358 666.674 284.336 454.382 361.633 729.389 578.426 401.797 346.232 162.662
internal_count=29985 19158 9676 5760 9482 9379 3964 3916 3309 5651 3499 10827 9742 1937
is_linear=0
shrinkage=0.03


Tree=62
num_leaves=15
num_cat=0
split_feature=26 23 12 27 26 26 24 24 26 26 0 0 26 0
split_gain=72.4067 25.5994 13.6558 12.2861 11.4239 11.0026 11.2214 10.1939 13.5038 13.6892 7.35033 7.32547 8.35538 8.95995
threshold=19.062922122413706 1.0000000180025095e-35 1.0000000180025095e-35 1.0000000180025095e-35 26.390433864570571 4.1000000000000059 1.0000000180025095e-35 1.5000000000000002 2.7694741309801434 8.515280362690353 6.2497997919802195 21.224985276791127 13.341101891671547 13.086252328302406
decision_type=2 2 2 2 2 2 2 2 2 2 2 2 2 2
left_child=1 3 4 -1 -2 -3 -7 8 -5 -10 -9 12 13 -11
right_child=2 5 -4 7 -6 6 -8 10 9 11 -12 -13 -14 -15
leaf_value=0.013436290382334532 -0.0099710453138460754 0.010191227783574329 0.0005943401597071859 -0.007097220000141697 -0.022031668051863299 0.0018821912357682893 -0.0069396940130373817 0.012588551679960444 0.009733576638067936 -0.0046497157175967325 -0.0046769280813017764 0.01479159903857573 -0.0065310835671199344 0.0073417447907721117
leaf_weight=141.51403108984232 245.27252839691937 56.184838622808456 74.770763419568539 71.873792968690395 100.62474500574172 207.00595969706774 345.20064385980368 24.727639734745026 484.80367076396942 79.914038475602865 161.43407236784697 36.761895250529051 98.051238629966974 182.71880450844765
leaf_count=727 6546 336 1369 373 3577 2547 4876 126 2827 814 1658 704 1673 1874
internal_value=0.000214946 0.00272127 -0.0110265 0.00512526 -0.013533 -0.00234371 -0.00363521 0.00408296 0.00533506 0.00635476 -0.00232857 0.00221921 0.000900447 0.00368918
internal_weight=2310.86 1890.19 420.668 1281.8 345.897 608.391 552.207 1140.29 954.123 882.25 186.162 397.446 360.684 262.633
internal_count=30027 18535 11492 10776 10123 7759 7423 10049 8265 7892 1784 5065 4361 2688
is_linear=0
shrinkage=0.03


Tree=63
num_leaves=15
num_cat=0
split_feature=1 1 24 26 2 1 26 25 5 7 20 12 22 25
split_gain=61.04 26.2273 17.9143 15.889 14.4582 17.6018 12.0388 9.47105 9.31548 9.92382 8.91807 9.46891 8.90711 8.99003
threshold=0.28692010868224888 1.0088433281222617 1.5000000000000002 10.935721197917024 2.640292008958391 0.54486391545154345 3.3786052109121671 5.0184652829235281 13.383198374969593 1.0000000180025095e-35 1.0000000180025095e-35 1.0000000180025095e-35 1.0000000180025095e-35 5.9219928476096646
decision_type=2 2 2 2 2 2 2 2 2 2 2 2 2 2
left_child=10 2 3 4 5 -2 -6 -7 9 -5 11 -1 13 -9
right_child=1 -3 -4 8 6 7 -8 12 -10 -11 -12 -13 -14 -15
leaf_value=-0.013969022333401341 -0.0079559230056405628 0.011008746979892891 -0.0065909946847746764 0.00059694856485157093 -0.013004653858504411 0.002330252855129306 0.012231540189786864 0.03289420151402761 -0.022400924642061833 -0.010007233417270427 0.013064720286295343 -0.00046358428496902311 -0.0032432519250470506 0.010512394637751421
leaf_weight=321.35189291089773 128.30514926835895 244.46835768967867 267.67616433650255 415.15233937650919 17.541143015027046 384.01784396544099 233.54675722494721 23.03592886775732 18.811622057110071 97.189758412539959 12.425070041790603 54.724320538341999 24.037155091762543 54.322591610252857
leaf_count=9437 1004 1268 3226 6779 97 2971 1524 113 407 1587 148 1070 129 261
internal_value=-0.000353716 0.00185463 0.000503641 0.00186779 0.0043742 0.00188617 0.0104239 0.00449865 -0.00221362 -0.00143021 -0.0111768 -0.0120102 0.0126081 0.017512
internal_weight=2296.61 1908.1 1663.64 1395.96 864.807 613.719 251.088 485.414 531.154 512.342 388.501 376.076 101.396 77.3585
internal_count=30021 19366 18098 14872 6099 4478 1621 3474 8773 8366 10655 10507 503 374
is_linear=0
shrinkage=0.03


Tree=64
num_leaves=15
num_cat=0
split_feature=0 24 5 2 12 12 25 20 27 23 0 24 2 23
split_gain=47.7205 27.5434 17.2117 15.7556 11.6262 10.8511 10.5622 10.3061 8.58763 7.87411 9.42462 5.75457 5.70887 5.59677
threshold=18.008192536701774 1.0000000180025095e-35 8.6023252670426249 3.3705424667706052 1.0000000180025095e-35 1.0000000180025095e-35 4.5343136195018561 1.0000000180025095e-35 1.0000000180025095e-35 1.5000000000000002 3.6701496078529972 1.5000000000000002 2.6627898193949542 1.0000000180025095e-35
decision_type=2 2 2 2 2 2 2 2 2 2 2 2 2 2
left_child=1 8 7 5 -5 6 11 9 -1 10 -3 13 -4 -2
right_child=3 2 12 4 -6 -7 -8 -9 -10 -11 -12 -13 -14 -15
leaf_value=0.016959737055931626 -0.0015393456046834122 0.022091978379238826 -0.0061055335100239057 -0.018759663363494022 -0.00020231436604205432 0.011166303126840235 0.001819365779352096 0.012768667633258497 0.0069033720489521735 -0.0091678718004305233 0.0013433198637298257 -0.020880086049153271 -0.022295326103787715 -0.0096822639365105774
leaf_weight=91.99222207441926 122.78045457974076 19.270012751221657 153.7499228194356 125.28210644051433 40.040086962282658 39.859435047954321 146.75274777412415 72.822195898741484 452.20926177129149 61.589854646474123 714.05784579366446 26.906054072082043 21.783175874501467 200.10936122760177
leaf_count=474 2820 81 2258 4559 800 645 2225 401 3515 706 5728 576 481 4741
internal_value=0.00028709 0.00316666 0.000310611 -0.00622239 -0.0142934 -0.00371292 -0.00492736 0.00204567 0.0086313 0.00104853 0.00191788 -0.00775498 -0.00822956 -0.00660019
internal_weight=2289.2 1587.47 1043.27 701.73 165.322 536.408 496.549 867.74 544.201 794.918 733.328 349.796 175.533 322.89
internal_count=30010 13644 9655 16366 5359 11007 10362 6916 3989 6515 5809 8137 2739 7561
is_linear=0
shrinkage=0.03


Tree=65
num_leaves=15
num_cat=0
split_feature=1 23 27 5 22 1 20 2 12 26 1 12 13 1
split_gain=59.6247 24.8849 15.5312 11.4132 10.2716 18.5161 8.94987 8.50364 8.31455 10.9896 7.69447 7.25874 7.25184 15.9633
threshold=0.28807258006036091 1.0000000180025095e-35 1.0000000180025095e-35 12.033287165193061 1.0000000180025095e-35 0.46100501614358619 1.0000000180025095e-35 2.8008219276799613 1.0000000180025095e-35 25.079174617859522 0.93169543365252461 1.0000000180025095e-35 1.0000000180025095e-35 0.83292436659122393
decision_type=2 2 2 2 2 2 2 2 2 2 2 2 2 2
left_child=6 2 -2 12 5 11 8 10 9 -1 -7 -3 -4 -14
right_child=1 4 3 -5 -6 7 -8 -9 -10 -11 -12 -13 13 -15
leaf_value=-0.0087475160416716526 0.014842828037510214 -0.0065088224679359617 0.0064419565228512506 -0.013583076377415499 -0.0077775136136175108 0.0018580589873676133 0.012659275754890542 0.027362050564849055 -0.00046078983048384665 -0.020232711056058297 0.01615923176033562 0.01096638198943916 -0.00162165193751093 0.011892633213126138
leaf_weight=196.80750868469477 126.94846734404564 245.16753224655986 613.60677394270897 32.074509799480438 206.03741313517094 151.63103787600994 13.669618640094994 15.827368557453154 53.745345931500196 123.21392799541354 42.718403719365597 22.526330687105656 348.59222480654716 100.52325293421745
leaf_count=5069 559 4531 5398 639 2849 1355 152 191 1047 4535 221 325 2724 447
internal_value=0.000201628 0.00238406 0.00494755 0.00378764 -0.00219594 0.000221819 -0.0105114 0.00686858 -0.0113904 -0.0132188 0.00506811 -0.00500295 0.00432419 0.00142288
internal_weight=2293.09 1905.65 1221.75 1094.8 683.908 477.871 387.436 210.177 373.767 320.021 194.349 267.694 1062.72 449.115
internal_count=30042 19239 9767 9208 9472 6623 10803 1767 10651 9604 1576 4856 8569 3171
is_linear=0
shrinkage=0.03


Tree=66
num_leaves=15
num_cat=0
split_feature=1 23 27 20 12 2 5 22 5 1 12 23 19 1
split_gain=48.5621 27.8551 17.3415 10.3995 11.6264 11.6701 9.35708 9.34169 8.97005 10.6882 9.81845 7.68231 7.34814 7.83533
threshold=0.31539148167540954 1.0000000180025095e-35 1.0000000180025095e-35 1.0000000180025095e-35 1.0000000180025095e-35 3.3705424667706052 12.879246859226251 1.0000000180025095e-35 8.6023252670426249 0.46100501614358619 1.0000000180025095e-35 1.5000000000000002 1.0000000180025095e-35 0.52422889648919713
decision_type=2 2 2 2 2 2 2 2 2 2 2 2 2 2
left_child=3 2 7 4 5 -1 12 -2 9 10 -3 -11 13 -4
right_child=1 8 6 -5 -6 -7 -8 -9 -10 11 -12 -13 -14 -15
leaf_value=-0.0076398998001850522 0.01995886224546253 -0.0079252960179391832 0.0029382520933901716 0.011903165678095528 0.0027590498855359514 -0.018670842759975111 -0.01596039947583671 0.00028033972684951124 -0.012065339918686597 0.0051323182270891967 0.018534077353581761 -0.005632037578715614 0.0002185656429536509 0.0092263177065833504
leaf_weight=313.49767861701548 97.069209963083267 210.59684106335044 387.98978270590305 21.671102624386549 65.924290712922812 119.76669710502028 20.165616877377033 27.921317152678967 81.076259355992079 222.7534049116075 12.487846247851847 80.452123284339905 294.61288630962372 331.30239275842905
leaf_count=7471 417 3520 3478 215 1254 4516 435 128 1373 1918 160 777 2216 2012
internal_value=-1.29073e-05 0.00236134 0.00508692 -0.00805397 -0.00894242 -0.0107251 0.00380233 0.0156 -0.00283978 -0.00139838 -0.00636805 0.00226699 0.00421073 0.00584329
internal_weight=2287.29 1766.43 1159.06 520.86 499.189 433.264 1034.07 124.991 607.366 526.29 223.085 303.206 1013.91 719.292
internal_count=29890 16434 8686 13456 13241 11987 8141 545 7748 6375 3680 2695 7706 5490
is_linear=0
shrinkage=0.03


Tree=67
num_leaves=15
num_cat=0
split_feature=1 22 2 1 7 12 5 15 1 1 19 20 1 26
split_gain=58.974 24.1536 17.6285 13.0823 13.1274 10.2568 10.2277 10.7798 11.7688 9.92895 9.68033 9.35253 8.48273 9.5326
threshold=0.38055726864568074 1.0000000180025095e-35 3.3705424667706052 1.4700506022900977 1.0000000180025095e-35 1.0000000180025095e-35 9.9944983739816742 1.0000000180025095e-35 0.61952128578633037 0.19117773690915182 1.0000000180025095e-35 1.0000000180025095e-35 0.63826547482214491 2.017418010682746
decision_type=2 2 2 2 2 2 2 2 2 2 2 2 2 2
left_child=2 3 11 4 10 -4 -3 -8 -9 -7 12 -1 -2 -14
right_child=1 6 5 -5 -6 9 7 8 -10 -11 -12 -13 13 -15
leaf_value=-0.0054955022917815982 0.0072718314671055221 0.00070156954747746514 -0.019887891545138141 0.024556527379420646 -0.00098770183906766854 0.029500961184393014 -0.012087916745332565 -0.011451546167132729 0.051591138052546531 -0.0090026329925680815 0.00098432927259568858 0.0076660534566567757 -0.0088123489374263425 0.018041738199211059
leaf_weight=605.22251598909497 346.15649690851569 496.21086609363556 119.69296856410801 34.301391571760178 192.52824564278126 6.3696213215589514 103.13016029074788 4.7735170125961286 4.2945037558674812 32.18379258736968 140.68080198019743 51.959934804588556 12.408883817493914 139.55006977915764
leaf_count=11962 2876 3970 4598 148 1474 119 1873 70 44 650 1016 403 58 759
internal_value=-0.000154012 0.00342663 -0.00662294 0.0066433 0.00587557 -0.0155838 -0.00115334 -0.00929063 0.0205635 -0.00205622 0.00794242 -0.00444482 0.00990165 0.0158056
internal_weight=2289.46 1474.03 815.429 865.626 831.324 158.246 608.409 112.198 9.06802 38.5534 638.796 657.182 498.115 151.959
internal_count=30020 12288 17732 6331 6183 5367 5957 1987 114 769 4709 12365 3693 817
is_linear=0
shrinkage=0.03


Tree=68
num_leaves=15
num_cat=0
split_feature=26 23 24 2 12 26 2 26 5 2 19 3 2 27
split_gain=56.1395 17.4308 16.1101 17.5473 13.2536 12.4009 12.05 9.91373 7.56468 7.22329 6.15915 5.90282 5.73326 5.44554
threshold=16.404115279974544 1.5000000000000002 1.0000000180025095e-35 2.3707492962080008 1.0000000180025095e-35 25.36631624812717 1.7636571275534623 3.5651062112339598 13.244055268850559 3.1791079461547196 1.0000000180025095e-35 1.0000000180025095e-35 2.4197932386521779 1.0000000180025095e-35
decision_type=2 2 2 2 2 2 2 2 2 2 2 2 2 2
left_child=1 2 3 -1 5 13 11 -5 -8 -6 -9 -4 -12 -2
right_child=4 -3 6 7 9 -7 8 10 -10 -11 12 -13 -14 -15
leaf_value=0.015922649621866958 0.028709822759660223 -0.0073533410586691193 0.024204262169101501 -0.0104560371146007 0.026997610741740386 -0.018737837746467582 0.0012722627377641954 0.0079736533980910001 -0.016498809150061446 -0.00024503714758978298 0.023567213865659374 0.0038582875825678826 -0.0042434728019765926 -0.0076385274526137399
leaf_weight=170.32340060174465 2.7915853783488265 135.63538777828217 29.384971722960472 35.829660587012768 9.0636890232563001 113.27062613330781 982.52936357632279 278.37385936453938 21.043555982410908 67.457514505833387 6.3711349219083777 22.985213458538055 69.665410321205854 334.30788316577673
leaf_count=815 53 1686 126 212 114 4395 9163 2589 482 1266 44 105 713 8226
internal_value=0.000358118 0.00294054 0.00380828 0.00791417 -0.00821886 -0.010177 0.00162317 0.00438705 0.000883575 0.0032884 0.00591283 0.015514 -0.00163753 -0.00725349
internal_weight=2279.03 1752.14 1616.51 560.563 526.891 450.37 1055.94 390.24 1003.57 76.5212 354.41 52.3702 76.0365 337.099
internal_count=29989 15935 14249 4373 14054 12674 9876 3558 9645 1380 3346 231 757 8279
is_linear=0
shrinkage=0.03


Tree=69
num_leaves=15
num_cat=0
split_feature=26 23 2 26 26 12 5 26 27 24 10 24 2 26
split_gain=39.7989 18.6879 13.1983 13.6616 13.8876 12.5992 11.6073 11.358 10.2132 9.21029 7.65616 7.79967 7.96021 7.65181
threshold=16.404115279974544 1.5000000000000002 1.678651379664698 2.7694741309801434 6.3067424113298118 1.0000000180025095e-35 10.480935072788121 25.36631624812717 1.0000000180025095e-35 1.5000000000000002 1.0000000180025095e-35 1.5000000000000002 2.107341256887993 13.994641831786911
decision_type=2 2 2 2 2 2 2 2 2 2 2 2 2 2
left_child=1 2 -1 -4 -5 7 10 8 -2 -10 11 12 -6 -3
right_child=5 13 3 4 6 -7 -8 -9 9 -11 -12 -13 -14 -15
leaf_value=0.017826589868956647 0.041574809893718152 -0.011819049125534244 -0.0079201805507579832 0.0073915365823801517 0.02306199069824575 0.0035793366949151782 -0.008978908447106769 -0.017658447461769585 -0.005712946280167195 -0.025141712057983805 -0.025878664417391794 -0.0037796631003128253 0.0032072907277706729 0.0080996814427254128
leaf_weight=50.612147942185402 2.9405118953436604 112.32403909787536 106.55409472435713 471.60873462632298 17.678185917437077 79.207894805818796 91.554473683238029 110.86133971624076 308.28764043189585 22.793283388018608 7.6757928282022467 149.61460189521313 723.04788395762444 19.767412796616554
leaf_count=218 57 1339 571 2689 83 1421 1681 4376 7676 544 65 1692 7270 322
internal_value=-0.000163046 0.00200893 0.00289604 0.00240297 0.00316067 -0.00740735 0.0011389 -0.00936708 -0.00657069 -0.0071222 0.00217927 0.00244992 0.0037116 -0.00879976
internal_weight=2274.53 1750.44 1618.35 1567.73 1461.18 524.091 989.571 444.883 334.021 331.081 898.016 890.341 740.726 132.091
internal_count=30004 15930 14269 14051 13480 14074 10791 12653 8277 8220 9110 9045 7353 1661
is_linear=0
shrinkage=0.03


Tree=70
num_leaves=15
num_cat=0
split_feature=26 0 23 11 12 10 5 14 2 25 26 0 26 25
split_gain=42.828 18.2552 13.6138 11.8275 10.2052 8.5205 9.51399 12.2306 8.39108 7.60138 10.2242 8.33362 7.43289 7.35394
threshold=11.593532679903918 28.167623246591749 1.5000000000000002 1.0000000180025095e-35 1.0000000180025095e-35 1.0000000180025095e-35 5.8523499553598173 1.0000000180025095e-35 2.2756380638315981 5.4083269131959879 15.196710113309011 21.703801510028885 2.7694741309801434 3.1890437438203958
decision_type=2 2 2 2 2 2 2 2 2 2 2 2 2 2
left_child=2 4 3 5 9 6 8 -8 -1 -2 -11 -12 -10 -14
right_child=1 -3 -4 -5 -6 -7 7 -9 12 10 11 -13 13 -15
leaf_value=0.0089852018223116597 -0.0055868099849421286 -0.015196965433118447 -0.008345715850080428 0.033741216688128718 0.011038580456474724 -0.018281052095834964 0.0051667679757913558 -0.0068520720579397908 -0.0090941521921780854 -0.0045333050725832489 0.05449708886878453 0.010848081075509544 -0.0024346714335618351 0.005491563261995739
leaf_weight=319.8182257860899 593.3895036559552 148.92020075954497 91.146145593374968 10.610807646065949 39.229083131998777 15.272022392600773 145.66935862973332 157.63979319855571 41.279462084174156 37.575372193008661 4.1058080941438702 20.783085750415921 131.35888597369194 521.08303294703364
leaf_count=1513 12381 5253 1016 94 624 97 1425 1929 244 460 51 410 1008 3503
internal_value=-0.000340665 -0.00569858 0.00281486 0.0035781 -0.00364466 0.00331271 0.00357683 -0.00108181 0.00497065 -0.00453839 0.00535234 0.0198756 0.0031096 0.00389446
internal_weight=2277.88 844.003 1433.88 1342.73 695.083 1332.12 1316.85 303.309 1013.54 655.854 62.4643 24.8889 693.721 652.442
internal_count=30008 19179 10829 9813 13926 9719 9622 3354 6268 13302 921 461 4755 4511
is_linear=0
shrinkage=0.03


Tree=71
num_leaves=15
num_cat=0
split_feature=1 22 25 14 1 12 27 26 2 1 26 25 23 19
split_gain=39.9389 19.2471 16.6814 12.5363 11.5462 11.4873 11.3477 18.0237 9.80932 9.25645 9.1341 8.38717 8.22318 8.63511
threshold=0.41462205883551323 1.0000000180025095e-35 4.3399305309576279 1.0000000180025095e-35 0.53863256292962036 1.0000000180025095e-35 1.0000000180025095e-35 2.7694741309801434 2.5125579392263004 0.22643573626159277 25.495097567963931 2.0248456731316602 2.5000000000000004 1.0000000180025095e-35
decision_type=2 2 2 2 2 2 2 2 2 2 2 2 2 2
left_child=2 6 5 4 -3 10 -2 -8 11 -4 -1 -6 13 -9
right_child=1 3 9 -5 8 -7 7 12 -10 -11 -12 -13 -14 -15
leaf_value=-0.0073941704508764215 0.014715611942252238 -0.0083955921740112155 -0.013999640951285057 -0.0057857062179142073 0.0097224464426355576 0.0030396902924771526 -0.012143770884280491 0.0092574011865821249 0.018983695941352463 0.002189848860971632 -0.017749754168870861 -0.0019523767196732173 -0.014252750661601038 0.00056721485193925517
leaf_weight=428.80354160815477 127.91608186066151 62.08007400482893 34.340156968683004 247.17990246415138 100.05967086553574 77.851546160876751 50.284104563295841 408.66368840634823 42.173971399664879 315.06804789602757 93.488200476393104 121.92010143771768 15.868410080671309 137.61396558582783
leaf_count=9374 582 708 837 2827 779 1394 247 2968 499 3970 3830 779 181 1019
internal_value=3.68701e-05 0.00342389 -0.00464794 -0.000702156 0.00315544 -0.00767787 0.00661623 0.00490332 0.00589153 0.000563319 -0.00927816 0.00333017 0.00644704 0.00707327
internal_weight=2263.31 1313.76 949.551 573.414 326.234 600.143 740.346 612.43 264.154 349.408 522.292 221.98 562.146 546.278
internal_count=29994 10589 19405 5592 2765 14598 4997 4415 2057 4807 13204 1558 4168 3987
is_linear=0
shrinkage=0.03


Tree=72
num_leaves=15
num_cat=0
split_feature=1 23 24 26 25 0 25 26 24 1 26 26 1 0
split_gain=49.9731 25.6398 11.5248 11.8207 9.32122 8.4668 9.9487 7.98743 10.1005 7.77282 11.5599 7.42651 7.81608 14.1651
threshold=0.28807258006036091 1.0000000180025095e-35 1.0000000180025095e-35 2.5268540104797461 2.7486346709943574 16.406401164304658 3.6878177829171541 4.1000000000000059 1.0000000180025095e-35 0.38055726864568074 16.635203635663743 2.7694741309801434 0.61952128578633037 13.086252328302406
decision_type=2 2 2 2 2 2 2 2 2 2 2 2 2 2
left_child=-1 2 3 -2 -4 -5 -7 -3 9 -9 -11 -6 13 -13
right_child=1 7 4 5 11 6 -8 8 -10 10 -12 12 -14 -15
leaf_value=-0.009798562009873741 -0.0070998237988165163 0.0081145735309838887 -0.0016366383870897898 0.012979171387037504 -0.0057421636719663296 -0.010035187515450373 0.0095227702979756614 -0.004684532489106919 -0.0067644764467032856 0.0031183309175756568 0.034189590026552884 -0.0064431700956814201 0.012555949657469758 0.0075730415903012376
leaf_weight=366.79947210662067 37.598002091050148 58.144468136131763 283.65129932016134 289.49241809919477 50.13050152361393 34.453554470092058 68.086753856390715 118.27447504550219 350.16840996593237 134.46695172786713 10.746525365859268 87.415005140006542 129.5225110463798 244.00284825637937
leaf_count=10745 184 343 2621 1660 250 619 720 2400 5243 1251 167 614 703 2389
internal_value=0.000322172 0.0022841 0.00486679 0.00882061 0.00272093 0.0103616 0.00291784 -0.00242307 -0.0034331 0.00100305 0.00563587 0.00513792 0.00633107 0.00386785
internal_weight=2262.95 1896.15 1224.35 429.631 794.722 392.033 102.54 671.801 613.656 263.488 145.213 511.071 460.94 331.418
internal_count=29909 19164 9760 3183 6577 2999 1339 9404 9061 3818 1418 3956 3706 3003
is_linear=0
shrinkage=0.03


Tree=73
num_leaves=15
num_cat=0
split_feature=26 24 25 12 0 25 13 0 26 3 0 26 26 0
split_gain=33.9378 15.4949 10.1505 14.2505 12.0806 8.10442 12.8993 7.76631 7.70132 7.19673 6.86409 5.87296 7.96847 7.51192
threshold=10.935721197917024 1.0000000180025095e-35 4.272001872658767 1.0000000180025095e-35 28.425340807103797 9.6914909451239595 1.0000000180025095e-35 4.8337342596362287 5.4781383699209369 1.0000000180025095e-35 9.3837622652511801 3.9217343102255122 5.5883805165674216 7.4966659255965293
decision_type=2 2 2 2 2 2 2 2 2 2 2 2 2 2
left_child=1 11 3 4 -2 7 -7 9 -8 -3 -4 -1 -13 -14
right_child=2 5 10 -5 -6 6 8 -9 -10 -11 -12 12 13 -15
leaf_value=0.0013959828346633593 -0.0060353062272621022 0.021485581997604673 0.034744228701815184 0.0059688194597881271 -0.018386805340765266 0.027344607798995807 -0.021264458239294064 -0.00060970963371041915 0.014425795853876348 -0.00022993593346247912 0.00049466906705492692 0.017445955445242238 0.024188709046839101 0.0053456738256608249
leaf_weight=107.57173835486174 536.80495968274772 27.546496912837029 4.4086451679468146 76.542808067053556 81.669388907030225 24.376977942883968 10.615161389112474 810.95406457409263 9.2961710393428785 26.432347998023033 201.6740566175431 83.982328794896603 19.78462877124548 246.11652078852057
leaf_count=542 11153 119 19 1381 3504 136 62 6892 48 123 3917 410 89 1631
internal_value=6.63482e-05 0.00304557 -0.00445054 -0.00618233 -0.00769337 0.000777216 0.0131483 0.00012931 -0.00470844 0.0110412 0.0013916 0.00754255 0.00942294 0.00683308
internal_weight=2267.78 1366.68 901.1 695.017 618.474 909.221 44.2883 864.933 19.9113 53.9788 206.083 457.455 349.883 265.901
internal_count=30026 10052 19974 16038 14657 7380 246 7134 110 242 3936 2672 2130 1720
is_linear=0
shrinkage=0.03


Tree=74
num_leaves=15
num_cat=0
split_feature=26 27 12 23 17 0 0 12 26 0 2 22 2 2
split_gain=34.4555 18.7395 13.2425 12.8497 14.4819 10.2183 8.03464 7.62054 7.13633 8.32855 6.99986 6.95847 6.79199 6.27643
threshold=20.778113485107355 1.0000000180025095e-35 1.0000000180025095e-35 1.0000000180025095e-35 1.0000000180025095e-35 8.483218477939781 4.8337342596362287 1.0000000180025095e-35 2.7694741309801434 14.695917548474588 2.7743978343213702 1.0000000180025095e-35 3.1558880459045469 2.6987104224406706
decision_type=2 2 2 2 2 2 2 2 2 2 2 2 2 2
left_child=1 6 -2 4 8 -6 -1 -5 -3 13 -11 12 -7 -10
right_child=2 3 -4 7 5 11 -8 -9 9 10 -12 -13 -14 -15
leaf_value=0.024349428139788461 -0.012585485788467347 -0.0076777945340465586 0.0020639893044693456 -0.0035800524193932925 0.0045527742382330452 -0.0019023596208542284 0.0075462676379072224 0.029818053787102738 0.0079107924971435241 -0.016076953253350061 0.0036061926251086669 -0.0089650262691086842 0.021399822868180662 0.020802325506638113
leaf_weight=29.848159551620483 243.53787737526 34.376336000859737 71.521778542548418 571.88841453567147 183.74016189575195 213.98398499563336 163.67673854902387 5.2249514535069457 269.60711983591318 16.402937468141317 250.08384981378913 153.0566437151283 10.880655897781251 38.594871241599321
leaf_count=135 8546 183 1319 8321 1011 2002 932 58 1764 118 3212 1838 252 289
internal_value=-7.78776e-05 0.0014169 -0.0092639 0.000433608 0.00223915 -0.0012348 0.0102497 -0.00322662 0.00543949 0.0062361 0.00233907 -0.00405323 -0.000685069 0.0095872
internal_weight=2256.42 1941.36 315.06 1747.84 1170.73 561.661 193.525 577.113 609.065 574.689 266.487 377.921 224.865 308.202
internal_count=29980 20115 9865 19048 10669 5103 1067 8379 5566 5383 3330 4092 2254 2053
is_linear=0
shrinkage=0.03


Tree=75
num_leaves=15
num_cat=0
split_feature=1 23 22 1 1 26 26 26 2 26 12 1 26 1
split_gain=45.9814 21.0479 11.7444 10.9471 10.6637 10.9577 7.44105 11.1149 8.54366 6.91205 6.99223 10.2316 12.1462 6.78314
threshold=0.28692010868224888 1.0000000180025095e-35 1.0000000180025095e-35 0.52422889648919713 1.4700506022900977 2.7694741309801434 6.8912982504875453 7.7820305833374901 2.4370799771916278 6.3067424113298118 1.0000000180025095e-35 0.19795482754843216 28.279055837392082 0.40556534080469603
decision_type=2 2 2 2 2 2 2 2 2 2 2 2 2 2
left_child=9 2 4 -4 5 -2 -3 -8 -9 -1 -11 12 -12 -7
right_child=1 6 3 -5 -6 13 7 8 -10 10 11 -13 -14 -15
leaf_value=0.0075222557349367714 -0.0072469489329143053 0.0029525338903618149 -0.0076698126659567201 0.0027493901461527097 0.025067469336191844 0.0023444067820842509 -0.019639779756537325 0.0092133405576297466 -0.0045126699079915816 -0.013178179040751945 -0.011240351186121645 -0.0080323078648527613 0.048270974210824963 0.0085668981814282941
leaf_weight=17.88364040851593 56.642601117491722 154.71200812235475 122.95155641809106 337.87793937325478 24.616366267204285 244.00636233761907 39.425609190016985 44.024996552616358 441.75997336767614 282.56580756604671 4.8858284913003427 43.46368145942688 6.1409450359642506 449.67609401419759
leaf_count=191 275 1188 1355 2616 112 2905 439 512 7452 9390 85 866 115 2572
internal_value=-0.000418256 0.00142084 0.00375229 -4.10921e-05 0.00600522 0.0053473 -0.00281589 -0.00451749 -0.00325236 -0.0103204 -0.0112865 -0.00141654 0.0231601 0.00638463
internal_weight=2270.63 1915.69 1235.77 460.829 774.941 750.325 679.923 525.211 485.785 354.94 337.056 54.4905 11.0268 693.682
internal_count=30073 19426 9835 3971 5864 5752 9591 8403 7964 10647 10456 1066 200 5477
is_linear=0
shrinkage=0.03


Tree=76
num_leaves=15
num_cat=0
split_feature=1 25 1 24 12 0 23 15 5 1 1 27 26 0
split_gain=40.2787 16.1753 13.2261 12.7666 11.5538 11.6232 11.1328 8.6482 9.99331 8.37583 8.3656 7.47356 8.77671 7.73318
threshold=0.46100501614358619 4.272001872658767 0.25754956686234737 1.0000000180025095e-35 1.0000000180025095e-35 28.656587375331348 1.5000000000000002 1.0000000180025095e-35 9.9707069418110432 0.19117773690915182 0.37389788903230098 1.0000000180025095e-35 2.5268540104797461 15.759600184067784
decision_type=2 2 2 2 2 2 2 2 2 2 2 2 2 2
left_child=1 4 -3 11 5 -1 7 8 -5 -6 -11 -2 -13 -14
right_child=3 2 -4 6 9 -7 -8 -9 -10 10 -12 12 13 -15
leaf_value=-0.0072008789345943576 0.017688354748854371 -0.01266761337259331 0.0021818122169908784 0.0027131955800464278 0.028309383539395681 -0.01991209164397182 -0.010155668191021037 0.011915071953198906 -0.0092734508340104917 -0.0029551817090994739 0.041504331120513147 -0.010203236935878148 0.006612151464824044 0.028624469423457127
leaf_weight=493.74360944330692 62.084815658628941 61.982325784862041 376.79642239585519 589.44332715496421 9.4898132272064668 74.138656077906489 66.479895252734423 78.632127977907658 69.039011340588331 66.347226854413748 3.0374451875686637 25.708225525915623 264.67812954261899 14.326115325093268
leaf_count=10590 278 1607 3964 4307 167 3321 904 469 1267 1209 31 124 1670 128
internal_value=-0.000226874 -0.00438716 6.01327e-05 0.00363223 -0.00739977 -0.00889245 0.00151133 0.0025759 0.00144429 0.00332407 -0.000446856 0.00826206 0.00628988 0.00784062
internal_weight=2255.93 1085.54 438.779 1170.39 646.757 567.882 803.594 737.114 658.482 78.8745 69.3847 366.797 304.712 279.004
internal_count=30036 20889 5571 9147 15318 13911 6947 6043 5574 1407 1240 2200 1922 1798
is_linear=0
shrinkage=0.03


Tree=77
num_leaves=15
num_cat=0
split_feature=1 23 27 26 20 15 11 26 1 18 23 22 22 1
split_gain=43.0047 19.7613 15.1883 9.72265 11.9757 10.9638 11.6315 9.40166 8.90473 10.2876 9.01471 8.81136 8.00615 7.31473
threshold=0.27918069524646011 1.0000000180025095e-35 1.0000000180025095e-35 2.7694741309801434 1.0000000180025095e-35 1.0000000180025095e-35 1.0000000180025095e-35 3.3786052109121671 0.45720305183730386 1.0000000180025095e-35 2.5000000000000004 1.0000000180025095e-35 1.0000000180025095e-35 0.96850898065993285
decision_type=2 2 2 2 2 2 2 2 2 2 2 2 2 2
left_child=-1 2 11 13 5 6 7 -5 -3 10 -10 -2 -9 -4
right_child=1 8 3 4 -6 -7 -8 12 9 -11 -12 -13 -14 -15
leaf_value=-0.010357020725594758 0.017883402501853916 -0.0063580469652899062 -0.016069073302466406 0.016997999391045973 0.011763430857464939 0.010809913267504001 0.037382204772880602 0.0023101056390394713 0.011204025012735054 -0.0026075173231188717 -0.016801673388608662 -0.0010635024306534463 -0.0039955483327164844 0.0018023127726620235
leaf_weight=319.30295543558896 96.784849448129535 308.56263079307973 40.993669159710407 29.224258817732334 133.69292843714356 114.91398039087653 6.807183224707841 481.39727709069848 97.03469068557024 272.98475702106953 10.673448253422974 28.397908195853233 289.26112053357065 40.126245230436325
leaf_count=9879 430 6018 231 138 705 757 61 4608 753 3141 109 135 2981 178
internal_value=-0.000168758 0.00150324 0.00373396 0.00263495 0.00340596 0.00218215 0.00094125 0.00058484 -0.00257931 0.000492096 0.00829974 0.0136109 -5.87872e-05 -0.00731463
internal_weight=2270.16 1950.85 1261.6 1136.42 1055.3 921.604 806.69 799.883 689.256 380.693 107.708 125.183 770.658 81.1199
internal_count=30124 20245 10224 9659 9250 8545 7788 7727 10021 4003 862 565 7589 409
is_linear=0
shrinkage=0.03


Tree=78
num_leaves=15
num_cat=0
split_feature=1 17 23 7 19 1 26 1 25 25 23 1 25 12
split_gain=37.1763 14.5808 10.8304 10.7532 9.68812 13.3126 12.3544 9.66173 8.71685 8.65054 8.48628 7.6741 10.0471 7.59491
threshold=0.42145053576964975 1.0000000180025095e-35 1.5000000000000002 1.0000000180025095e-35 1.0000000180025095e-35 0.65170415467333254 2.7694741309801434 0.25333713108344186 5.4083269131959879 4.3399305309576279 1.0000000180025095e-35 0.72079892975719762 3.272612207843101 1.0000000180025095e-35
decision_type=2 2 2 2 2 2 2 2 2 2 2 2 2 2
left_child=3 4 8 7 5 -2 -7 13 11 -9 -6 12 -3 -1
right_child=1 2 -4 -5 10 6 -8 9 -10 -11 -12 -13 -14 -15
leaf_value=-0.011498889621595877 0.0062497349648026751 -0.0066979576109023288 -0.0084745282825703719 -0.011885688101541461 0.0061579414546409266 -0.0031028320827587467 0.022850762753662251 -0.0038870436214733439 0.011469965868762229 0.0032068081477981073 -0.0072345742772860749 0.0042204456119290037 0.0061022978057351639 0.0035090854494230989
leaf_weight=151.57002813182771 212.62800710275769 174.94581522792578 90.402890756726265 129.29304621182382 164.08449855074286 19.390085510909557 102.08059069141746 354.73652382194996 84.712700683623552 272.81856266595423 56.459413535892963 332.49738723412156 79.503421314060688 37.384176176041365
leaf_count=5259 1505 2167 1141 2751 1141 91 533 7695 445 3042 608 2218 671 740
internal_value=0.00065563 0.00391364 0.00121722 -0.00387937 0.00760958 0.0108246 0.0187163 -0.00259859 0.00253235 -0.000802921 0.00271227 0.00122509 -0.00269025 -0.00852675
internal_weight=2262.51 1316.7 762.062 945.802 554.643 334.099 121.471 816.509 671.659 627.555 220.544 586.947 254.449 188.954
internal_count=30007 10520 6642 19487 3878 2129 624 16736 5501 10737 1749 5056 2838 5999
is_linear=0
shrinkage=0.03


Tree=79
num_leaves=15
num_cat=0
split_feature=1 23 25 26 5 2 7 5 1 6 14 25 25 25
split_gain=28.9845 13.7924 12.5536 16.6557 11.495 9.58486 9.19599 9.1663 9.78029 8.75483 7.93846 9.65379 8.86405 6.572
threshold=0.53863256292962036 1.5000000000000002 5.45893762558247 3.9217343102255122 3.9050946122689383 1.678651379664698 1.0000000180025095e-35 10.460162301471263 0.28932827928712435 1.0000000180025095e-35 1.0000000180025095e-35 1.2649110640673553 1.4491212440208503 1.8302923670790197
decision_type=2 2 2 2 2 2 2 2 2 2 2 2 2 2
left_child=2 4 7 -4 5 -2 9 8 -1 -7 11 -6 -12 -14
right_child=1 -3 3 -5 10 6 -8 -9 -10 -11 12 -13 13 -15
leaf_value=-0.0084248203189763761 0.020955919878496689 -0.0081297378517621623 -0.012999468018090337 0.0049778743662668165 0.020256798649769685 0.012047628835670409 0.00026603896479099895 -0.018796491101754138 -0.0018447475469927524 0.0013970079458618843 -0.013153034124882052 0.0018821235314003667 0.013057008666859398 -0.0032129727154277545
leaf_weight=306.40059899538755 44.362931668758392 77.285466622561216 54.46846167743206 282.63735091872513 30.578058682382107 255.04604981094599 149.31818079575896 38.806304100900888 602.65385516732931 95.711956050246954 59.017002504318953 140.45868301019073 29.413654215633869 83.281588606536388
leaf_count=9962 195 884 341 2471 264 1386 840 840 9186 563 639 1151 340 905
internal_value=2.49283e-05 0.00395335 -0.00292446 0.0020433 0.00501391 0.00771941 0.00650569 -0.00469152 -0.00406941 0.00915361 0.0007064 0.00526581 -0.00383927 0.00111101
internal_weight=2249.44 964.474 1284.97 337.106 887.188 544.439 500.076 947.861 909.054 350.758 342.749 171.037 171.712 112.695
internal_count=29967 7167 22800 2812 6283 2984 2789 19988 19148 1949 3299 1415 1884 1245
is_linear=0
shrinkage=0.03


Tree=80
num_leaves=15
num_cat=0
split_feature=1 25 25 23 1 24 0 1 12 0 0 1 1 1
split_gain=30.7801 16.8351 13.7575 13.8653 11.2331 10.6594 10.6049 9.66766 9.21742 9.00431 9.48713 9.24613 7.81164 8.08228
threshold=0.25248786934821604 4.9040799340956926 0.68541019662497005 1.0000000180025095e-35 0.70458130582771494 1.0000000180025095e-35 28.063143088399777 0.69672816220633726 1.0000000180025095e-35 24.990198077645744 23.311477857409429 0.32533133450468688 0.26382876381501147 0.38989219341924103
decision_type=2 2 2 2 2 2 2 2 2 2 2 2 2 2
left_child=8 2 -2 9 -3 6 12 -7 -1 10 -4 -12 -5 -14
right_child=1 4 3 5 -6 7 -8 -9 -10 -11 11 -13 13 -15
leaf_value=-0.014037769143786726 0.021005215009687116 0.0035620351764638642 0.001479373309933726 0.029959345731670785 0.015440800088934257 -0.011831224700750412 -0.021650146256792437 -0.0013214689412536459 0.0024232298297467395 -0.015973914081842476 0.0098103935157451919 0.061110684370064602 -0.0045464684573903484 0.0061193256327515735
leaf_weight=172.4746138304472 24.733223214745522 459.89756271056831 797.11113286390901 7.347982879728078 84.126479372382164 218.71343624778092 18.275573564693332 123.23111617937684 36.850925754755735 25.037390297278762 12.170896174386142 3.5363023392856112 135.13878877088428 119.58172779530287
leaf_count=6037 239 3541 7135 203 406 4264 654 1287 731 854 320 64 3024 1185
internal_value=-0.000217715 0.000914311 -0.000740432 -0.0011229 0.0054239 -0.00451145 -0.000171643 -0.00805858 -0.0111421 0.0013962 0.00195023 0.0243265 0.00140278 0.000465071
internal_weight=2238.23 2028.9 1484.88 1460.14 544.024 622.289 280.344 341.945 209.326 837.856 812.818 15.7072 262.068 254.721
internal_count=29944 23176 19229 18990 3947 10617 5066 5551 6768 8373 7519 384 4412 4209
is_linear=0
shrinkage=0.03


Tree=81
num_leaves=15
num_cat=0
split_feature=1 25 23 25 26 26 1 5 7 12 23 2 0 24
split_gain=31.6936 16.384 14.0585 8.81115 21.3281 8.54959 8.39704 10.1938 9.15406 9.04327 8.54327 7.32454 11.7975 8.15772
threshold=0.53408299101214773 5.5127122824834229 1.5000000000000002 4.9040799340956926 3.1764760348537178 3.9217343102255122 0.28807258006036091 7.0003571246374277 1.0000000180025095e-35 1.0000000180025095e-35 1.0000000180025095e-35 2.6779015586321671 12.083045973594571 1.0000000180025095e-35
decision_type=2 2 2 2 2 2 2 2 2 2 2 2 2 2
left_child=1 6 3 -2 -5 -3 9 8 10 -1 -8 12 13 -6
right_child=2 5 -4 4 11 -7 7 -9 -10 -11 -12 -13 -14 -15
leaf_value=-0.011459444533414317 0.0039280722232680407 -0.008389359029679546 -0.00802303595198069 -0.0035168188124864402 0.034594194666392887 0.0049289228194871592 0.0040822039806405891 -0.016163307712561557 -0.0093909561078544933 0.0020317193381679142 -0.0039423692921957418 0.041168824249049926 -0.0029309873544652795 0.013682954058899553
leaf_weight=247.34223767183721 738.04865988716483 50.442655578255653 76.144572626799345 54.989860258996487 27.960178166627884 277.67329571954906 232.31321233510971 47.659988436847925 116.00270951166749 54.202993649989367 243.57205598056316 11.735772140324114 21.925796292722225 45.730734646320343
leaf_count=8899 5590 320 882 281 125 2404 2872 923 1794 1080 4513 58 103 221
internal_value=0.000221135 -0.00290405 0.00428177 0.00533012 0.0116411 0.00286218 -0.00491538 -0.00296158 -0.00187308 -0.0090357 -2.46626e-05 0.0193663 0.0162919 0.0219741
internal_weight=2245.74 1269.21 976.536 900.391 162.342 328.116 941.093 639.548 591.888 301.545 475.885 107.352 95.6167 73.6909
internal_count=30065 22805 7260 6378 788 2724 20081 10102 9179 9979 7385 507 449 346
is_linear=0
shrinkage=0.03


Tree=82
num_leaves=15
num_cat=0
split_feature=26 17 17 27 26 23 5 15 25 0 13 26 0 20
split_gain=27.1952 13.6846 9.58282 9.41152 7.54298 7.20022 7.85714 6.97686 5.58454 5.74495 5.53669 4.94112 6.83943 5.42028
threshold=18.462529616360232 1.0000000180025095e-35 1.0000000180025095e-35 1.0000000180025095e-35 18.080652634628699 2.5000000000000004 13.383198374969593 1.0000000180025095e-35 11.983530217540443 10.818964830333817 1.0000000180025095e-35 2.7694741309801434 5.7978444109919947 1.0000000180025095e-35
decision_type=2 2 2 2 2 2 2 2 2 2 2 2 2 2
left_child=1 3 -2 8 5 6 -3 11 9 -1 -11 -5 -13 -14
right_child=2 4 -4 7 -6 -7 -8 -9 -10 10 -12 12 13 -15
leaf_value=0.013945858483310317 -0.012908986089911626 -0.00043485322343980628 -0.0033710907186383461 -0.01044400475024302 0.027785887979582192 -0.01532451749402006 -0.020112752365296742 0.010034789735809067 0.027497236759739408 0.014650357507639168 -0.014306470160010895 0.022783271966037664 0.00088780608131888434 0.0097702982805718281
leaf_weight=61.184984263032675 160.62742209807038 908.00302677601576 231.75722326338291 27.374613091349602 7.0852606929838648 30.920688912272453 17.638305217027664 107.1322746835649 17.868582662194967 8.6232398860156536 14.629791736602783 13.425123184919356 554.90213828533888 68.623345222324133
leaf_count=287 5400 8708 6684 151 150 442 431 730 104 68 93 62 6216 400
internal_value=-0.000139482 0.00139247 -0.00729843 0.00410922 -0.00107258 -0.00131513 -0.00083112 0.00296607 0.0126171 0.00918326 -0.00340672 0.00181277 0.00235508 0.00187947
internal_weight=2229.8 1837.41 392.385 873.764 963.647 956.562 925.641 771.457 102.307 84.438 23.253 664.325 636.951 623.525
internal_count=29926 17842 12084 8111 9731 9581 9139 7559 552 448 161 6829 6678 6616
is_linear=0
shrinkage=0.03


Tree=83
num_leaves=15
num_cat=0
split_feature=26 1 23 2 7 18 0 27 1 0 5 5 1 26
split_gain=26.0728 16.3452 12.4484 16.9636 10.4353 9.62049 10.3928 9.3476 8.997 7.79983 8.9749 7.28529 5.69186 6.27028
threshold=20.778113485107355 0.24725837612181817 1.0000000180025095e-35 3.1833959420481848 1.0000000180025095e-35 1.0000000180025095e-35 8.2622634738384964 1.0000000180025095e-35 1.3478912332215944 7.9066427199043163 3.1780497164141406 12.984413720548195 0.4906160677768302 2.7694741309801434
decision_type=2 2 2 2 2 2 2 2 2 2 2 2 2 2
left_child=1 -1 3 4 7 6 -4 9 12 10 -3 -9 -6 -14
right_child=-2 2 5 -5 8 -7 -8 11 -10 -11 -12 -13 13 -15
leaf_value=-0.013342804106967955 -0.0079971965884149468 0.012645563850334612 0.018646347393835892 0.029093078744042745 -0.011349614815676408 -0.0038941808274364277 0.00079210100467527289 0.003971904630218322 0.024734099041727867 0.022246276758948275 -0.014436973943755295 -0.014561443951637217 -0.017410039686069665 0.0020725821662400177
leaf_weight=62.758117642253637 292.17862730845809 39.345456086099148 35.38968438655138 22.433325434103608 66.8919717669487 426.13406207412481 152.01697466336191 930.16820000484586 9.0803618878126127 45.546089060604572 14.219165146350859 18.527607349678874 16.186945721507072 109.20603463053703
leaf_count=1493 9767 177 188 440 727 6106 2104 7527 41 219 62 432 78 579
internal_value=0.000343989 0.0015986 0.00210282 0.00379523 0.00331801 -0.00140527 0.00424475 0.00451953 -0.00292557 0.0132448 0.00532346 0.003595 -0.00435296 -0.000560271
internal_weight=2240.08 1947.9 1885.15 1271.61 1249.17 613.541 187.407 1047.81 201.365 99.1107 53.5646 948.696 192.285 125.393
internal_count=29940 20173 18680 10282 9842 8398 2292 8417 1425 458 239 7959 1384 657
is_linear=0
shrinkage=0.03


Tree=84
num_leaves=15
num_cat=0
split_feature=1 1 24 23 26 19 12 1 14 25 1 25 0 0
split_gain=24.7514 13.4018 13.6002 9.9088 9.34867 9.65821 8.9151 8.41219 8.07606 10.8693 7.73076 10.8636 7.3266 6.9249
threshold=0.27918069524646011 1.3478912332215944 1.5000000000000002 1.0000000180025095e-35 2.9732137494636963 1.0000000180025095e-35 1.0000000180025095e-35 0.17152398927255055 1.0000000180025095e-35 6.0008332754710016 0.65170415467333254 5.056678751908211 29.286003398788697 13.086252328302406
decision_type=2 2 2 2 2 2 2 2 2 2 2 2 2 2
left_child=6 2 3 4 -2 10 -1 12 -5 -10 13 -12 -8 -6
right_child=1 -3 -4 8 5 -7 7 -9 9 -11 11 -13 -14 -15
leaf_value=-0.010280787063238287 -0.005778877219885869 0.013208863087081447 -0.0051111208195232828 0.00047820041306113653 -0.0014797974094992151 -0.00061304051971843661 0.0014643891210518189 -0.001479980784963581 -0.011112521448801156 0.021144697688604226 0.0084899128217412727 0.029788117749942958 0.061596719474728605 0.0065136698428081728
leaf_weight=254.18036759458482 87.523241586983204 79.002172112464905 305.03219131939113 409.39890906773508 128.67742788046598 249.37284665368497 3.5439520701766005 43.822305474430323 108.69103062711656 9.3630902990698797 124.7832780405879 25.493550032377243 2.8690679408609867 397.93925095535815
leaf_count=8894 439 351 3537 6202 822 1928 61 898 1783 78 685 113 50 4161
internal_value=-7.04359e-05 0.00118762 0.000666364 0.00181238 0.00354624 0.00443266 -0.00800488 0.00348665 -0.0015206 -0.00839803 0.0062897 0.0122761 0.0330467 0.00456138
internal_weight=2229.69 1925.28 1846.27 1541.24 1013.79 926.266 304.416 50.2353 527.453 118.054 676.894 150.277 6.41302 526.617
internal_count=30002 20099 19748 16211 8148 7709 9903 1009 8063 1861 5781 798 111 4983
is_linear=0
shrinkage=0.03


Tree=85
num_leaves=15
num_cat=0
split_feature=1 22 19 5 23 1 5 23 7 27 1 1 1 0
split_gain=21.5423 17.5939 10.0159 9.65274 8.24906 7.86699 7.89029 9.98892 7.56831 6.03629 5.94461 5.86329 5.7852 6.80754
threshold=0.36903686250029294 1.0000000180025095e-35 1.0000000180025095e-35 13.244055268850559 1.0000000180025095e-35 0.61952128578633037 3.1780497164141406 1.5000000000000002 1.0000000180025095e-35 1.0000000180025095e-35 1.3478912332215944 0.26265699688983152 0.53863256292962036 13.416780532643397
decision_type=2 2 2 2 2 2 2 2 2 2 2 2 2 2
left_child=4 2 5 12 9 8 7 -7 -2 -1 -4 -11 13 -3
right_child=1 3 10 -5 -6 6 -8 -9 -10 11 -12 -13 -14 -15
leaf_value=0.012548706362194902 0.0054898223527415383 -0.015071119907115019 -0.0029898959292299809 -0.021074213550901732 -0.0078714957787800743 0.013973927708334466 -0.0041287073003388594 -0.0074209947032517929 -0.0043794422629319114 -0.0083340596933158886 0.020622696511426657 0.00012530341326626087 7.5305795061895211e-05 -0.0004472741001375758
leaf_weight=24.947966083884239 374.39184195548296 53.79989380389452 178.24855329096317 22.294533748179674 341.95458478666842 212.49005051702261 30.291104342788458 21.011893469840288 85.148058049380779 105.0719885379076 9.1444759070873243 241.83524341695011 476.82632831856608 60.167004875838757
leaf_count=286 3188 619 1308 549 9648 1047 193 158 868 3486 43 3776 4312 595
internal_value=-0.000218054 0.00179654 0.00443947 -0.00213029 -0.00451524 0.00603908 0.0101617 0.0120252 0.00365561 -0.00141602 -0.00173429 -0.00245348 -0.00138101 -0.00742174
internal_weight=2237.62 1523.81 910.726 613.088 713.81 723.333 263.793 233.502 459.54 371.855 187.393 346.907 590.793 113.967
internal_count=30076 12880 6805 6075 17196 5454 1398 1205 4056 7548 1351 7262 5526 1214
is_linear=0
shrinkage=0.03


Tree=86
num_leaves=15
num_cat=0
split_feature=1 1 25 26 1 10 3 2 24 1 1 1 12 26
split_gain=25.2343 12.4257 12.7946 10.6784 11.9897 10.1883 8.25986 7.86824 7.67496 7.8408 7.01176 7.59602 6.94954 6.80096
threshold=0.31539148167540954 0.91620106859913608 4.9381168164851905 3.1764760348537178 0.53408299101214773 1.0000000180025095e-35 1.0000000180025095e-35 1.9166055615321704 1.0000000180025095e-35 0.41462205883551323 0.49526838987823102 0.53408299101214773 1.0000000180025095e-35 25.495097567963931
decision_type=2 2 2 2 2 2 2 2 2 2 2 2 2 2
left_child=12 2 5 -4 -5 7 -3 -2 9 -9 -11 -12 13 -1
right_child=1 6 3 4 -6 -7 -8 8 -10 10 11 -13 -14 -15
leaf_value=-0.0054147294988136684 -0.036579622798643956 0.011562431969468946 -0.0059803253364491367 0.003666426388926509 0.016126487512702362 -0.028913844705325119 0.0021436138658771937 -0.0029356579363631697 -0.0028271631932969927 0.015119985736961826 -0.01200467798782472 0.0057743392608596376 0.0031681139852949214 -0.014780033046804916
leaf_weight=313.89753158949316 4.5700273141264907 170.11026111245155 68.925680421292782 276.51114020869136 92.260676991194487 10.934319071471689 165.30689668655396 135.60375140607357 620.05938423797488 57.558178506791592 24.769704576581717 134.63239326700568 62.643425434827805 89.721574148163199
leaf_count=8009 21 782 373 1911 445 90 1076 2269 7759 617 237 874 1225 4303
internal_value=0.000111035 0.00175445 0.000530421 0.00479434 0.00681891 -0.00136125 0.00694063 -0.0010237 -0.000819238 0.00271014 0.00623613 0.00295402 -0.00608721 -0.00752795
internal_weight=2227.5 1761.24 1425.83 437.697 368.772 988.128 335.417 977.193 972.623 352.564 216.96 159.402 466.263 403.619
internal_count=29991 16454 14596 2729 2356 11867 1858 11777 11756 3997 1728 1111 13537 12312
is_linear=0
shrinkage=0.03


Tree=87
num_leaves=15
num_cat=0
split_feature=1 24 26 27 26 25 1 13 5 25 0 25 1 19
split_gain=20.4465 13.6788 15.9098 10.8672 8.85312 8.62815 9.04616 7.6972 11.1374 11.3223 7.69267 7.83305 6.65162 6.35598
threshold=0.27918069524646011 1.0000000180025095e-35 19.676635876563349 1.0000000180025095e-35 2.2825424421026681 1.4491212440208503 0.98887437391516109 1.0000000180025095e-35 10.480935072788121 10.152585850623515 7.0848428972963431 1.627882059609967 0.54980700151396145 1.0000000180025095e-35
decision_type=2 2 2 2 2 2 2 2 2 2 2 2 2 2
left_child=-1 3 5 -2 -5 -3 7 8 9 10 -7 13 -6 -12
right_child=1 2 -4 4 12 6 -8 -9 -10 -11 11 -13 -14 -15
leaf_value=-0.0073161644971374128 0.013945511485068783 -0.00671168922500267 -0.019339994144997579 -0.016049480336338445 0.0014920710821859802 -0.018852449206633592 0.0077139974140954986 -0.0039738425096810855 -0.0095099362760249183 0.024298530403072328 0.0062290107057349567 0.0022707052518603586 0.0081590605614718249 0.04154416761967409
leaf_weight=297.07231837138534 91.860915530472994 157.39274609833956 39.423779558390379 20.359281659126282 426.3756827134639 13.818229243159292 145.45807164162397 327.18708661384881 67.181416925042868 21.365297541022301 11.086897123605015 424.21570277027786 196.27834862843156 7.3757529258728018
leaf_count=9861 444 1673 1079 106 6012 92 755 2796 1330 108 135 4583 1123 81
internal_value=1.74992e-06 0.00112013 -0.000834871 0.00434785 0.0029572 -0.00019811 0.000814861 -0.000343195 0.00183955 0.00345168 0.00242501 0.00313018 0.00360341 0.0217469
internal_weight=2246.45 1949.38 1214.5 734.874 643.013 1175.08 1017.69 872.23 545.043 477.862 456.497 442.678 622.654 18.4627
internal_count=30178 20317 12632 7685 7241 11553 9880 9125 6329 4999 4891 4799 7135 216
is_linear=0
shrinkage=0.03


Tree=88
num_leaves=15
num_cat=0
split_feature=2 2 24 25 23 2 25 25 19 25 26 26 13 25
split_gain=18.9626 12.3525 11.2778 12.9309 9.73754 8.46123 7.70942 9.1367 10.8604 9.98019 7.52164 6.27887 5.52962 5.18728
threshold=3.2994488913014597 1.5411910645623199 1.0000000180025095e-35 0.68541019662497005 1.0000000180025095e-35 3.286971625234671 3.0008331019803629 3.4481879299133333 1.0000000180025095e-35 3.3948489594826787 17.709460734358725 1.3601470508735434 1.0000000180025095e-35 4.3399305309576279
decision_type=2 2 2 2 2 2 2 2 2 2 2 2 2 2
left_child=1 -1 3 -3 6 -5 -4 8 9 -8 -6 -9 13 -13
right_child=-2 2 4 5 10 -7 7 11 -10 -11 -12 12 -14 -15
leaf_value=0.021172046317123168 -0.0087034810065160818 0.044359347203440182 -0.002910696200559594 0.002854275107549958 -0.0034877068851775425 0.032113520109681187 0.014663657442573363 -0.020965775942609854 -0.0023008363575839743 0.051925255356934222 -0.016732073177412828 -0.0027767481752201196 -0.0023772159624037611 0.0068563108928012583
leaf_weight=25.955723226070404 198.13264954276383 5.9414211250841609 319.42286849021912 752.16745046153665 344.55462331697345 8.0136493537574989 39.149494871497154 10.046142518520353 27.195621626451612 7.1758907735347739 42.62253431789577 65.603589985519648 165.82772321440279 208.41406597755849
leaf_count=118 7428 55 3082 8286 4778 225 465 53 216 85 1201 986 1212 1686
internal_value=0.000129673 0.000999055 0.000726276 0.00358108 -0.00105332 0.0032045 0.000756589 0.00299591 0.0127266 0.0214108 -0.00498507 0.00138102 0.00193782 0.00454831
internal_weight=2220.22 2022.09 1996.14 766.123 1230.01 760.181 842.835 523.413 73.521 46.3254 387.177 449.892 439.845 274.018
internal_count=29876 22448 22330 8566 13764 8511 7785 4703 766 550 5979 3937 3884 2672
is_linear=0
shrinkage=0.03


Tree=89
num_leaves=15
num_cat=0
split_feature=1 17 1 26 22 1 19 23 7 23 26 25 25 19
split_gain=26.7545 17.8874 12.4171 13.2132 8.30635 7.5581 10.8509 7.02825 6.85057 6.2872 6.63659 5.93636 7.1494 8.3482
threshold=0.32075735071869282 1.0000000180025095e-35 0.96850898065993285 2.7694741309801434 1.0000000180025095e-35 0.46528063003223968 1.0000000180025095e-35 1.0000000180025095e-35 1.0000000180025095e-35 1.0000000180025095e-35 9.6772930099279293 0.8944271909999143 2.0603394205031109 1.0000000180025095e-35
decision_type=2 2 2 2 2 2 2 2 2 2 2 2 2 2
left_child=8 2 3 -2 11 7 -7 -5 -1 10 -8 -3 -13 -14
right_child=1 4 -4 5 -6 6 9 -9 -10 -11 -12 12 13 -15
leaf_value=-0.0054548216419683208 -0.01605428323954523 0.020543378877246467 0.014751848833696074 0.0034478080937588502 -0.0047590121832803822 0.011333905960151457 0.0011133381755943999 -0.0062968248739614903 -0.016183405477362394 -0.0086340693049701336 0.020476830620951177 -0.006980099840679258 0.0041902525091399596 -0.0070823031551942887
leaf_weight=425.73078706860542 30.135260939598083 12.503607615828512 91.743146412074566 225.25574488565326 427.91755464300513 208.32911298051476 85.312558796256781 93.4152547493577 60.783215118572116 44.24307905882597 18.625282492488623 94.75082017108798 325.27393704280257 71.268585413694382
leaf_count=12167 158 103 445 1961 4594 1321 575 1600 1827 492 227 1046 2898 524
internal_value=-0.000618482 0.00113129 0.00442786 0.00306599 -0.00169057 0.00394186 0.00693643 0.000580503 -0.00682566 0.00071944 0.00474527 0.000919977 0.000379838 0.00215157
internal_weight=2215.29 1728.77 797.059 705.316 931.715 675.181 356.51 318.671 486.514 148.181 103.938 503.797 491.293 396.543
internal_count=29938 15944 6779 6334 9165 6176 2615 3561 13994 1294 802 4571 4468 3422
is_linear=0
shrinkage=0.03


Tree=90
num_leaves=15
num_cat=0
split_feature=15 26 12 25 23 25 26 5 26 0 0 26 11 5
split_gain=18.1797 13.813 9.67733 7.59003 7.71686 7.00205 6.8659 6.30431 6.22918 8.03422 7.94983 5.89265 5.12758 5.48087
threshold=1.0000000180025095e-35 25.36631624812717 1.0000000180025095e-35 0.68541019662497005 1.0000000180025095e-35 1.627882059609967 2.7694741309801434 6.8640364716139297 6.7018653185239723 14.695917548474588 15.433729242174071 11.859595271340424 1.0000000180025095e-35 8.0071842193539062
decision_type=2 2 2 2 2 2 2 2 2 2 2 2 2 2
left_child=1 3 -3 7 6 -4 -5 -1 -2 -10 -11 -12 13 -8
right_child=8 2 5 4 -6 -7 12 -9 9 10 11 -13 -14 -15
leaf_value=0.027390827184954159 0.0041033205922896858 -0.01594515265693704 -0.01036020605224095 -0.0075426633171355052 -0.0029737765119104008 0.012045163285368275 0.002234929067482308 -0.0042953068203741207 0.023441711817828722 -0.022911006495443597 0.017859563374604318 -0.010000024994735715 0.02686488425790649 -0.0046652415812921929
leaf_weight=15.00293434597552 136.87492015957832 88.874563766643405 24.466129332780838 77.57878265529871 706.88555864430964 23.761430531740189 937.83883989788592 8.3622244447469694 42.770705100148916 6.7324518561363211 25.304177712649107 8.4977649282664043 6.211640987545251 115.51167266443372
leaf_count=115 721 4400 505 396 11564 489 9353 103 359 53 165 173 56 1603
internal_value=-7.20842e-05 -0.000972272 -0.0101276 -0.000295037 -0.000514553 0.000699225 0.00101545 0.0163397 0.00809047 0.0145152 0.00475859 0.0107696 0.00164858 0.00147454
internal_weight=2224.67 2004.49 137.102 1867.39 1844.03 48.2276 1137.14 23.3652 220.18 83.3051 40.5344 33.8019 1059.56 1053.35
internal_count=30055 28584 5394 23190 22972 994 11408 218 1471 750 391 338 11012 10956
is_linear=0
shrinkage=0.03


Tree=91
num_leaves=15
num_cat=0
split_feature=25 5 25 26 0 0 26 12 26 25 10 26 26 25
split_gain=14.7531 9.79902 7.69945 7.4632 10.8315 7.22547 5.97434 5.78913 12.018 6.30377 7.71242 5.70452 5.66927 5.61861
threshold=4.9704118215061142 13.244055268850559 0.68541019662497005 2.7694741309801434 10.701168137581897 3.6701496078529972 23.409506615659268 1.0000000180025095e-35 15.809332685948311 1.4491212440208503 1.0000000180025095e-35 12.278843593759145 26.65520587052368 3.4219874145110776
decision_type=2 2 2 2 2 2 2 2 2 2 2 2 2 2
left_child=1 2 -1 -2 -5 -4 -6 8 9 11 13 -7 -10 -11
right_child=3 -3 5 4 6 7 -8 -9 12 10 -12 -13 -14 -15
leaf_value=0.014147106250509595 -0.0052085728721886155 -0.02055673392273067 0.015635691161676436 0.015322621244097253 0.003606088712203301 -0.007969137719636794 -0.019292826191588723 0.0059640400559540568 -0.0056128923770028556 0.0019892764354145225 -0.021794887221882629 0.014678454228891859 -0.015690529632947158 -0.0027996384411814938
leaf_weight=26.132339967414737 74.149438235908747 24.210640851408243 19.713931560516357 75.614026568830013 408.10683796368539 151.63695633038878 9.5363368634134513 73.473218649625778 316.47313478775322 593.87606204859912 13.549942027777432 9.8062446154654008 59.414153600111604 349.36046277731657
leaf_count=271 433 624 90 372 3412 1505 421 1366 8887 5612 99 135 3106 3569
internal_value=-0.00055036 -0.00199471 -0.00170362 0.0036145 0.00494869 -0.00197332 0.00303839 -0.00220459 -0.00261 -0.0010475 -0.000119676 -0.0065116 -0.00724321 0.000214449
internal_weight=2205.05 1637.65 1613.44 567.407 493.257 1587.3 417.643 1567.59 1494.12 1118.23 956.786 161.443 375.887 943.237
internal_count=29902 25264 24640 4638 4205 24369 3833 24279 22913 10920 9280 1640 11993 9181
is_linear=0
shrinkage=0.03


Tree=92
num_leaves=15
num_cat=0
split_feature=0 0 20 5 12 25 12 23 25 26 0 26 0 25
split_gain=11.3651 10.6501 8.82265 7.10231 5.9605 5.76198 6.0538 6.33549 6.46617 5.63793 5.9505 4.8177 4.76084 5.6981
threshold=28.167623246591749 3.6701496078529972 1.0000000180025095e-35 13.244055268850559 1.0000000180025095e-35 0.68541019662497005 1.0000000180025095e-35 1.5000000000000002 1.3416407864998756 2.9732137494636963 9.3837622652511801 2.017418010682746 16.623928530779285 2.804459457374008
decision_type=2 2 2 2 2 2 2 2 2 2 2 2 2 2
left_child=1 -1 3 5 -2 -3 7 11 -9 -4 -11 -7 -13 -14
right_child=4 2 9 -5 -6 6 -8 8 -10 10 -12 12 13 -15
leaf_value=0.019404297541837725 -0.012891460435063149 0.0149763299688389 -0.0080168643130442158 -0.015249530281163768 0.0013928359866723589 -0.0088630251376882793 0.011550861320647927 -0.018979372357598459 -0.0032580637278227394 0.032505719354926715 0.0072879707800781986 0.0015370214229809512 -0.0080902671157988375 -0.00021344277139247677
leaf_weight=25.959236681461334 87.00481959246099 22.003787217661738 19.471817627549171 26.695891298353672 37.232736814767122 50.126333393156528 38.078068826347589 27.132794663310051 148.61355754546821 8.0711442455649358 145.6544000133872 1127.3651577923447 107.73874090053141 344.8178958427161
leaf_count=119 4447 220 108 670 779 265 616 451 2586 36 839 9113 2671 6973
internal_value=0.000144895 0.000670171 0.000425477 -0.000169096 -0.00863366 5.47192e-05 -0.000131369 -0.000383964 -0.00577886 0.0068862 0.00881352 0.000200883 0.000493879 -0.00210236
internal_weight=2215.97 2091.73 2065.77 1892.57 124.238 1865.88 1843.87 1805.79 175.746 173.197 153.726 1630.05 1579.92 452.557
internal_count=29893 24667 24548 23565 5226 22895 22675 22059 3037 983 875 19022 18757 9644
is_linear=0
shrinkage=0.03


Tree=93
num_leaves=15
num_cat=0
split_feature=1 1 25 26 0 15 18 11 5 1 26 14 7 25
split_gain=25.4449 12.2414 10.2381 9.37414 9.20097 14.4073 6.99731 6.26676 5.87082 7.45037 8.1578 7.20096 5.57723 5.38667
threshold=0.54486391545154345 0.25248786934821604 4.9704118215061142 3.1764760348537178 13.086252328302406 1.0000000180025095e-35 1.0000000180025095e-35 1.0000000180025095e-35 3.9050946122689383 0.85922275001142612 11.236102527122119 1.0000000180025095e-35 1.0000000180025095e-35 2.8635642126552709
decision_type=2 2 2 2 2 2 2 2 2 2 2 2 2 2
left_child=1 -1 7 -4 -3 12 -7 8 9 10 -2 -10 -6 -14
right_child=2 4 3 -5 5 6 -8 -9 11 -11 -12 -13 13 -15
leaf_value=-0.0095943367936576849 -0.00045308941203668748 -0.0079557971633207932 0.00040620953669274416 0.015793463022986759 -0.00027928103887754093 0.034248454046735037 0.0083872226286740553 0.024108631500188472 0.0036795150109018757 0.0090074759715998813 0.020324502448231061 -0.0049924058654241977 -0.014381674535835673 -0.0020049283569384215
leaf_weight=193.30724853649735 234.60946492478251 162.48573428019881 53.226514346897602 107.13258718699217 701.23721516318619 10.384039422497152 62.212235782295465 10.82004378736019 164.37707404792309 182.13956949859858 17.332968320697546 178.99602852016687 52.182744095101953 79.123042561113834
leaf_count=6748 1573 1411 277 502 11894 69 389 87 1436 852 195 2120 1156 1201
internal_value=0.000123809 -0.00266771 0.00383322 0.0107203 -0.00140575 -0.000222437 0.0125015 0.00242037 0.00208795 0.00440258 0.00105105 -0.000842417 -0.0013456 -0.00699514
internal_weight=2209.57 1260.93 948.634 160.359 1067.63 905.139 72.5963 788.275 777.455 434.082 251.942 343.373 832.543 131.306
internal_count=29910 22868 7042 779 16120 14709 458 6263 6176 2620 1768 3556 14251 2357
is_linear=0
shrinkage=0.03


Tree=94
num_leaves=15
num_cat=0
split_feature=1 1 22 24 23 1 26 25 23 0 1 1 26 1
split_gain=21.2831 11.3167 11.7863 10.69 9.25514 8.62479 8.37764 10.8125 6.63177 9.28756 14.0389 8.75861 5.51913 8.93027
threshold=0.25333713108344186 0.69672816220633726 1.0000000180025095e-35 1.5000000000000002 1.5000000000000002 1.6982709730838172 2.017418010682746 5.2488093023617237 1.0000000180025095e-35 13.086252328302406 0.63826547482214491 0.52422889648919713 11.406138698087101 0.32832798628981436
decision_type=2 2 2 2 2 2 2 2 2 2 2 2 2 2
left_child=-1 2 3 8 5 6 -3 -8 9 10 -2 -11 13 -4
right_child=1 4 12 -5 -6 -7 7 -9 -10 11 -12 -13 -14 -15
leaf_value=-0.009419259279451711 -0.0062236998424348711 -0.008771367007489702 0.01738440371844022 -0.0081517997153739002 -0.0089095107275787497 0.022883926407123365 0.0041346882452777166 0.019014975420948432 -0.00094604980944650095 0.0054005658037108214 0.016554922499177314 0.023568593407144043 -0.01213335789883515 -0.0047809414615462547
leaf_weight=193.30843602120876 129.63735616207123 38.929621301591396 16.639196205884218 102.66624622419477 43.711080655455589 23.040262058377266 485.24822749570012 47.480111457407475 399.6875225789845 366.91114615090191 28.941724084317684 24.69006735086441 83.287248980253935 228.44983940199018
leaf_count=6833 741 192 170 1364 466 106 3231 221 7634 4438 146 141 1757 2494
internal_value=6.39288e-05 0.000975962 -0.000551498 0.000997505 0.00427563 0.00525808 0.00450897 0.00549406 0.00199394 0.00412758 -0.00198876 0.00660316 -0.00550442 -0.0032116
internal_weight=2212.63 2019.32 1380.91 1052.53 638.409 594.698 571.658 532.728 949.868 550.18 158.579 391.601 328.376 245.089
internal_count=29934 23101 18885 14464 4216 3750 3644 3452 13100 5466 887 4579 4421 2664
is_linear=0
shrinkage=0.03


Tree=95
num_leaves=15
num_cat=0
split_feature=1 23 7 1 5 1 5 1 26 1 1 25 26 23
split_gain=20.9031 12.2959 10.7743 11.5322 7.29427 5.48976 10.9476 7.4831 9.18499 6.47087 6.12791 6.02008 5.26571 5.16662
threshold=0.25248786934821604 1.0000000180025095e-35 1.0000000180025095e-35 0.55448494897505718 13.091600338252595 0.45720305183730386 1.0000000180025095e-35 0.49526838987823102 12.381639618123458 0.43882559232147406 0.48611621525110599 3.0438452537473388 31.010723948942587 3.5000000000000004
decision_type=2 2 2 2 2 2 2 2 2 2 2 2 2 2
left_child=12 2 4 -4 -2 9 7 10 -9 -3 11 -7 13 -1
right_child=1 5 3 -5 -6 6 -8 8 -10 -11 -12 -13 -14 -15
leaf_value=-0.0077775832486533915 0.0041540103186450605 -0.0039513395905356029 -0.011586536132456055 0.0026734371940762653 -0.015011298984419065 -0.0052509503664593315 -0.0065017134205861814 0.0035270676473703457 -0.022248387251353471 -0.021869472200528393 0.038757634208359142 0.021830615563616262 -0.019383498560577906 0.026169580463096562
leaf_weight=148.79397647082806 1075.6892177015543 325.60948433354497 90.495814301073551 114.76873798668385 17.215933069586754 13.191566783934833 135.76207460090518 191.55310163646936 12.308079771697519 18.291760645806789 7.7028517611324778 14.921668536961077 37.842296408489347 3.1900328975170842
leaf_count=5153 9319 7555 1013 565 430 175 1907 1536 161 267 84 146 1539 80
internal_value=1.45016e-05 0.000911716 0.0026544 -0.00363911 0.00383866 -0.00223256 0.000276908 0.00412763 0.00186987 -0.00496503 0.0165787 0.00937926 -0.00947607 -0.00689865
internal_weight=2207.34 2017.51 1298.17 205.265 1092.91 719.341 375.439 239.677 203.861 343.901 35.8161 28.1132 189.826 151.984
internal_count=29930 23158 11327 1578 9749 11831 4009 2102 1697 7822 405 321 6772 5233
is_linear=0
shrinkage=0.03


Tree=96
num_leaves=15
num_cat=0
split_feature=20 0 24 23 7 2 0 0 25 25 0 2 5 25
split_gain=20.1344 15.7118 12.7437 7.39987 7.05282 5.68931 5.34057 5.20241 4.75713 7.47513 4.03502 4.38846 3.9167 3.87099
threshold=1.0000000180025095e-35 28.167623246591749 1.0000000180025095e-35 1.0000000180025095e-35 1.0000000180025095e-35 2.4092586143034018 27.237290611681733 6.9494596565161926 3.4014702703389892 6.6846839760853358 24.990198077645744 3.2137575065468433 3.9050946122689383 9.3246982477882838
decision_type=2 2 2 2 2 2 2 2 2 2 2 2 2 2
left_child=1 2 4 10 5 8 -7 -5 12 -10 11 -4 -1 -9
right_child=-2 -3 3 7 -6 6 -8 13 9 -11 -12 -13 -14 -15
leaf_value=0.020160789171491271 0.0096938141788285928 -0.011333873978049455 -0.00038967419959940516 0.0028030004078398027 -0.003075533896656902 0.0019805302212846342 0.018021294877282313 -0.0073766386894956572 -0.002403818651833976 0.024398565034429349 -0.01502132064356077 0.019641832533978935 0.0069346917962569976 0.015519834057918916
leaf_weight=44.084708899259567 175.83919836394489 120.21796001493931 746.78141090460122 57.377292916178703 144.49338394775987 442.5181999001652 18.531466012820601 329.38181225024164 47.216551460325718 10.639816150069235 15.730917753651736 8.9743417277932149 39.274339377880096 5.8770753256976596
leaf_count=200 984 5226 6883 390 1791 6668 568 5883 231 52 525 230 226 44
internal_value=-1.53657e-05 -0.000860279 -0.000195778 -0.00215732 0.00286087 0.00428785 0.00266288 -0.00550443 0.00953711 0.00285595 -0.000448936 -0.000126166 0.0140854 -0.0069303
internal_weight=2206.94 2031.1 1910.88 1164.12 746.758 602.265 461.05 392.636 141.215 57.8564 771.487 755.756 83.359 335.259
internal_count=29901 28917 23691 13955 9736 7945 7236 6317 709 283 7638 7113 426 5927
is_linear=0
shrinkage=0.03


Tree=97
num_leaves=15
num_cat=0
split_feature=1 7 5 23 12 3 1 24 25 1 20 13 25 1
split_gain=12.9959 13.9426 11.7629 7.01965 10.7932 7.38715 7.16589 6.84548 6.77013 6.7457 8.22381 7.78947 6.66644 6.14056
threshold=0.45720305183730386 1.0000000180025095e-35 5.8523499553598173 1.0000000180025095e-35 1.0000000180025095e-35 1.0000000180025095e-35 0.22988421963253478 1.0000000180025095e-35 2.3054260813836538 0.49526838987823102 1.0000000180025095e-35 1.0000000180025095e-35 6.8007352543677246 0.20437533240002215
decision_type=2 2 2 2 2 2 2 2 2 2 2 2 2 2
left_child=1 3 7 5 -5 6 8 9 13 10 -2 -11 -4 -1
right_child=2 -3 12 4 -6 -7 -8 -9 -10 11 -12 -13 -14 -15
leaf_value=0.039863031530727198 0.023202731071630674 -0.011196105896406138 -0.0032404878874826917 -0.0067710455717257525 0.0061308778008012472 -0.018312021191054878 0.0030564333348982349 0.0018508133398171345 -0.012492144559712029 0.013495742660892011 -0.0099916515156865931 0.0022694943566515229 0.027832088615690007 -0.013806404520869059
leaf_weight=3.6610948145389548 39.460316576063633 143.60330988094211 333.38065662793815 299.98772802203894 71.560066618025303 16.000320974737406 441.86297430470586 530.58085721358657 46.7480448782444 77.787092231214046 7.463861182332038 191.08155209571123 5.3394701182842246 2.5855190083384514
leaf_count=135 302 3014 3989 8378 1337 298 5951 3484 1544 387 33 1042 35 124
internal_value=-9.03483e-05 -0.00256087 0.00204889 -0.00114449 -0.00427635 0.00113723 0.00180174 0.0039384 -0.00852257 0.00742896 0.0178244 0.00555536 -0.00267019 0.0188091
internal_weight=2211.1 1026.01 1185.09 882.406 371.548 510.858 494.858 846.374 52.9947 315.793 46.9242 268.869 338.72 6.24661
internal_count=30053 20781 9272 17767 9715 8052 7754 5248 1803 1764 335 1429 4024 259
is_linear=0
shrinkage=0.03


Tree=98
num_leaves=15
num_cat=0
split_feature=1 25 19 25 20 26 26 27 24 1 13 0 1 4
split_gain=22.7565 9.97193 10.284 9.77295 9.26478 15.3794 7.7083 9.03033 6.2095 6.12663 7.35899 7.09744 5.96326 5.96236
threshold=0.45720305183730386 3.1384709652950451 1.0000000180025095e-35 0.55210095283134641 1.0000000180025095e-35 3.9217343102255122 2.7694741309801434 1.0000000180025095e-35 1.0000000180025095e-35 0.31539148167540954 1.0000000180025095e-35 14.894797748604327 1.6982709730838172 1.0000000180025095e-35
decision_type=2 2 2 2 2 2 2 2 2 2 2 2 2 2
left_child=3 12 6 -1 8 -6 7 -3 -5 -10 11 -11 13 -2
right_child=1 2 -4 4 5 -7 -8 -9 9 10 -12 -13 -14 -15
leaf_value=0.047890036612518873 0.00060048717161719574 0.014569072520712326 -0.00046965504580461962 -0.0017441352160565929 -0.022113268913634847 0.010505622463054986 0.010820589827625553 -0.0086504640981964823 -0.011463101110540658 -0.011030043657179097 -0.011710091219838644 0.0024007818456907924 0.018681911775541259 -0.026374516246615284
leaf_weight=2.400610100477933 642.69345102831721 22.142960406839848 146.6172797344625 500.47906589321792 14.376467324793337 84.737983273342252 313.49610979482532 42.242261417210102 153.07751564867795 45.468861419707537 77.186282377690077 147.87160852178931 15.268191933631895 6.4601795002818099
leaf_count=55 6104 100 950 11630 86 552 1827 233 4752 490 1043 2156 68 37
internal_value=0.000362216 0.00318551 0.00627368 -0.00291059 -0.00307642 0.00560066 0.00888442 -0.000564258 -0.00401214 -0.00668133 -0.00394331 -0.000798317 0.000741923 0.000291886
internal_weight=2214.52 1188.92 524.499 1025.6 1023.2 99.1145 377.881 64.3852 924.083 423.604 270.527 193.34 664.422 649.154
internal_count=30083 9319 3110 20764 20709 638 2160 333 20071 8441 3689 2646 6209 6141
is_linear=0
shrinkage=0.03


Tree=99
num_leaves=15
num_cat=0
split_feature=1 25 7 3 23 0 1 1 23 12 25 11 20 27
split_gain=12.7137 11.2857 9.65341 10.3344 8.37759 8.70189 7.73532 10.6729 8.91703 11.7765 7.60908 6.51649 6.81222 6.15879
threshold=0.53863256292962036 4.9704118215061142 1.0000000180025095e-35 1.0000000180025095e-35 1.5000000000000002 3.6701496078529972 0.49526838987823102 0.46100501614358619 1.0000000180025095e-35 1.0000000180025095e-35 3.5149673465319276 1.0000000180025095e-35 1.0000000180025095e-35 1.0000000180025095e-35
decision_type=2 2 2 2 2 2 2 2 2 2 2 2 2 2
left_child=2 4 3 6 5 -2 7 8 13 -10 -9 12 -7 -1
right_child=1 -3 -4 -5 -6 11 -8 10 9 -11 -12 -13 -14 -15
leaf_value=0.015338853125978621 0.021842621376407391 0.0096799571158252395 -0.00808051484633379 -0.013390692205497236 -0.0092104475522403317 0.00078051669828566679 -0.0096234097949875631 0.025038902596735593 -0.0065326504355762774 0.0071444720277177758 0.0046331397176938667 0.02482127242230129 0.020205781955708418 0.001489910771307487
leaf_weight=29.829776141792536 18.629552364349365 172.30631708353758 188.2086246740073 53.903812948614359 62.673632476478815 691.86113186553121 69.212707653641701 24.178519282490015 287.64591478928924 69.61947263777256 49.175767354667187 9.7089573182165605 15.642324425280092 468.25142304413021
leaf_count=261 86 832 3464 1095 822 5317 529 258 8130 1288 302 78 74 7530
internal_value=0.000170375 0.00273997 -0.00184196 -0.000719042 0.00123221 0.00213293 -2.18434e-05 0.000703308 -0.000244116 -0.00385492 0.0116054 0.00159127 0.00123791 0.00234839
internal_weight=2210.85 970.822 1240.03 1051.82 798.516 735.842 997.914 928.701 855.347 357.265 73.3543 717.212 707.503 498.081
internal_count=30066 7209 22857 19393 6377 5555 18298 17769 17209 9418 560 5469 5391 7791
is_linear=0
shrinkage=0.03


Tree=100
num_leaves=15
num_cat=0
split_feature=1 20 12 26 3 1 22 14 26 15 1 26 26 24
split_gain=14.619 12.7574 9.19986 14.1219 8.62729 7.52467 7.05514 10.8761 5.91168 7.86137 5.92798 6.23867 10.8388 5.13541
threshold=0.53863256292962036 1.0000000180025095e-35 1.0000000180025095e-35 26.390433864570571 1.0000000180025095e-35 0.37389788903230098 1.0000000180025095e-35 1.0000000180025095e-35 2.9732137494636963 1.0000000180025095e-35 0.2227791011025769 10.111874208078349 11.859595271340424 1.5000000000000002
decision_type=2 2 2 2 2 2 2 2 2 2 2 2 2 2
left_child=2 6 3 4 8 -4 -2 -8 -1 13 -11 -12 -13 -10
right_child=1 -3 5 -5 -6 -7 7 -9 9 10 11 12 -14 -15
leaf_value=-0.013762657677632916 0.0046346083332814321 0.018502592243231749 0.0055880643564864283 -0.016306530331010167 -0.013749652877838478 0.045423296064035196 0.0035242422703176965 -0.0057785319228871104 -0.0010189315605726901 -0.017300134559788141 0.0055382910572361957 0.045012614957081157 -0.0043261429864239094 -0.0083711666670927415
leaf_weight=32.395993266254663 471.54342235252261 43.56319072842598 70.338359486311674 64.276760455220938 52.011944927275181 3.5854639187455168 254.61483373865485 201.89345058053732 826.42809804156423 7.2230915669351807 71.77490820735693 9.3203118070960027 6.2856647614389649 94.429133763536811
leaf_count=210 2699 201 1331 3579 1067 35 2010 2303 14409 143 390 76 109 1484
internal_value=6.73355e-05 0.00282024 -0.00209363 -0.00274737 -0.00194087 0.00810063 0.00206498 -0.000593602 -0.00134218 -0.000932778 0.00725716 0.0094599 0.0260765 -0.00178113
internal_weight=2209.68 971.615 1238.07 1164.15 1099.87 73.9238 928.052 456.508 1047.86 1015.46 94.604 87.3809 15.606 920.857
internal_count=30046 7213 22833 21467 17888 1366 7012 4313 16821 16611 718 575 185 15893
is_linear=0
shrinkage=0.03


Tree=101
num_leaves=15
num_cat=0
split_feature=1 23 2 27 24 25 24 14 20 0 27 25 20 1
split_gain=17.4115 10.59 9.14646 8.85713 8.70557 7.22209 6.94697 9.62001 10.5721 6.58195 9.24316 8.46503 10.7792 6.31628
threshold=0.53863256292962036 1.0000000180025095e-35 2.640292008958391 1.0000000180025095e-35 1.0000000180025095e-35 1.3416407864998756 1.5000000000000002 1.0000000180025095e-35 1.0000000180025095e-35 12.701574705523724 1.0000000180025095e-35 2.5495097567963931 1.0000000180025095e-35 0.46100501614358619
decision_type=2 2 2 2 2 2 2 2 2 2 2 2 2 2
left_child=1 2 -1 -4 9 -6 7 13 -9 10 -2 -12 -13 -5
right_child=4 -3 3 6 5 -7 -8 8 -10 -11 11 12 -14 -15
leaf_value=-0.0075980081759599695 0.016842148376926609 -0.0058757935955527597 0.017944292675166871 -0.0022732767062113956 -0.0057675216968626868 0.0023751814440605683 -0.0093992480103932217 0.0045155606457005981 0.026572316011268655 0.020822918970017333 0.0099172354088440089 -0.0060446350749517007 0.020105720178799764 0.0087461331735771541
leaf_weight=124.93197284266353 51.752983242273331 511.94093357212842 26.437859931960702 337.51113647595048 117.67242661863565 563.1009671241045 56.498613907024264 104.58953389711678 23.236899878829718 27.917078778147697 84.371459379792213 102.33883885666728 15.455850780010222 53.335041092708707
leaf_count=1012 237 12411 232 6015 1202 4418 878 1724 144 198 492 518 68 401
internal_value=-0.000224092 -0.00257554 -0.000245216 0.00129176 0.00280079 0.000961311 0.00049651 0.00159046 0.00870028 0.00722493 0.00565408 0.00272122 -0.00247308 -0.00075108
internal_weight=2201.09 1238.48 726.541 601.609 962.61 680.773 575.171 518.673 127.826 281.836 253.919 202.166 117.795 390.846
internal_count=29950 22817 10406 9394 7133 5620 9162 8284 1868 1513 1315 1078 586 6416
is_linear=0
shrinkage=0.03


Tree=102
num_leaves=15
num_cat=0
split_feature=1 25 19 1 0 2 16 1 12 1 12 1 0 25
split_gain=13.2127 7.99233 8.99252 9.4242 11.5813 10.0794 7.16931 6.33077 7.15744 7.80304 5.232 5.6818 7.33848 5.18408
threshold=0.28352956704940802 2.9715311152235979 1.0000000180025095e-35 0.52422889648919713 13.630297124319441 2.6847465172618143 1.0000000180025095e-35 0.78817719028501032 1.0000000180025095e-35 0.36664977882434135 1.0000000180025095e-35 0.19117773690915182 28.764126963849371 1.7058696928280723
decision_type=2 2 2 2 2 2 2 2 2 2 2 2 2 2
left_child=10 7 3 5 -5 -3 -4 8 -2 -10 -1 13 -13 -12
right_child=1 2 6 4 -6 -7 -8 -9 9 -11 11 12 -14 -15
leaf_value=-0.0083056276616140061 -0.0048367866234939943 -0.0072134046246020329 -0.0049079200909910121 0.0059922041089649249 0.029408854061826147 0.0029259671941905428 0.025113486499155065 0.0014316893550080072 0.0036680093670316666 0.04765886924480324 -0.0023895110147749703 0.013767222233276793 -0.011853687446797077 0.041034399598856533
leaf_weight=244.03710333257914 474.78735631518066 106.86865292489529 189.61195765808225 280.40501403063536 19.506661240011454 484.19254339113832 6.4556556101888409 310.40991715714335 20.701033171266321 3.4545108452439299 4.1420466452836973 14.867591444402931 26.569297190755606 4.7835278920829296
leaf_count=9289 7407 742 1475 1529 124 5899 41 2100 310 33 73 292 588 85
internal_value=-0.000592866 0.000326267 0.00200599 0.00328583 0.00760793 0.0010836 -0.00379703 -0.00192946 -0.00401923 0.0116037 -0.00649458 0.00227192 -0.00255309 0.0226724
internal_weight=2190.79 1896.39 1087.04 890.973 299.912 591.061 196.068 809.353 498.943 24.1555 294.4 50.3625 41.4369 8.92557
internal_count=29987 19660 9810 8294 1653 6641 1516 9850 7750 343 10327 1038 880 158
is_linear=0
shrinkage=0.03


Tree=103
num_leaves=15
num_cat=0
split_feature=20 0 5 7 26 13 27 23 25 14 26 12 0 0
split_gain=12.728 10.1784 9.13832 7.63613 7.57127 13.5315 8.64855 7.30811 8.21272 12.4138 6.49006 5.85951 6.73593 5.67668
threshold=1.0000000180025095e-35 28.167623246591749 12.033287165193061 1.0000000180025095e-35 3.3786052109121671 1.0000000180025095e-35 1.0000000180025095e-35 1.0000000180025095e-35 2.2472205054244205 1.0000000180025095e-35 2.2825424421026681 1.0000000180025095e-35 37.866739890798478 8.2622634738384964
decision_type=2 2 2 2 2 2 2 2 2 2 2 2 2 2
left_child=1 2 3 7 5 -2 -6 10 9 -9 -1 -3 -13 -10
right_child=4 11 -4 -5 6 -7 -8 8 13 -11 -12 12 -14 -15
leaf_value=-0.0077728667618777308 0.0099126615340569529 -0.013576201563709381 -0.012770629574043381 -0.0039252649778707708 0.037617253091603534 -0.032671190327579272 0.0084938064828589885 0.0083179010437586434 0.0054611057248387281 -0.0069161845375935336 0.0033284968057456887 -0.003321366770752314 0.03854452290461495 -0.0057964921668137281
leaf_weight=49.009841307997704 16.497919946908951 80.225319184362888 48.206465741619468 314.47304710187018 8.9631636925041658 9.9624461010098475 140.02883531711996 140.1185212880373 45.594662714749575 72.163971312344074 928.90593749843538 31.998490296304226 2.8645658902823916 306.32669186405838
leaf_count=250 87 4467 1124 3639 47 56 796 2309 299 1158 9283 691 55 5663
internal_value=0.000138946 -0.000535795 -1.01835e-05 0.000327838 0.00786588 -0.00672625 0.0104849 0.00119712 -0.0015201 0.00313103 0.00276476 -0.00916003 0.00109745 -0.00432663
internal_weight=2195.34 2019.89 1904.8 1856.59 175.452 26.4604 148.992 1542.12 564.204 212.282 977.916 115.088 34.8631 351.921
internal_count=29924 28938 23725 22601 986 143 843 18962 9429 3467 9533 5213 746 5962
is_linear=0
shrinkage=0.03


Tree=104
num_leaves=15
num_cat=0
split_feature=0 10 1 8 24 25 25 25 0 13 1 0 1 1
split_gain=21.3393 13.7548 12.0595 8.8418 7.69226 7.68965 6.73534 8.47987 6.78011 6.2208 5.85639 7.81487 5.43667 5.38579
threshold=28.167623246591749 1.0000000180025095e-35 0.53863256292962036 1.0000000180025095e-35 1.0000000180025095e-35 2.0248456731316602 1.4491212440208503 0.68541019662497005 11.692091326556175 1.0000000180025095e-35 0.31053239181147657 14.355138435930462 0.34270216882937365 0.51434738604294927
decision_type=2 2 2 2 2 2 2 2 2 2 2 2 2 2
left_child=1 2 4 6 9 -6 7 -4 -9 13 -7 -12 -13 -1
right_child=-2 -3 3 -5 5 10 -8 8 -10 -11 11 12 -14 -15
leaf_value=0.0050944991075674625 -0.012441729006758511 -0.025585128786320084 0.014842399139536288 0.035581260548314481 -0.015183747584687388 -0.0083175137209049455 0.0044507434319210858 -0.0067492387689529528 0.013428889338157741 -0.0020209575954008734 -0.0071962713902089769 0.0098998967335969801 -0.00020888592642592709 -0.019892308803647358
leaf_weight=284.63259884156287 114.63997231610119 16.633185181766748 22.279096033424139 6.681328058242797 45.831382241100073 118.5519235432148 767.61099319532514 137.45191577449441 15.870929744094608 248.52264943346381 118.62122937105596 59.750235853716731 225.87677833624184 7.0137205943465224
leaf_count=4873 5243 118 173 30 1035 3126 5338 1263 243 3703 1131 980 2588 63
internal_value=0.000100935 0.000799443 0.00102493 0.00350389 -0.0011 -0.00353254 0.00323923 -0.0020519 -0.00458705 0.00146252 -0.0024841 -0.00075706 0.00193293 0.00442768
internal_weight=2189.97 2075.33 2058.69 949.894 1108.8 568.632 943.213 175.602 153.323 540.169 522.8 404.248 285.627 291.646
internal_count=29907 24664 24546 7047 17499 8860 7017 1679 1506 8639 7825 4699 3568 4936
is_linear=0
shrinkage=0.03


Tree=105
num_leaves=15
num_cat=0
split_feature=23 5 27 24 1 0 7 24 5 1 1 20 1 25
split_gain=11.7914 11.0733 10.1681 7.58582 8.80168 7.68286 6.82176 8.70669 6.45053 5.92737 5.17199 5.83766 4.86093 7.49029
threshold=1.0000000180025095e-35 13.509256086106292 1.0000000180025095e-35 1.0000000180025095e-35 0.46528063003223968 28.656587375331348 1.0000000180025095e-35 2.5000000000000004 3.1780497164141406 0.25048849775216459 0.4906160677768302 1.0000000180025095e-35 1.4700506022900977 4.9704118215061142
decision_type=2 2 2 2 2 2 2 2 2 2 2 2 2 2
left_child=1 2 8 5 -5 -2 7 -4 12 -7 11 -8 13 -1
right_child=3 -3 6 4 -6 9 10 -9 -10 -11 -12 -13 -14 -15
leaf_value=-7.3582107310274424e-05 0.0022007585897512662 -0.024960787124718609 0.0027836541451883184 -0.01116404339334758 -0.0019973598931860149 -0.0038213854782402907 -0.013244782311565209 -0.014946494854585168 -0.0060447257819218961 -0.025162482611612552 0.00032560982383058684 0.0086311706519271551 0.029752501400713619 0.016321292966032394
leaf_weight=39.701088052242994 334.46661761216819 12.570041269063948 1036.3533232174814 150.47613007389009 251.12219349853694 47.537938205525279 65.411354545503855 24.559350926429033 18.920527532696724 14.757768243551252 112.84799426048994 12.431802581995724 12.439957141876219 67.057867575436831
leaf_count=247 5849 333 11366 3989 3057 1920 1223 230 98 625 596 90 70 372
internal_value=0.000358446 0.00201494 0.0022767 -0.00255 -0.00545125 0.000392934 0.00142025 0.00235953 0.00997169 -0.00919473 -0.00379048 -0.00968596 0.0125431 0.0102803
internal_weight=2200.65 1402.29 1389.72 798.361 401.598 396.762 1251.6 1060.91 138.119 62.2957 190.691 77.8432 119.199 106.759
internal_count=30065 14625 14292 15440 7046 8394 13505 11596 787 2545 1909 1313 689 619
is_linear=0
shrinkage=0.03


Tree=106
num_leaves=15
num_cat=0
split_feature=1 25 0 10 15 22 24 16 25 2 24 0 1 17
split_gain=12.0133 9.93227 7.85101 7.16532 6.04144 8.85912 5.91747 6.73656 5.69648 7.02186 5.38778 5.54387 8.85077 5.409
threshold=0.54486391545154345 5.0184652829235281 8.0143620109834739 1.0000000180025095e-35 1.0000000180025095e-35 1.0000000180025095e-35 1.0000000180025095e-35 1.0000000180025095e-35 0.92195444572929353 2.6194747871313493 1.5000000000000002 28.167623246591749 0.10367561209600544 1.0000000180025095e-35
decision_type=2 2 2 2 2 2 2 2 2 2 2 2 2 2
left_child=2 3 -1 6 5 10 8 -8 -2 -10 11 -4 -13 -14
right_child=1 -3 4 -5 -6 -7 7 -9 9 -11 -12 12 13 -15
leaf_value=-0.030001475328306874 0.027159763957770536 0.009338002507466088 0.00035222325582741153 -0.020592945483817883 0.0047342868113740798 -0.0086072675656938789 -0.00054971683466178468 0.022152623871320099 0.0029216908789176555 0.023007129112854768 -0.0085978936821947977 0.053989708732623078 -0.017426275165781911 -0.003135955472143361
leaf_weight=7.9134060442447653 9.7279437147080881 159.81272234395146 752.51489526033401 12.407664224505423 116.58153147995472 174.41097044758499 554.95869936421514 11.017870299518107 184.09510595723987 16.177093379199505 81.225847104564309 1.1219735350459803 35.599601831287146 70.033550091087818
leaf_count=55 56 773 12514 74 915 3222 4888 65 988 138 1358 32 2038 2816
internal_value=2.47512e-06 0.00254271 -0.0019414 0.00115515 -0.00173689 -0.00241719 0.00152895 -6.94782e-05 0.00581684 0.00465035 -0.00126135 -0.000558642 -0.00692299 -0.00807022
internal_weight=2187.6 948.197 1239.4 788.384 1231.49 1114.91 775.977 565.977 210 200.272 940.496 859.27 106.755 105.633
internal_count=29932 6982 22950 6209 22895 21980 6135 4953 1182 1126 18758 17400 4886 4854
is_linear=0
shrinkage=0.03


Tree=107
num_leaves=15
num_cat=0
split_feature=1 27 24 23 1 0 25 0 7 23 14 1 0 0
split_gain=17.9244 9.52778 8.68038 8.25396 6.30796 5.44625 5.35051 5.21596 5.19861 5.90948 6.56317 7.70934 7.27141 5.98278
threshold=0.45720305183730386 1.0000000180025095e-35 1.5000000000000002 1.5000000000000002 0.61952128578633037 18.867564756533579 5.0184652829235281 15.533994957913412 1.0000000180025095e-35 1.0000000180025095e-35 1.0000000180025095e-35 0.40556534080469603 15.117704844118299 18.317341509656156
decision_type=2 2 2 2 2 2 2 2 2 2 2 2 2 2
left_child=2 6 8 -3 -5 7 -2 -4 9 10 -1 -12 -13 -11
right_child=1 3 5 4 -6 -7 -8 -9 -10 13 11 12 -14 -15
leaf_value=-0.0011986318707164708 0.0028480667880293842 0.0020766438176579674 -0.0173276050404946 0.0021134604271330513 -0.0148316068997809 -0.022697110607780357 0.014434214455300456 0.0021168152575500418 -0.0078472333478980527 -0.012550746499932229 0.0028194266266129563 0.0016711359450450067 0.034706369895344417 -0.0024408882883513042
leaf_weight=355.94856511428952 63.74453342705965 962.02232193574309 20.880782406777143 33.214202405884862 47.05618804320693 29.272280638106167 82.8418899923563 28.264902494847775 129.94978274870664 64.843185195699334 85.720669751986861 10.030241481959822 14.312328515574334 267.43446816690266
leaf_count=5732 304 7529 283 484 592 778 384 415 2869 1051 1419 72 116 7990
internal_value=-0.000178898 0.00231452 -0.00312304 0.001303 -0.00788036 -0.0126456 0.0094493 -0.00632543 -0.00230583 -0.00139509 0.000784822 0.00715242 0.0216974 -0.00444554
internal_weight=2195.54 1188.88 1006.66 1042.29 80.2704 78.418 146.586 49.1457 928.239 798.289 466.012 110.063 24.3426 332.278
internal_count=30018 9293 20725 8605 1076 1476 688 698 19249 16380 7339 1607 188 9041
is_linear=0
shrinkage=0.03


Tree=108
num_leaves=15
num_cat=0
split_feature=15 1 24 25 2 13 1 1 0 2 26 2 26 1
split_gain=11.4936 9.10857 11.4329 8.44243 8.62929 8.1126 13.5512 7.52212 9.35046 9.10376 6.90048 7.68276 6.78744 7.54004
threshold=1.0000000180025095e-35 0.24856707463810448 1.0000000180025095e-35 0.55210095283134641 3.3705424667706052 1.0000000180025095e-35 0.27274282406068068 0.61299078603327717 12.986723988864254 2.5436167146765656 19.919086299121737 3.2137575065468433 6.7018653185239723 1.055093710406392
decision_type=2 2 2 2 2 2 2 2 2 2 2 2 2 2
left_child=1 -1 3 -3 5 6 -5 8 -4 -9 11 -10 13 -2
right_child=12 2 7 4 -6 -7 -8 9 10 -11 -12 -13 -14 -15
leaf_value=-0.0079122515698667878 -0.0011120047888517073 0.040549332587996104 -0.011599433784454412 0.029676197111053203 -0.014687192814036017 0.00022044708292831043 0.0049241742256354616 -0.00058315226273482703 -0.001761740983099666 0.018086544222209941 -0.013013184690111108 0.029338899161910476 0.012977245384091169 0.016747459357026883
leaf_weight=155.74186753761023 115.7592945843935 4.2329859361052504 133.66877865418792 20.647059444338083 24.996573779731989 407.00029813311994 258.95370516367257 497.49682610854506 379.70518017560244 23.670138847082853 49.159091050736606 6.2868955936282864 82.437294758856297 25.037725836038589
leaf_count=6071 617 40 1461 591 1107 4230 3524 3923 5374 254 1774 113 735 111
internal_value=-0.000240011 -0.000975068 -0.000372726 0.00257073 0.00228823 0.0029267 0.00685123 -0.00230638 -0.00468872 0.000297794 -0.00254417 -0.00118068 0.00619448 0.00215963
internal_weight=2184.79 1961.56 1805.82 715.831 711.598 686.601 279.601 1089.99 568.82 521.167 435.151 385.992 223.234 140.797
internal_count=29925 28462 22391 9492 9452 8345 4115 12899 8722 4177 7261 5487 1463 728
is_linear=0
shrinkage=0.03


Tree=109
num_leaves=15
num_cat=0
split_feature=1 5 7 10 26 27 26 1 2 17 2 1 1 1
split_gain=11.5297 9.02072 8.88843 7.06254 6.62187 6.5718 5.89734 5.84695 10.667 5.62059 5.07496 4.61965 4.59452 4.20869
threshold=0.25333713108344186 8.7464278422679502 1.0000000180025095e-35 1.0000000180025095e-35 21.023796041628639 1.0000000180025095e-35 2.9732137494636963 0.52422889648919713 2.6627898193949542 1.0000000180025095e-35 3.4255988645683142 0.96850898065993285 1.3478912332215944 0.19117773690915182
decision_type=2 2 2 2 2 2 2 2 2 2 2 2 2 2
left_child=13 2 3 5 12 9 11 10 -9 -2 -8 -7 -4 -1
right_child=1 -3 4 -5 -6 6 7 8 -10 -11 -12 -13 -14 -15
leaf_value=0.00061820880602458462 0.013730308960279004 -0.0062023533707979096 -0.0035109764275525627 -0.017786994346503816 -0.021991282129139585 -0.01447481883251632 0.00038656533734479002 0.0030574753371644626 0.019766380988680558 0.0014030503544162772 -0.023389306744851856 -0.00011728280344261377 0.013669776943634859 -0.010267305629574262
leaf_weight=41.165862991474569 73.672990819439292 186.38844091817737 303.52678539045155 15.562440320849417 15.954905126243828 35.484990730881691 755.13560252450407 461.88818311691284 36.223380975425243 60.517389051616192 7.1671308409422627 45.139387264847755 13.711829647421835 140.35936723090708
leaf_count=1311 350 3069 2894 111 616 206 11575 3093 281 312 331 216 63 5573
internal_value=-0.0005895 6.59245e-05 0.000709512 0.00169983 -0.00371323 0.00191731 0.00128073 0.00178555 0.00430974 0.00822244 0.000132676 -0.00653634 -0.00272776 -0.00780885
internal_weight=2191.9 2010.37 1823.99 1490.79 333.194 1475.23 1341.04 1260.41 498.112 134.19 762.303 80.6244 317.239 181.525
internal_count=30001 23117 20048 16475 3573 16364 15702 15280 3374 662 11906 422 2957 6884
is_linear=0
shrinkage=0.03


Tree=110
num_leaves=15
num_cat=0
split_feature=0 0 10 7 5 22 24 26 9 26 23 12 26 14
split_gain=8.62499 7.85207 6.95842 7.49533 5.70067 7.80857 5.08704 4.60915 4.41924 4.41396 5.18847 5.39497 5.32772 5.251
threshold=28.167623246591749 3.6701496078529972 1.0000000180025095e-35 1.0000000180025095e-35 13.244055268850559 1.0000000180025095e-35 1.5000000000000002 16.985582118766139 1.0000000180025095e-35 2.7694741309801434 1.0000000180025095e-35 1.0000000180025095e-35 4.1000000000000059 1.0000000180025095e-35
decision_type=2 2 2 2 2 2 2 2 2 2 2 2 2 2
left_child=1 -1 3 4 6 -6 8 -8 9 -3 13 12 -12 -11
right_child=-2 2 -4 -5 5 -7 7 -9 -10 10 11 -13 -14 -15
leaf_value=0.016522299722639865 -0.0081961837312165484 -0.004747238329367005 -0.018285499235551665 -0.0037496149620122594 0.031544895560764244 -0.018484308642124771 -0.001383926596696738 -0.018007843591224183 -0.012963452272084642 0.0026758346119510183 0.016153226983315744 0.010319407590304877 -0.0017584211606102853 0.0080585724793288249
leaf_weight=25.75557117164135 110.32630339451134 74.89174934476614 17.234445154666901 336.85261097922921 2.2707478478550938 22.515156345441937 262.74544032663107 14.93860844708979 16.326510839164257 643.98503499105573 14.561241529881952 40.463212065398693 378.98642303608358 218.3321607131511
leaf_count=121 5255 396 129 3820 38 636 2924 436 152 6127 87 621 7028 2177
internal_value=-6.17036e-05 0.000375624 0.000164197 0.000330015 0.0011449 -0.0128553 0.00136087 -0.00233965 0.0021026 0.0022913 0.00270128 2.54336e-05 -0.00105643 0.00404646
internal_weight=2180.19 2069.86 2044.1 2026.87 1690.02 24.7859 1665.23 277.684 1387.55 1371.22 1296.33 434.011 393.548 862.317
internal_count=29947 24692 24571 24442 20622 674 19948 3360 16588 16436 16040 7736 7115 8304
is_linear=0
shrinkage=0.03


Tree=111
num_leaves=15
num_cat=0
split_feature=20 1 0 26 2 10 0 0 24 5 7 2 5 26
split_gain=13.3024 11.6912 9.91403 9.78761 8.34788 7.83122 7.42924 10.4599 7.09335 7.71439 8.71992 7.39328 7.23957 6.01724
threshold=1.0000000180025095e-35 0.91620106859913608 7.2242646353093329 2.9732137494636963 3.3705424667706052 1.0000000180025095e-35 14.695917548474588 15.866001336537069 1.5000000000000002 9.9403219263764271 1.0000000180025095e-35 3.012022680803554 9.8053556495899787 7.3348483283568973
decision_type=2 2 2 2 2 2 2 2 2 2 2 2 2 2
left_child=1 2 -1 -2 5 8 13 -8 9 10 12 -10 -4 -5
right_child=3 -3 4 6 -6 -7 7 -9 11 -11 -12 -13 -14 -15
leaf_value=-0.018004112223942204 -0.011200419959162482 0.0044882481118409647 0.0019151620871416415 0.011369549127583648 -0.0091575780502924243 -0.025772298338750523 -0.013218436478902855 0.010581769076463004 -0.0035156771993192703 -0.0085904542424923274 -0.0044130540292419548 -0.020780626430539496 0.037762481059703527 0.029899071717566068
leaf_weight=31.641821429133415 20.576105505228043 336.36662158370018 995.83748439513147 57.687014512717724 112.50973890256137 10.154944606125353 22.291048608720303 57.329130884259939 197.9664489403367 81.319603648036718 226.00703873112798 24.271392138674855 4.0997816175222388 22.120217531919479
leaf_count=183 113 1880 13717 261 5373 90 116 394 2564 1540 3091 639 49 122
internal_value=8.80516e-05 -0.000609741 -0.0016302 0.00787946 -0.00130591 -0.000726584 0.0103964 0.00383718 -0.000543566 0.000300191 0.000896448 -0.00548589 0.00209972 0.0168118
internal_weight=2200.18 2020.17 1683.81 180.004 1652.17 1539.66 159.427 79.6202 1529.5 1307.26 1225.94 222.238 999.937 79.8072
internal_count=30132 29126 27246 1006 27063 21690 893 510 21600 18397 16857 3203 13766 383
is_linear=0
shrinkage=0.03


Tree=112
num_leaves=15
num_cat=0
split_feature=1 24 2 25 7 1 23 0 6 2 1 25 1 25
split_gain=8.75364 8.73732 8.51158 8.83987 7.3833 7.28571 6.72338 6.71837 7.08217 6.13226 6.03897 7.64652 8.37641 6.02469
threshold=0.61299078603327717 1.0000000180025095e-35 2.640292008958391 2.7486346709943574 1.0000000180025095e-35 0.31053239181147657 1.5000000000000002 11.306192958627191 1.0000000180025095e-35 3.1746999717353082 0.22643573626159277 3.2419115480289622 0.20637436572351328 3.0805843601498721
decision_type=2 2 2 2 2 2 2 2 2 2 2 2 2 2
left_child=1 4 -3 -4 10 -5 7 -2 -9 13 11 12 -1 -7
right_child=6 2 3 5 -6 9 -8 8 -10 -11 -12 -13 -14 -15
leaf_value=0.016223297262764762 0.0024139171822257976 -0.00981392850072366 -0.009720302426651924 -0.0067044894157337219 -0.0061885188584027912 0.015903727333708484 -0.0072729192840131169 0.016915955894510577 -0.013883777355058269 0.021741077996171154 0.0033168621847008356 -0.017867055770914277 -0.012798704197108475 0.00013052757722214724
leaf_weight=18.582027146592736 686.80319888517261 162.65407609567046 105.46372760366648 109.29910666868091 109.52472126949579 22.617939250543714 58.045573107898235 50.532540455460548 6.9596408009529105 12.885682623833416 523.20402422733605 27.933838047087193 15.521573858335612 282.43833397328854
leaf_count=627 4503 1751 2795 3341 2044 389 660 454 50 250 8750 1004 614 2863
internal_value=-1.36196e-05 -0.00145347 -0.00382841 -0.00198585 0.000925593 -5.83776e-05 0.00247974 0.00324906 0.0130139 0.00224022 0.00226524 -0.00651569 0.00302619 0.00134815
internal_weight=2192.47 1390.13 695.359 532.705 694.766 427.241 802.341 744.295 57.4922 317.942 585.241 62.0374 34.1036 305.056
internal_count=30095 24428 11389 9638 13039 6843 5667 5007 504 3502 10995 2245 1241 3252
is_linear=0
shrinkage=0.03


Tree=113
num_leaves=15
num_cat=0
split_feature=1 11 15 1 26 26 22 2 1 1 0 1 2 8
split_gain=11.0362 10.6992 8.26608 5.513 4.88838 4.79958 6.53815 4.83417 4.8118 7.65971 8.07693 8.05249 5.13629 4.82641
threshold=0.25248786934821604 1.0000000180025095e-35 1.0000000180025095e-35 1.3478912332215944 1.7117242768623686 6.3067424113298118 1.0000000180025095e-35 3.3705424667706052 0.32696614952546565 0.63826547482214491 9.1774178364532393 0.70458130582771494 2.2628821454747574 1.0000000180025095e-35
decision_type=2 2 2 2 2 2 2 2 2 2 2 2 2 2
left_child=-1 2 3 4 -2 8 7 -7 -6 13 12 -12 -11 -10
right_child=1 -3 -4 -5 5 6 -8 -9 9 10 11 -13 -14 -15
leaf_value=-0.0076326616657374103 -0.013630015260710877 0.026574089568173621 0.0056080509204246912 0.0080386404241620645 0.019478333300694286 -7.4994489086237547e-06 -0.0052246410320015745 -0.012918446590168869 -0.0070166030740533023 0.0031264218841206164 0.0013097835559056346 0.029745674899438655 -0.013506960979343867 0.014529384016967876
leaf_weight=176.38189979735762 26.115246996283531 12.722158698365091 209.93469691090286 62.077696859836578 12.616806216537951 882.1918849311769 347.30865061841905 25.896231915801764 106.84036620333791 254.41708931326866 16.282461542636156 19.202205926179886 16.894985698163509 9.3147028014063817
leaf_count=6776 142 119 1225 289 87 12618 5053 1239 598 1477 86 97 97 46
internal_value=-0.000460663 0.000174764 -7.35306e-06 -0.00067273 -0.000992168 -0.000789049 -0.00173024 -0.00038949 0.00192141 0.00135297 0.003835 0.0170911 0.00204484 -0.00517952
internal_weight=2178.2 2001.82 1989.09 1779.16 1717.08 1690.97 1255.4 908.088 435.569 422.952 306.797 35.4847 271.312 116.155
internal_count=29949 23173 23054 21829 21540 21398 18910 13857 2488 2401 1757 183 1574 644
is_linear=0
shrinkage=0.03


Tree=114
num_leaves=15
num_cat=0
split_feature=1 1 10 5 2 5 24 23 12 24 22 1 1 2
split_gain=10.899 7.7642 5.67748 5.63381 5.39411 5.32464 5.17034 4.88826 6.39426 5.23902 4.85649 4.78549 4.2906 5.82836
threshold=1.0088433281222617 0.22643573626159277 1.0000000180025095e-35 13.244055268850559 1.9166055615321704 3.9050946122689383 1.5000000000000002 1.5000000000000002 1.0000000180025095e-35 1.0000000180025095e-35 1.0000000180025095e-35 0.37389788903230098 0.46100501614358619 3.1191263810881038
decision_type=2 2 2 2 2 2 2 2 2 2 2 2 2 2
left_child=1 -1 3 4 -3 -2 -7 9 -9 12 -5 -10 13 -6
right_child=5 2 -4 10 7 6 -8 8 11 -11 -12 -13 -14 -15
leaf_value=-0.0085366332288861878 0.01009046740682213 -0.025674745263873134 -0.019908291343611294 0.020641377371483565 -0.0017672347762301935 0.0064476778695999638 -0.007051782104271636 -0.0066118407004700681 0.0024954596595636912 -0.00037538782773105934 -0.018884098561027494 0.033742068773982108 0.0059850767328554792 0.0062518746651570121
leaf_weight=99.666689064353704 139.93575598299503 6.1380529776215544 11.776718363165854 2.3699955008924034 236.23445902764797 64.029026702046394 41.063362795859575 165.17927108611912 45.984818771481514 948.49257456511259 20.949015915393829 3.906139373779296 272.00235457718372 123.35175108257681
leaf_count=3765 643 27 98 39 2641 343 289 3482 835 11482 617 35 1581 4087
internal_value=0.000331151 -0.000424447 2.0235e-05 0.000159696 0.000353144 0.00627884 0.0011562 0.000456385 -0.00377636 0.00103454 -0.0141834 0.00555682 0.00314916 0.000993334
internal_weight=2181.08 1936.05 1836.39 1824.61 1801.29 245.028 105.092 1795.15 215.07 1580.08 23.319 49.891 631.589 359.586
internal_count=29964 28689 24924 24826 24170 1275 632 24143 4352 19791 656 870 8309 6728
is_linear=0
shrinkage=0.03


Tree=115
num_leaves=15
num_cat=0
split_feature=26 22 26 1 0 24 20 15 26 1 25 10 5 26
split_gain=12.4092 9.68695 7.8219 7.48183 13.4039 10.9182 8.01857 6.23214 5.84373 11.1289 8.24274 5.43102 5.90494 5.41271
threshold=19.919086299121737 1.0000000180025095e-35 11.406138698087101 0.55448494897505718 13.086252328302406 1.0000000180025095e-35 1.0000000180025095e-35 1.0000000180025095e-35 6.7018653185239723 1.0850138295047362 6.453681120105025 1.0000000180025095e-35 1.0000000180025095e-35 11.129689986369888
decision_type=2 2 2 2 2 2 2 2 2 2 2 2 2 2
left_child=1 3 7 4 5 -1 11 13 9 10 -9 12 -5 -3
right_child=-2 2 -4 6 -6 -7 -8 8 -10 -11 -12 -13 -14 -15
leaf_value=0.0014316770295918282 -0.0052959227916645505 -0.0021939316662406595 -0.010265268328006276 0.0068096147698955096 0.0027746594409098955 -0.0173065876763106 0.02463860740096813 -0.013720196204359594 0.016637514416387521 0.021958212419382565 0.012415445360057434 -0.014013221792410933 -0.0051952768103900714 0.019741591195388621
leaf_weight=52.74617663025856 290.6258084429428 477.86391038447618 80.365714436396956 388.53518365696073 641.98727669753134 58.276875238865614 18.872292265295982 34.811785455793142 32.813584808260202 16.386733695864677 14.689793825149534 12.056503929197786 40.004299942404032 9.3493882045149785
leaf_count=347 10653 4687 1771 2135 8597 492 83 201 274 71 77 71 258 159
internal_value=0.000462228 0.0013553 -0.00154915 0.00295131 0.00110759 -0.00847088 0.00596397 -0.000338166 0.00649744 0.00127425 -0.00587207 0.00511008 0.00567947 -0.00173343
internal_weight=2169.39 1878.76 666.281 1212.48 753.01 111.023 459.468 585.915 98.7019 65.8883 49.5016 440.596 428.539 487.213
internal_count=29876 19223 7240 11983 9436 839 2547 5469 623 349 278 2464 2393 4846
is_linear=0
shrinkage=0.03


Tree=116
num_leaves=15
num_cat=0
split_feature=1 11 1 10 25 0 1 5 0 26 25 27 5 5
split_gain=11.7814 7.61975 5.67174 7.3351 7.09396 6.94637 6.84812 6.01968 6.00438 6.30648 5.4943 6.53086 6.27177 5.50379
threshold=0.22643573626159277 1.0000000180025095e-35 0.91620106859913608 1.0000000180025095e-35 3.1384709652950451 7.7524189773257275 0.64473217778035619 9.8989897959078554 10.216653025426776 6.0054138631358471 2.2022715545545286 1.0000000180025095e-35 13.383198374969593 10.770561728439381
decision_type=2 2 2 2 2 2 2 2 2 2 2 2 2 2
left_child=-1 2 3 4 10 -6 7 -7 9 -8 11 -2 -13 -12
right_child=1 -3 -4 -5 5 6 8 -9 -10 -11 13 12 -14 -15
leaf_value=-0.0097240999431715495 0.031239445429934232 0.022785418837351388 0.0042285712967655214 -0.02476020393610541 -0.012570428299029733 0.0015771784087512267 0.0090434057355311976 -0.015365190165409858 0.018291930496695821 -0.0089923664895893325 -0.0061261818503214171 0.00028148952499266197 -0.027000895042898918 0.0084290815847022135
leaf_weight=99.714752169325948 5.0163473505526772 13.069205565378068 330.4091956242919 9.7481372170150262 28.685561906546354 832.41113035287708 63.106420118361712 18.316690636798739 39.086188826709986 23.073509000241756 304.30173025373369 384.36600876506418 6.7357918098568907 24.459373530000448
leaf_count=3800 38 119 1829 90 155 10461 328 350 223 129 5076 6717 221 550
internal_value=0.000297357 0.000781577 0.000631698 -5.36232e-05 9.98552e-05 0.00173116 0.00216393 0.00119479 0.00868417 0.00416681 -0.00216039 0.000220465 -0.000256048 -0.00502101
internal_weight=2182.5 2082.79 2069.72 1739.31 1729.56 1004.68 975.994 850.728 125.266 86.1799 724.879 396.118 391.102 328.761
internal_count=30086 26286 26167 24338 24248 11646 11491 10811 680 457 12602 6976 6938 5626
is_linear=0
shrinkage=0.03


Tree=117
num_leaves=15
num_cat=0
split_feature=25 24 0 2 2 17 26 26 25 2 25 26 0 7
split_gain=7.62937 7.53863 6.57169 6.16549 7.56297 5.98957 6.42693 5.53845 7.75132 5.14013 7.57778 5.71826 7.32464 8.94125
threshold=9.3246982477882838 1.0000000180025095e-35 19.403736749672724 2.748838005265267 2.6700830222733285 1.0000000180025095e-35 3.9217343102255122 7.9404030124421228 0.55210095283134641 2.56658119485208 2.5612496949731387 7.8638413005350012 8.3639105205586528 1.0000000180025095e-35
decision_type=2 2 2 2 2 2 2 2 2 2 2 2 2 2
left_child=1 3 -3 4 5 9 -7 -5 -9 11 -11 12 -1 -14
right_child=-2 2 -4 7 -6 6 -8 8 -10 10 -12 -13 13 -15
leaf_value=0.0048202456649875354 0.0069406177740010018 -0.00096355434532740115 -0.0073948280680739336 -0.025851803761904879 0.015489332656090406 -0.010841524230664376 0.0024277185971364199 0.047888912750809871 -0.00040077199615406724 0.024035893629346865 -0.0094273832481569838 -0.0029726510998732271 0.028191168143358369 -0.0012046320030604978
leaf_weight=48.593262732028961 137.82321145199239 1034.948487220332 165.00773369800299 6.6317537501454344 49.356205008924007 42.359956111758947 134.61058074608445 2.0117104183882466 448.01695642061532 6.6442046277225009 29.120335217565298 23.816358152776957 38.083363525569439 12.120996497571467
leaf_count=219 858 10261 5160 34 424 200 847 42 11285 59 182 159 201 62
internal_value=0.000135261 -0.000327388 -0.00185335 0.00184856 0.00464132 0.00300342 -0.0007915 -0.000509156 -7.92098e-05 0.00722218 -0.00272601 0.0101225 0.0132774 0.0212091
internal_weight=2179.15 2041.32 1199.96 841.366 384.705 335.349 176.971 456.66 450.029 158.379 35.7645 122.614 98.7976 50.2044
internal_count=29993 29135 15421 13714 2353 1929 1047 11361 11327 882 241 641 482 263
is_linear=0
shrinkage=0.03


Tree=118
num_leaves=15
num_cat=0
split_feature=27 2 5 24 17 17 19 2 1 7 0 23 1 23
split_gain=10.662 8.3878 6.19302 5.00351 4.71592 4.66618 5.07762 5.09229 9.46992 4.54777 4.5468 4.34112 4.38943 4.10701
threshold=1.0000000180025095e-35 3.007008664194879 13.244055268850559 1.5000000000000002 1.0000000180025095e-35 1.0000000180025095e-35 1.0000000180025095e-35 2.6330724481321268 0.41462205883551323 1.0000000180025095e-35 31.144261103520616 2.5000000000000004 0.22988421963253478 1.0000000180025095e-35
decision_type=2 2 2 2 2 2 2 2 2 2 2 2 2 2
left_child=-1 2 5 4 10 6 -2 13 -9 -6 -3 12 -7 -8
right_child=1 3 -4 -5 9 11 7 8 -10 -11 -12 -13 -14 -15
leaf_value=0.0064190122265824715 0.0040457590655231723 -0.0053984112278529783 -0.015290964177309987 -0.016894759514659227 0.00092929957995549787 -0.023373036472842518 -0.0015036107080730933 -0.019203580323228251 0.01545254353291795 -0.010683104845163695 -0.020904112857035178 -0.013479821999651294 -0.00044194800465544021 -0.013131617042525497
leaf_weight=197.24685126356781 467.13658278435469 198.47970230970532 21.727893130853772 25.808042801916599 214.05784183740616 6.5885595660656682 126.05964284390211 8.2037411592900735 30.98107098415494 34.345590366981924 17.834764797240496 23.576287999749184 760.08724835142493 34.026781737804413
leaf_count=1186 3903 5517 652 744 6180 168 841 142 341 1237 1142 358 7130 365
internal_value=-0.000212652 -0.000879937 0.000248658 -0.00427497 -0.00353936 0.000490782 0.00233801 -0.00166555 0.0078996 -0.000712691 -0.00676714 -0.00106794 -0.0006692 -0.00404135
internal_weight=2166.16 1968.91 1478.39 490.526 464.718 1456.66 666.408 199.271 39.1848 248.403 216.314 790.252 766.676 160.086
internal_count=29906 28720 13900 14820 14076 13248 5592 1689 483 7417 6659 7656 7298 1206
is_linear=0
shrinkage=0.03


Tree=119
num_leaves=15
num_cat=0
split_feature=1 25 14 12 23 1 0 0 5 5 0 0 27 25
split_gain=6.96349 7.80692 7.64459 7.14713 8.07106 6.99067 8.40945 7.61463 4.54751 4.29934 4.28334 4.87036 10.0096 6.2061
threshold=0.42145053576964975 1.4491212440208503 1.0000000180025095e-35 1.0000000180025095e-35 1.0000000180025095e-35 0.19117773690915182 29.578708558691336 28.764126963849371 5.102450180006338 1.0000000180025095e-35 32.945637036151695 21.109713398708038 1.0000000180025095e-35 1.6124515496597061
decision_type=2 2 2 2 2 2 2 2 2 2 2 2 2 2
left_child=3 2 8 4 10 6 -5 -7 -2 -4 11 13 -13 -1
right_child=1 -3 9 5 -6 7 -8 -9 -10 -11 -12 12 -14 -15
leaf_value=0.031489518557143152 -0.0035919399235364181 0.0029283206682245923 0.005303620318031263 -0.0027453385312900653 -0.0061290930320449426 0.011196812123201921 0.051045446620009878 -0.0096756932505387156 0.0087711051473253043 -0.013512218635380924 -0.01895924789638672 0.054501573818408922 0.0039740785670513623 -0.0018540534118210953
leaf_weight=4.0998909566551438 63.485399585217237 1114.3493545074016 12.421369794756172 4.1994744762778264 307.46495070494711 41.720974363386631 5.5341152064502239 23.969914175570011 44.838227167725563 68.234606234356761 9.418680180795489 2.6399291530251494 127.90584512799978 343.7087648883462
leaf_count=60 473 8533 128 73 9547 658 100 580 466 854 581 34 3933 3942
internal_value=0.000584922 0.00197204 -0.00365253 -0.00149139 -0.00233095 0.00727516 0.0297442 0.00354977 0.0015589 -0.010585 7.08266e-05 0.000484294 0.00540241 -0.00137186
internal_weight=2173.99 1303.33 188.98 870.663 795.238 75.4245 9.73359 65.6909 108.324 80.656 487.773 478.354 130.546 347.809
internal_count=29962 10454 1921 19508 18097 1411 173 1238 939 982 8550 7969 3967 4002
is_linear=0
shrinkage=0.03


Tree=120
num_leaves=15
num_cat=0
split_feature=1 23 12 2 1 2 25 18 2 25 23 0 0 25
split_gain=10.11 5.76803 6.8519 5.8419 6.9079 10.1655 10.0719 7.52462 6.45081 6.31337 5.84711 5.8353 5.58093 6.38983
threshold=0.31938365161036392 1.5000000000000002 1.0000000180025095e-35 3.1791079461547196 0.61952128578633037 2.4958783377392586 2.4186773244895692 1.0000000180025095e-35 3.1964623120392273 1.4866068747318482 1.0000000180025095e-35 11.306192958627191 12.083045973594571 1.9364847877387756
decision_type=2 2 2 2 2 2 2 2 2 2 2 2 2 2
left_child=-1 3 -3 4 5 -2 9 -8 -5 -7 -10 -6 13 -13
right_child=1 2 -4 8 11 6 7 -9 10 -11 -12 12 -14 -15
leaf_value=-0.0035403422525417637 -0.0093065437538716132 -0.0057909530381708698 0.016238573430289966 0.038847469747461658 0.0032632432490233448 0.0059286825853016954 0.0093017984107744128 0.0010037167831015393 0.020352340358957353 -0.011401681348626552 -0.015098594269875028 -0.0026872726558054569 -0.0073169387463273006 0.024945224462095798
leaf_weight=438.76326964609325 92.822070721536875 145.12474948912859 12.954511143267153 7.0309959575533894 682.81997073441744 23.957324532791972 121.24299048632383 504.79032612405717 8.6180693283677083 80.371260413900018 6.4781352821737519 9.622295029461382 8.6565200239419919 30.890693619847298
leaf_count=13832 742 2226 145 139 4445 402 1162 4820 137 1332 165 123 74 227
internal_value=0.000523132 0.00155196 -0.00389492 0.00209998 0.00187612 -9.96675e-06 0.00118265 0.00262307 0.0170719 -0.00740355 0.00514661 0.00399431 0.0138793 0.0184756
internal_weight=2174.14 1735.38 158.079 1577.3 1555.17 823.184 730.362 626.033 22.1272 104.329 15.0962 731.989 49.1695 40.513
internal_count=29971 16139 2371 13768 13327 8458 7716 5982 441 1734 302 4869 424 350
is_linear=0
shrinkage=0.03


Tree=121
num_leaves=15
num_cat=0
split_feature=20 26 1 1 0 26 2 7 5 1 26 26 1 2
split_gain=7.71432 8.25414 8.33172 7.1266 9.26831 5.91652 5.87031 5.33379 6.30612 6.23089 6.60161 8.24571 5.60711 6.4894
threshold=1.0000000180025095e-35 2.9732137494636963 0.58424181314213997 0.91620106859913608 5.7978444109919947 1.7117242768623686 2.640292008958391 1.0000000180025095e-35 10.480935072788121 0.36903686250029294 9.3528070308843176 9.5131487952202267 0.48140462189500016 2.6473103476699791
decision_type=2 2 2 2 2 2 2 2 2 2 2 2 2 2
left_child=3 -2 6 4 -1 -5 -3 8 9 -6 12 -12 -11 -14
right_child=1 2 -4 5 7 -7 -8 -9 -10 10 11 -13 13 -15
leaf_value=-0.041677390100770949 -0.011722258381892647 -0.0083506196490212414 0.023387997662791538 -0.0096998763785434879 -0.0024554450676337342 0.0046266928326287047 0.0079653664209456011 -0.0051267727589029968 -0.008023432448330264 -0.0077252626600945729 0.029941919597597507 0.0042724006059505198 -3.6911064545824082e-05 0.014598378338013661
leaf_weight=4.1225919499993315 20.313126757740974 23.317060358822346 26.090916857123375 27.412980496883392 535.79883632995188 305.16183232888579 109.8371329959482 267.98295347485691 92.881285581737757 77.70235027000308 10.782778747379778 278.09384229406714 375.20255825668573 28.403935804963112
leaf_count=19 113 119 116 133 14398 1717 656 4038 1949 507 90 3123 2922 144
internal_value=-4.88984e-05 0.0058904 0.00819618 -0.000583853 -0.00138236 0.00342027 0.00506727 -0.00125777 -0.000513451 2.63868e-05 0.00175388 0.00533054 -0.000399397 0.00102659
internal_weight=2183.1 179.558 159.245 2003.55 1670.97 332.575 133.154 1666.85 1398.87 1305.98 770.185 288.877 481.309 403.606
internal_count=30044 1004 891 29040 27190 1850 775 27171 23133 21184 6786 3213 3573 3066
is_linear=0
shrinkage=0.03


Tree=122
num_leaves=15
num_cat=0
split_feature=27 26 23 26 5 25 12 26 0 0 25 26 17 23
split_gain=6.99565 7.79067 7.56579 4.4539 5.92696 4.31024 3.76734 8.13315 5.05767 4.54367 5.558 4.56148 4.33706 4.07323
threshold=1.0000000180025095e-35 12.984991336154222 1.0000000180025095e-35 2.017418010682746 3.1780497164141406 3.4992855684535868 1.0000000180025095e-35 26.390433864570571 37.866739890798478 29.155188214384452 4.7010637094172685 17.585931872326732 1.0000000180025095e-35 1.5000000000000002
decision_type=2 2 2 2 2 2 2 2 2 2 2 2 2 2
left_child=1 -1 -3 4 5 -2 7 9 -8 11 -11 -5 -13 -14
right_child=3 2 -4 6 -6 -7 8 -9 -10 10 -12 12 13 -15
leaf_value=0.0036539440166704264 -0.00050206763581299029 0.049107789226335685 -0.00087567793519736719 -1.5383255381180844e-05 0.0065488149567432012 -0.024435431323017235 0.0041263928277270332 -0.01215013075285447 0.039756813867222206 -0.0023808723590343799 0.045006308929960541 -0.008338344014880367 0.0032139475489479652 -0.0092205008387413762
leaf_weight=181.25736727192998 9.812804728746416 5.8663842203095538 4.4621767699718475 1551.4119690228254 12.947505570948122 21.167376592755318 71.998474098742008 54.664980323053896 2.8013528585433951 4.3495535366237155 3.3707325216382742 123.68386649433523 83.690033760853112 31.9294359004125
leaf_count=982 42 110 83 15717 79 121 1335 3540 56 262 174 3807 2660 993
internal_value=-0.00027369 0.00518401 0.0293426 -0.000806328 -0.0101443 -0.0171074 -0.000588412 -0.000856123 0.00596769 -0.00050627 0.0210972 -0.000611132 -0.00445726 -0.000269565
internal_weight=2163.41 191.586 10.3286 1971.83 43.9277 30.9802 1927.9 1853.1 74.7998 1798.44 7.72029 1790.72 239.303 115.619
internal_count=29961 1175 193 28786 242 163 28544 27153 1391 23613 436 23177 7460 3653
is_linear=0
shrinkage=0.03


Tree=123
num_leaves=15
num_cat=0
split_feature=20 2 10 1 25 14 18 2 6 25 2 24 22 8
split_gain=7.04317 6.83039 5.01993 5.49419 7.16291 6.44738 6.3796 5.70688 5.0133 7.6996 4.54804 4.83082 4.03483 3.79151
threshold=1.0000000180025095e-35 1.678651379664698 1.0000000180025095e-35 0.44279372864168065 1.3964194138592043 1.0000000180025095e-35 1.0000000180025095e-35 2.3888786073412036 1.0000000180025095e-35 4.272001872658767 2.4812182186070797 1.0000000180025095e-35 1.0000000180025095e-35 1.0000000180025095e-35
decision_type=2 2 2 2 2 2 2 2 2 2 2 2 2 2
left_child=1 12 3 7 5 6 -5 -3 10 -10 11 -9 -1 -2
right_child=13 2 -4 4 -6 -7 -8 8 9 -11 -12 -13 -14 -15
leaf_value=0.01625241368976494 0.0041310465758437097 -0.020260838845417697 -0.017797238646467265 -0.015248711619314737 0.0015426509928234025 -0.012559946917187884 0.0045560564992629012 0.037982406631850506 -0.017254816473446514 0.011613469844874678 -0.0019762031569099526 -0.0016543410684921526 -0.0012079859722786141 0.01980534063598029
leaf_weight=32.495204538106918 167.22415815852582 15.255449436604975 14.840687647461889 17.932141743600368 936.6855427660048 64.789781676605344 63.546169389039278 4.3266399055719358 39.717160892672837 9.6947005745023471 771.72836894448847 5.5941309183835983 18.281661242246628 14.283021230250595
leaf_count=158 930 143 116 137 7436 822 602 43 912 149 18382 77 80 76
internal_value=-0.000174975 -0.000690728 -0.000976655 -0.000838112 0.000577138 -0.0055744 6.52926e-05 -0.00264762 -0.00230034 -0.0114728 -0.00170659 0.0175271 0.0100641 0.00546624
internal_weight=2176.39 1994.89 1944.11 1929.27 1082.95 146.268 81.4783 846.316 831.061 49.4119 781.649 9.92077 50.7769 181.507
internal_count=30063 29057 28819 28703 8997 1561 739 19706 19563 1061 18502 120 238 1006
is_linear=0
shrinkage=0.03


Tree=124
num_leaves=15
num_cat=0
split_feature=1 24 2 1 5 2 12 1 26 26 1 22 1 1
split_gain=7.72268 6.91411 6.33818 7.72706 6.66103 5.29822 5.10999 5.2106 7.21699 6.40652 4.78154 4.67832 4.57855 4.46149
threshold=0.22643573626159277 1.5000000000000002 2.2756380638315981 0.87428639859696067 4.1946343128971906 2.3013055886450173 1.0000000180025095e-35 0.19795482754843216 28.279055837392082 30.730603611152013 0.70458130582771494 1.0000000180025095e-35 1.055093710406392 0.45720305183730386
decision_type=2 2 2 2 2 2 2 2 2 2 2 2 2 2
left_child=6 13 3 -3 12 -4 -1 8 -8 -9 -7 -12 -5 -2
right_child=1 2 5 4 -6 10 7 9 -10 -11 11 -13 -14 -15
leaf_value=-0.011712380592984382 -0.00042766527447633313 0.014481000358383796 -0.031276715844087304 -0.0066931078637275411 -0.0080494683272064275 -0.008202730121312939 -0.0097774487128414102 0.017359285486093869 0.036557065372930263 -0.027089642719616426 -0.016864611120425699 0.010990760599290951 0.014893897043285897 0.0026056132041245312
leaf_weight=76.537217679433525 813.64929175376892 30.190103817731142 6.9037103094160548 12.775528021156786 68.067663785070181 150.57336575165391 4.5033201947808283 3.947147209197281 6.4753334037959576 6.4058082699775696 6.0347195751965073 23.318899154663086 24.64510191231966 939.67670204117894
leaf_count=3354 15538 278 78 70 586 2401 80 91 116 159 43 328 114 6715
internal_value=6.56693e-05 0.000455612 -0.00357459 0.00135691 -0.00249984 -0.00714405 -0.00812611 0.00468959 0.0183216 -0.0101068 -0.00605034 0.00489712 0.00754164 0.00119855
internal_weight=2173.7 2075.84 322.509 135.678 105.488 186.831 97.8688 21.3316 10.9787 10.353 179.927 29.3536 37.4206 1753.33
internal_count=29951 26151 3898 1048 770 2850 3800 446 196 250 2772 371 184 22253
is_linear=0
shrinkage=0.03


Tree=125
num_leaves=15
num_cat=0
split_feature=1 2 25 26 10 25 14 7 6 0 25 25 19 25
split_gain=5.62211 7.0327 6.45065 6.76762 6.15384 5.26974 4.94456 6.23696 4.82136 4.23304 5.53664 4.93481 4.52817 5.20464
threshold=0.54486391545154345 2.640292008958391 1.4491212440208503 11.236102527122119 1.0000000180025095e-35 1.9222378386984946 1.0000000180025095e-35 1.0000000180025095e-35 1.0000000180025095e-35 4.8337342596362287 1.8867962264113192 1.9761036398269705 1.0000000180025095e-35 1.7944271909999145
decision_type=2 2 2 2 2 2 2 2 2 2 2 2 2 2
left_child=1 -1 6 4 9 -5 7 8 -2 -4 12 -12 13 -11
right_child=2 -3 3 5 -6 -7 -8 -9 -10 10 11 -13 -14 -15
leaf_value=-0.0072977242368095583 0.0079313778722698205 -0.00052967444959592651 0.010519631223927357 -0.0042064811254468497 -0.018895079834884029 0.030069987899694395 -0.0092138209542035297 -0.01485560570066816 -0.010645817997814217 -0.0016874178371180533 -0.013989828967000526 0.0014620050683957771 0.015596233756252815 0.022109779413435802
leaf_weight=157.99404450692236 65.879394182935357 1056.9365427969024 56.65970167517662 5.3622511792928007 11.075436037033795 12.974851924926041 76.502137403935194 17.417068969458342 14.571584116667507 44.684743229299784 18.216453738510609 584.3607619330287 44.474158708006144 9.1186403371393663
leaf_count=1528 555 21359 265 85 68 128 898 113 104 434 173 3803 372 91
internal_value=-5.92471e-05 -0.00141509 0.00165402 0.00281076 0.00236647 0.0203475 -0.00355257 0.000921195 0.00447721 0.00270184 0.00205573 0.000972478 0.00862085 0.00267559
internal_weight=2176.23 1214.93 961.297 786.927 768.59 18.3371 174.37 97.868 80.451 757.514 700.855 602.577 98.2775 53.8034
internal_count=29976 22887 7089 5419 5206 213 1670 772 659 5138 4873 3976 897 525
is_linear=0
shrinkage=0.03


Tree=126
num_leaves=15
num_cat=0
split_feature=1 7 26 0 21 5 23 23 12 1 0 11 5 25
split_gain=8.39861 7.07646 6.21576 5.72288 5.81138 5.95145 9.36681 4.2175 5.30622 7.35699 10.9361 4.47479 4.43813 4.21476
threshold=0.85922275001142612 1.0000000180025095e-35 24.01520351686931 8.0143620109834739 1.0000000180025095e-35 3.9050946122689383 1.5000000000000002 1.0000000180025095e-35 1.0000000180025095e-35 0.46100501614358619 16.406401164304658 1.0000000180025095e-35 11.696794430711252 0.92195444572929353
decision_type=2 2 2 2 2 2 2 2 2 2 2 2 2 2
left_child=1 7 -3 4 5 6 13 11 9 -9 -11 12 -1 -2
right_child=3 2 -4 -5 -6 -7 -8 8 -10 10 -12 -13 -14 -15
leaf_value=0.0018253068821842918 0.026622777780602215 -0.0037718380602214021 -0.024183330188015165 0.015057043064248796 -0.018422233022460242 -0.00046497016693683641 -0.018331851453685415 -0.0059785575965628718 0.0059311437330096632 0.00026177086978837808 0.041151692956959855 0.02467152926709152 -0.0093307959296887993 0.0077034769104775414
leaf_weight=882.60379573889077 10.530544549226759 269.7554665710777 13.18903335276991 39.235486008226871 9.9640082418918592 163.14895274117589 11.17120850086212 279.4970540497452 70.933142680674791 205.74323469027877 5.0605539195239535 6.5161600448191157 32.32063508592546 174.21646212041378
leaf_count=10420 48 3364 774 285 47 1109 67 8373 1318 2557 63 64 736 795
internal_value=0.000430985 -0.00046632 -0.00480511 0.00430319 0.00312224 0.00376959 0.00728033 0.000364349 -0.001684 -0.00279553 0.00143303 0.00161243 0.00142145 0.0089194
internal_weight=2173.89 1765.62 282.944 408.267 369.031 359.067 195.918 1482.67 561.234 490.301 210.804 921.441 914.924 184.747
internal_count=30020 27669 4138 2351 2066 2019 910 23531 12311 10993 2620 11220 11156 843
is_linear=0
shrinkage=0.03


Tree=127
num_leaves=15
num_cat=0
split_feature=1 25 10 25 19 2 25 2 5 2 5 25 1 1
split_gain=8.2603 5.72045 4.96888 5.95678 6.43252 6.48219 5.06447 8.59931 12.2251 5.85969 4.89422 4.60056 4.31641 9.28926
threshold=0.45720305183730386 0.68541019662497005 1.0000000180025095e-35 3.1384709652950451 1.0000000180025095e-35 2.4627138222416645 2.9068883707497242 2.287428413347619 5.0019992006393617 2.5355064558864497 7.7858842401821606 3.9560080889705005 0.51878016704539254 0.61952128578633037
decision_type=2 2 2 2 2 2 2 2 2 2 2 2 2 2
left_child=1 -1 3 6 11 10 -2 8 -8 -9 -6 12 -5 -14
right_child=2 -3 -4 4 5 -7 7 9 -10 -11 -12 -13 13 -15
leaf_value=0.030760464964288241 0.00094617427550260959 -0.0021102367585046178 -0.016096459636949282 0.02567445194705157 0.00068229845832850689 -0.010438284893515722 0.017615353389428729 -0.029023735819465692 -0.021844667096897842 -0.0045849419455509573 0.020673028497759385 0.0044981773611556227 -0.0076929027465633916 0.015407096064412006
leaf_weight=3.7918411996215573 592.38786254450679 975.07939693331718 12.866052530705927 16.696440340951085 86.244109615683556 44.492231113836169 19.506864741444591 18.164438396692276 9.8056819699704629 17.19742445088923 11.650318529456852 287.94106924906373 21.137056563049555 54.375400677323341
leaf_count=84 5646 20675 86 167 439 398 95 152 65 195 93 1515 169 301
internal_value=8.95545e-05 -0.00195164 0.00176537 0.00197366 0.00436095 -0.00107272 7.1391e-05 -0.00783362 0.00412994 -0.0175914 0.00324636 0.00639363 0.0122008 0.00892503
internal_weight=2171.34 978.871 1192.46 1179.6 522.537 142.387 657.062 64.6744 29.3125 35.3619 97.8944 380.15 92.2089 75.5125
internal_count=30080 20759 9321 9235 3082 930 6153 507 160 347 532 2152 637 470
is_linear=0
shrinkage=0.03


Tree=128
num_leaves=15
num_cat=0
split_feature=25 15 24 26 25 1 0 26 27 25 25 26 1 0
split_gain=9.7406 6.65345 5.17911 7.14078 6.64699 7.33327 11.5312 9.09019 6.64631 5.63243 5.39625 5.15742 5.67724 5.46683
threshold=0.68541019662497005 1.0000000180025095e-35 1.0000000180025095e-35 21.023796041628639 1.563648759715593 0.61299078603327717 12.986723988864254 9.3528070308843176 1.0000000180025095e-35 1.8641308465003832 2.1260291625469301 6.7018653185239723 1.055093710406392 13.924618392941722
decision_type=2 2 2 2 2 2 2 2 2 2 2 2 2 2
left_child=-1 2 8 4 -4 6 -6 -7 -2 -9 -8 12 -3 -13
right_child=1 11 3 -5 5 7 10 9 -10 -11 -12 13 -14 -15
leaf_value=0.018077005482175192 0.0089573502306324777 -0.0022181246161030082 -0.0076412179506778945 -0.012909064076897878 -0.011425330988345266 0.0010463132257568849 -0.015306168716710268 -0.0027610254815574496 -0.00017262128649050268 0.029121130293079608 6.1816907882577269e-05 0.018099260317432361 0.013567369264652787 0.0032112870547113762
leaf_weight=24.63547164388001 78.677238768897951 112.61701653152704 152.75482497550547 54.627386883832514 117.89570137113333 362.11028507724404 20.748820578679442 6.7683588601648834 721.85899973195046 16.366169538348913 377.22352916747332 39.382889527827501 24.023225232958794 50.486080467700958
leaf_count=258 487 605 1778 2645 1332 2511 439 85 13026 161 5733 313 106 466
internal_value=-0.000305693 -0.000526116 -0.00110354 -0.00243057 -0.00187569 -0.000890944 -0.003227 0.00223744 0.000734734 0.0200656 -0.000775769 0.00432387 0.000635589 0.00986296
internal_weight=2160.18 2135.54 1909.03 1108.5 1053.87 901.113 515.868 385.245 800.536 23.1345 397.972 226.509 136.64 89.869
internal_count=29945 29687 28197 14684 12039 10261 7504 2757 13513 246 6172 1490 711 779
is_linear=0
shrinkage=0.03


Tree=129
num_leaves=15
num_cat=0
split_feature=15 10 11 9 1 3 1 7 25 26 25 25 26 2
split_gain=5.81875 6.15189 5.04544 4.72388 4.91882 8.70134 8.21534 7.82499 6.83273 6.9158 8.04105 7.04385 5.69561 5.08809
threshold=1.0000000180025095e-35 1.0000000180025095e-35 1.0000000180025095e-35 1.0000000180025095e-35 0.38263697274512393 1.0000000180025095e-35 1.3478912332215944 1.0000000180025095e-35 6.6846839760853358 2.9732137494636963 5.5127122824834229 5.7210138293990163 12.579149375555751 3.0978294867600003
decision_type=2 2 2 2 2 2 2 2 2 2 2 2 2 2
left_child=1 2 3 4 7 6 8 13 9 -6 -11 -12 -7 -1
right_child=-2 -3 -4 -5 5 12 -8 -9 -10 10 11 -13 -14 -15
leaf_value=-0.0047589347023432879 0.0043893566037907644 -0.019896951010018288 0.020096566987635397 -0.015135782714045245 -0.0096696550612031824 -0.0028443635454854176 0.016309109444043991 -0.011247659118626541 -0.0042721599698134147 0.0024286382468628595 0.035130457507030761 0.0087846381842872686 -0.028529033143178079 0.000998145225045402
leaf_weight=232.94049304164946 225.46194422990084 13.898515328764914 9.6009078919887525 19.071534330025315 37.013233043253422 336.7302113994956 34.490777119994164 81.527717025019228 147.90667770802975 613.51080584898591 10.392853610217569 52.612849492579699 6.9720351863652459 336.80337034165859
leaf_count=3680 1470 113 95 180 171 3915 166 2409 748 5204 69 304 237 11207
internal_value=-0.000160598 -0.000693162 -0.000543831 -0.000658047 -0.000504102 0.000605066 0.00216152 -0.00261298 0.00157681 0.00279352 0.00348867 0.0136114 -0.00344663 -0.00135986
internal_weight=2158.93 1933.47 1919.57 1909.97 1890.9 1239.63 895.927 651.272 861.436 713.53 676.517 63.0057 343.702 569.744
internal_count=29968 28498 28385 28290 28110 10814 6662 17296 6496 5748 5577 373 4152 14887
is_linear=0
shrinkage=0.03


Tree=130
num_leaves=15
num_cat=0
split_feature=1 22 8 7 25 1 1 26 26 25 25 26 1 26
split_gain=9.67392 7.6839 8.07235 5.59218 5.71325 7.83619 9.50955 7.07215 15.0073 10.0047 8.32295 5.50282 5.24284 6.87253
threshold=0.38055726864568074 1.0000000180025095e-35 1.0000000180025095e-35 1.0000000180025095e-35 4.3399305309576279 0.21733930150846179 0.23603257638915989 15.196710113309011 17.709460734358725 5.2488093023617237 4.5929277680289955 10.198039027185567 0.19351409710841144 35.288241626766244
decision_type=2 2 2 2 2 2 2 2 2 2 2 2 2 2
left_child=3 2 -2 4 12 -6 -7 9 10 -8 -9 -11 13 -1
right_child=1 -3 -4 -5 5 6 7 8 -10 11 -12 -13 -14 -15
leaf_value=0.0016223928945660888 0.0031837513778637605 -0.00091673379182004994 0.029242229450356358 -0.0097354076781042201 -0.01560657979608434 0.03257004889135983 0.013006669528135067 -0.0086410527199642494 -0.0020983706992852261 -0.00094748451463923396 0.035410304719052266 -0.015107772588312616 -0.0047922159832949679 0.040631580515095946
leaf_weight=21.802560968324546 870.36875431612134 588.85505488142371 9.8505845218896848 84.611337814480066 19.559806448407471 8.861511121504007 33.72313972748816 4.2556265108287361 33.904620476998389 79.557760447263718 21.192130923271179 34.916848814114928 352.09039359912276 4.0223619993776074
leaf_count=725 6291 5939 48 2484 588 311 461 89 1001 484 373 402 10704 166
internal_value=0.000353443 0.00173513 0.00350823 -0.00255084 -0.00154638 0.0021107 0.00377645 0.00239681 0.0110546 -0.00112145 0.0279954 -0.00536006 -0.00382942 0.00898646
internal_weight=2167.57 1469.07 880.219 698.498 613.887 235.971 216.412 207.55 59.3524 148.198 25.4478 114.475 377.915 25.8249
internal_count=30066 12278 6339 17788 15304 3709 3121 2810 1463 1347 462 886 11595 891
is_linear=0
shrinkage=0.03


Tree=131
num_leaves=15
num_cat=0
split_feature=10 1 15 11 5 1 25 25 24 2 21 6 2 25
split_gain=5.76487 5.64342 5.57234 7.50124 5.23104 5.05645 9.94947 4.84779 4.58901 7.46855 5.69829 6.33605 5.65047 5.35742
threshold=1.0000000180025095e-35 0.2227791011025769 1.0000000180025095e-35 1.0000000180025095e-35 9.5028942631764028 0.19351409710841144 3.4662659274523206 2.3377317440648402 1.5000000000000002 3.007008664194879 1.0000000180025095e-35 1.0000000180025095e-35 2.1992686395899219 5.2488093023617237
decision_type=2 2 2 2 2 2 2 2 2 2 2 2 2 2
left_child=1 5 3 4 8 6 -1 -5 10 -10 11 -3 -12 -11
right_child=-2 2 -4 7 -6 -7 -8 -9 9 13 12 -13 -14 -15
leaf_value=0.015710352999605 -0.0175548865048696 0.0020796026592247623 0.0052057324531201337 0.04143686473121997 -0.0061525472250758247 -0.01404933689013713 -0.012726377084484305 0.0023590755045698117 -0.0017054047207479318 -0.026494991672619025 -0.030037572527219017 -0.0042208042915503246 -0.0040822387122378236 0.0069779815664623157
leaf_weight=19.407053019851446 15.474637337028978 1237.2283601202071 209.31536838039756 5.4440498668700439 119.17553806677461 45.008601917885244 23.211565437726676 5.3627954479306936 238.94422001391649 18.167613908648494 8.2109395414590818 161.56862545665354 44.38587486743927 5.085448879748582
leaf_count=660 121 17587 1270 47 2354 1984 791 55 2280 565 38 1722 417 88
internal_value=0.000123638 0.000259581 0.000579296 5.14832e-05 -0.000102012 -0.00715259 0.000286036 0.0238871 0.000322129 -0.00332292 0.000982449 0.00134938 -0.00861899 -0.0191886
internal_weight=2155.99 2140.52 2052.89 1843.57 1832.77 87.6272 42.6186 10.8068 1713.59 262.197 1451.39 1398.8 52.5968 23.2531
internal_count=29979 29858 26423 25153 25051 3435 1451 102 22697 2933 19764 19309 455 653
is_linear=0
shrinkage=0.03


Tree=132
num_leaves=15
num_cat=0
split_feature=1 1 24 25 26 2 26 12 25 25 1 2 26 11
split_gain=9.31774 5.87983 5.70594 8.13117 7.24656 5.80633 8.44448 5.51925 8.27733 8.43699 7.90091 5.43081 6.98797 4.61141
threshold=1.6982709730838172 0.25333713108344186 1.0000000180025095e-35 0.55210095283134641 19.544180699078847 3.4028640926926896 26.65520587052368 1.0000000180025095e-35 1.7000000000000008 2.0112181519869936 0.19795482754843216 3.3705424667706052 26.130729036726983 1.0000000180025095e-35
decision_type=2 2 2 2 2 2 2 2 2 2 2 2 2 2
left_child=1 7 3 -3 13 -6 -7 -1 -9 -10 -11 12 -5 -4
right_child=-2 2 4 11 5 6 -8 8 9 10 -12 -13 -14 -15
leaf_value=-0.0083223156636207541 0.019298886851071447 0.038213728264130012 -0.00080707402642750164 0.0020493291498529251 -0.015243545046720706 0.062286449899511404 -0.018900404958848982 -0.0084168583291797331 0.047158808371727819 0.030413347667973163 -0.018219069791587269 -0.013760994385330147 0.033327096678955198 0.020081316875623652
leaf_weight=135.27112554106861 21.134951636195183 4.5996298622339955 1124.0722407922149 753.92439884133637 44.759725958108902 1.2681670729070895 1.6366241108626125 18.484045211225748 5.496217928826808 4.3159136213362199 5.9409161321818829 18.400206935591996 5.4894794374704352 8.593910535797475
leaf_count=6117 105 41 11610 8450 1594 75 113 400 119 73 142 881 128 77
internal_value=-6.51737e-05 -0.000266068 0.000198053 0.00218324 -0.00111862 -0.0124546 0.0234181 -0.00560978 0.00503949 0.0203886 0.00312856 0.00192138 0.00231895 -0.000631013
internal_weight=2153.39 2132.25 1962.74 782.414 1180.33 47.6645 2.90479 169.508 34.2371 15.753 10.2568 777.814 759.414 1132.67
internal_count=29925 29820 22969 9500 13469 1782 188 6851 734 334 215 9459 8578 11687
is_linear=0
shrinkage=0.03


Tree=133
num_leaves=15
num_cat=0
split_feature=1 14 5 0 25 1 6 0 24 1 22 0 26 1
split_gain=8.11986 8.33835 7.70566 7.11707 6.48763 8.03824 6.28201 5.84345 6.66989 5.59539 5.24396 5.12601 5.52421 4.86372
threshold=0.53408299101214773 1.0000000180025095e-35 1.0000000180025095e-35 13.416780532643397 2.7829827051641964 0.22988421963253478 1.0000000180025095e-35 13.086252328302406 1.0000000180025095e-35 0.96850898065993285 1.0000000180025095e-35 10.912607385383046 8.2734515167492191 0.55448494897505718
decision_type=2 2 2 2 2 2 2 2 2 2 2 2 2 2
left_child=4 3 9 6 10 -6 13 8 -7 -3 -1 12 -12 -2
right_child=1 2 -4 -5 5 7 -8 -9 -10 -11 11 -13 -14 -15
leaf_value=-0.0036926001895327019 -0.010621764013917874 0.00029081079494858956 -0.0058397240636849767 0.018363423694292218 -0.010387799403138491 0.0020049757866815328 -0.0041437437817366442 0.0015300019839972641 -0.012353164786644893 0.015152330375809316 -0.011630081626170788 -0.018713746287471651 0.032486872561962171 0.0049596294891569711
leaf_weight=269.95664337463677 17.756551817059517 103.08608933165669 189.95551982522011 28.30197312310338 65.48319133464247 53.656914073973894 88.739954475313425 681.35085010249168 62.046571906656027 28.290746711194515 5.6891658417880517 40.468324908986688 3.1748016439378262 525.09342477843165
leaf_count=7285 137 684 2250 250 2657 358 505 10637 577 136 75 1055 59 3334
internal_value=-4.59303e-05 0.00197021 -0.00198874 0.0038981 -0.00172011 -0.000365768 0.0032219 0.000469591 -0.00573452 0.00358139 -0.00536619 -0.0142691 0.00586282 0.00443137
internal_weight=2163.05 981.224 321.332 659.892 1181.83 862.538 631.59 797.054 115.703 131.377 319.289 49.3323 8.86397 542.85
internal_count=29999 7296 3070 4226 22703 14229 3976 11572 935 820 8474 1189 134 3471
is_linear=0
shrinkage=0.03


Tree=134
num_leaves=15
num_cat=0
split_feature=1 26 24 26 3 1 25 1 3 25 25 1 27 23
split_gain=8.05592 6.00632 5.35177 8.38599 6.9874 5.65866 5.48299 5.14682 6.31583 6.18509 5.23611 4.88565 4.56281 6.23644
threshold=0.22643573626159277 2.7694741309801434 1.0000000180025095e-35 4.1000000000000059 1.0000000180025095e-35 0.68202974985649778 9.6914909451239595 0.31053239181147657 1.0000000180025095e-35 7.8504775891287979 6.453681120105025 0.27274282406068068 1.0000000180025095e-35 1.0000000180025095e-35
decision_type=2 2 2 2 2 2 2 2 2 2 2 2 2 2
left_child=-1 -2 12 4 5 -4 7 8 10 -9 11 -5 13 -3
right_child=1 2 3 6 -6 -7 -8 9 -10 -11 -12 -13 -14 -15
leaf_value=-0.0084643415283614191 -0.0056541915651703838 0.015819841335844343 0.0010496442206358696 -0.0033856157187015282 -0.0029325204073807416 0.019619963586903984 0.010586998780848187 -0.00032715884497342112 0.038835374963832187 -0.013082078925107921 0.010425500209204594 -0.017269625118391224 0.0021073568642474738 -0.0026614412081932201
leaf_weight=92.905086494982243 131.75467085465789 50.058065820485353 22.145551759749651 41.472539183683693 35.071053564548492 44.048183061182499 33.649676721543074 880.18464556708932 1.58463455736637 34.603092133998871 10.536215618252752 51.362193828448653 709.47153047658503 23.852675471454859
leaf_count=3757 688 251 118 1769 197 206 178 9919 45 183 142 1490 10907 145
internal_value=0.000129897 0.000519561 0.000941973 -0.000356749 0.0078459 0.0135152 -0.00115198 -0.00154934 -0.00780917 -0.000823389 -0.00888945 -0.0111693 0.00285423 0.0098996
internal_weight=2162.7 2069.79 1938.04 1154.66 101.265 66.1937 1053.39 1019.74 104.956 914.788 103.371 92.8347 783.382 73.9107
internal_count=29995 26238 25550 14247 521 324 13726 13548 3446 10102 3401 3259 11303 396
is_linear=0
shrinkage=0.03


Tree=135
num_leaves=15
num_cat=0
split_feature=2 1 25 25 1 0 10 25 1 0 1 13 1 2
split_gain=4.79085 6.17423 8.62469 4.54238 4.43038 7.9525 4.78851 3.15907 9.55894 7.234 7.62078 6.6696 10.9594 6.61232
threshold=3.4924114963359556 0.16480323501176272 3.3615472627943257 4.8046851852396566 0.91620106859913608 5.7978444109919947 1.0000000180025095e-35 7.4148480023863739 0.96850898065993285 8.0143620109834739 0.26163201682798748 1.0000000180025095e-35 0.35001533416352698 2.8448106793749091
decision_type=2 2 2 2 2 2 2 2 2 2 2 2 2 2
left_child=3 2 -2 4 5 -1 -7 9 11 -5 -11 -9 13 -13
right_child=1 -3 -4 7 -6 6 -8 8 -10 10 -12 12 -14 -15
leaf_value=-0.036617454652344152 0.053775569197978185 -0.013606306714824486 -0.014676498486649333 -0.0080088366030522575 0.0027121184119633223 -0.0010277522697795121 -0.022532775468836613 0.0028498067455816731 0.027440366188599574 -0.012593915617563029 0.0069470279592331449 -0.011215621329474745 -0.012754636983339148 0.022729689710492884
leaf_weight=4.7328223288059226 2.1771244127303353 39.205737475305796 2.7755828974768519 37.393858209252357 298.15309114009142 1200.6413398813456 8.3948278054594976 137.7151848077774 9.8370151966810209 18.200503501109779 300.08365989290178 7.1224319040775326 74.971916399896145 14.011613141745327
leaf_count=22 66 2112 149 190 1674 21045 86 793 49 562 2623 59 380 126
internal_value=0.000110953 -0.00955773 0.0193927 0.000317609 -0.000558696 -0.00136372 -0.00119557 0.00252548 -0.000107088 0.00432417 0.00579367 -0.00137795 -0.00740308 0.0112998
internal_weight=2155.42 44.1584 4.95271 2111.26 1511.92 1213.77 1209.04 599.336 243.658 355.678 318.284 233.821 96.106 21.134
internal_count=29936 2327 215 27609 22827 21153 21131 4782 1407 3375 3185 1358 565 185
is_linear=0
shrinkage=0.03


Tree=136
num_leaves=15
num_cat=0
split_feature=26 1 27 25 2 5 19 1 25 1 25 25 24 13
split_gain=5.16349 6.08197 8.02732 7.74846 6.74392 5.02011 6.60488 5.4892 9.54477 6.06073 4.83846 6.70556 4.82042 5.6565
threshold=21.023796041628639 0.16480323501176272 1.0000000180025095e-35 3.2419115480289622 3.4210690065638354 4.6043457732885331 1.0000000180025095e-35 0.82007305571703371 1.5811388300841902 0.5650719349139296 3.4219874145110776 1.7233663517858697 1.0000000180025095e-35 1.0000000180025095e-35
decision_type=2 2 2 2 2 2 2 2 2 2 2 2 2 2
left_child=5 3 -3 4 -2 6 -1 8 9 -8 11 -9 13 -4
right_child=1 2 12 -5 -6 -7 7 10 -10 -11 -12 -13 -14 -15
leaf_value=0.0018008709173564065 0.0021600057205379141 0.047606472053824969 -0.0010539110505536592 -0.016881460980046413 0.059023502590231952 -0.0029401630647443522 0.03478586603472026 -0.0077513986249920837 -0.0078349350463760604 -0.0012986945522116924 -0.0061095591243379727 0.014599900785866484 -0.014336085427715878 -0.014150395339813026
leaf_weight=1221.1553897336125 3.4641061555594188 1.5306684048846353 139.3100960990414 3.3762097880244255 3.3117211405187845 401.08773776330054 6.9773348923772565 16.279994703829288 187.23437712341547 8.6760936044156534 32.835754901170731 40.637345492839813 50.400687587447464 36.783063638024032
leaf_count=13303 71 43 5069 181 92 4730 98 81 1739 72 153 188 2534 1584
internal_value=-0.000479358 -0.00463536 -0.00567157 0.0170604 0.0339688 3.97227e-05 0.000830678 -0.00321017 -0.00593401 0.0159086 0.00294464 0.00818333 -0.00623931 -0.00385401
internal_weight=2153.06 238.177 228.025 10.152 6.77583 1914.88 1513.8 292.641 202.888 15.6534 89.7531 56.9173 226.494 176.093
internal_count=29938 9574 9230 344 163 20364 15634 2331 1909 170 422 269 9187 6653
is_linear=0
shrinkage=0.03


Tree=137
num_leaves=15
num_cat=0
split_feature=1 24 2 26 1 1 26 0 12 26 27 1 0 11
split_gain=5.68311 7.28341 5.62377 6.73288 6.04588 5.20551 7.99362 4.80205 5.7379 4.66461 6.16284 5.17033 4.57846 4.29459
threshold=0.22643573626159277 1.0000000180025095e-35 3.3705424667706052 26.130729036726983 0.24236923634351465 0.20637436572351328 18.462529616360232 30.623928549965495 1.0000000180025095e-35 3.9217343102255122 1.0000000180025095e-35 0.62550410985968008 29.578708558691336 1.0000000180025095e-35
decision_type=2 2 2 2 2 2 2 2 2 2 2 2 2 2
left_child=5 2 3 9 -4 6 -1 12 -9 10 11 -2 -8 -3
right_child=1 13 4 -5 -6 -7 7 8 -10 -11 -12 -13 -14 -15
leaf_value=-0.016237880512756729 -0.0045960965656081341 -0.0014855175623536992 0.0063014488975080924 0.030785290605757291 -0.01586924686194047 -0.016220417376660492 0.010022108915202967 -0.01500091306443788 0.016141248349412073 0.0035142985537121008 -0.0077411245052163517 0.019168179255950529 0.050585273268772595 0.019079121378593005
leaf_weight=20.490696579217911 15.239617586135866 1213.1896445313469 16.788129530847073 6.7133787944912902 29.177657661028206 35.700417163781822 13.604112288914619 12.61814730986953 7.7663762383162966 685.68813414312899 76.525084104388952 16.168572425842285 2.3155726576223961 8.2130685988813621
leaf_count=510 76 14535 805 155 1430 1650 499 869 140 8686 375 76 100 73
internal_value=-0.00017707 0.000149986 0.0022875 0.00287646 -0.00781006 -0.00741172 -0.00168985 0.00673647 -0.00293597 0.00260193 -0.00317332 0.00785145 0.0185632 -0.00133174
internal_weight=2160.2 2067.7 846.301 800.335 45.9658 92.4953 56.7949 36.3042 20.3845 793.621 107.933 31.4082 15.9197 1221.4
internal_count=29979 26211 11603 9368 2235 3768 2118 1608 1009 9213 527 152 599 14608
is_linear=0
shrinkage=0.03


Tree=138
num_leaves=15
num_cat=0
split_feature=24 1 22 26 1 25 25 24 19 26 14 1 25 17
split_gain=5.55218 6.16383 5.01466 5.4841 4.51911 6.0343 7.78009 7.05338 6.44182 5.62575 4.95738 5.84315 5.15108 6.17308
threshold=1.0000000180025095e-35 0.25449136457030813 1.0000000180025095e-35 21.023796041628639 1.3478912332215944 2.8635642126552709 3.4481879299133333 1.5000000000000002 1.0000000180025095e-35 2.7694741309801434 1.0000000180025095e-35 0.34785678938663228 3.2419115480289622 1.0000000180025095e-35
decision_type=2 2 2 2 2 2 2 2 2 2 2 2 2 2
left_child=1 -1 3 4 5 -2 8 9 10 -8 12 -12 -7 -14
right_child=2 -3 -4 -5 -6 6 7 -9 -10 -11 11 -13 13 -15
leaf_value=-0.0046187825577187359 -0.0048344719791321876 0.0027409948528042357 -0.0036086127572532035 -0.0094031134995713733 0.012010277631781469 0.00074597730840845252 -0.011578833098865936 -0.0077598785518455896 -0.0029640579699667523 0.0031241775952015613 -0.0032345094979346293 0.035023327964864577 0.044318848830870429 0.0048671968542360724
leaf_weight=116.6216529076919 151.55103371664882 794.74078312888741 499.51635240018368 48.373868758790195 30.692617103457451 25.959288246929646 24.186339769512415 78.411387925967574 23.548727348446846 337.44263918325305 4.3464470990002182 16.100413706153631 5.7018706928938601 8.2427764553576708
leaf_count=4730 1797 9466 5972 2471 145 368 139 871 189 3427 123 160 95 106
internal_value=1.43208e-05 0.00179518 -0.00128027 0.000263835 0.000938385 0.000418295 0.00194399 0.00033898 0.0102589 0.0021116 0.0153826 0.0271191 0.00885286 0.0228848
internal_weight=2165.44 911.362 1254.07 754.557 706.184 675.491 523.94 440.04 83.8995 361.629 60.3508 20.4469 39.9039 13.9446
internal_count=30059 14196 15863 9891 7420 7275 5478 4437 1041 3566 852 283 569 201
is_linear=0
shrinkage=0.03


Tree=139
num_leaves=15
num_cat=0
split_feature=26 15 10 25 14 0 0 25 26 26 0 0 25 5
split_gain=8.32115 5.11225 5.06698 4.42862 5.5218 5.13082 3.93626 7.30802 4.15661 8.94358 6.12294 8.48769 5.64234 4.42853
threshold=2.7694741309801434 1.0000000180025095e-35 1.0000000180025095e-35 0.68541019662497005 1.0000000180025095e-35 9.0683514543690578 18.12194801838281 9.3246982477882838 6.7018653185239723 6.108600370998527 14.695917548474588 15.433729242174071 3.2225757684701719 9.201358559235528
decision_type=2 2 2 2 2 2 2 2 2 2 2 2 2 2
left_child=-1 2 3 4 5 -2 7 8 9 -3 12 -12 13 -10
right_child=1 6 -4 -5 -6 -7 -8 -9 10 -11 11 -13 -14 -15
leaf_value=-0.0077883184811431989 0.035079354689672534 0.0030298859877985131 -0.019090409798584552 -0.00046956994046798515 -0.0076085583796352838 0.0010351630410060896 -0.010235716098932436 0.020562861862055356 -0.01272146314495143 -0.023377190995104772 -0.030323641513225391 0.00739722327823853 0.024551705757750425 0.014734475294198794
leaf_weight=128.09057768061757 9.4122489318251628 75.844700388610363 12.001939840614794 1788.4675284652039 7.9021368296816936 6.5548018347471944 13.934992315247653 25.04879080504179 8.3062320128083247 12.584946040064095 6.3840514700859812 18.751087913289666 24.947410259395838 11.306410208344458
leaf_count=696 50 386 103 27493 97 115 160 119 50 73 52 173 191 121
internal_value=-0.00040378 6.77671e-05 -0.000429043 -0.000295002 0.012278 0.0219882 0.00464495 0.00582643 0.00337746 -0.000947641 0.00880095 -0.00297715 0.0153642 0.00305345
internal_weight=2149.54 2021.45 1824.34 1812.34 23.8692 15.9671 197.109 183.174 158.125 88.4296 69.6952 25.1351 44.5601 19.6126
internal_count=29879 29183 27858 27755 262 165 1325 1165 1046 459 587 225 362 171
is_linear=0
shrinkage=0.03


Tree=140
num_leaves=15
num_cat=0
split_feature=7 24 26 25 25 5 25 25 2 2 25 26 26 2
split_gain=7.28927 6.59354 6.07256 4.99509 5.31775 4.04547 5.40449 3.97759 3.75024 4.29929 3.84601 4.20306 9.57105 7.37564
threshold=1.0000000180025095e-35 2.5000000000000004 24.01520351686931 4.9381168164851905 0.8944271909999143 9.4762861923857056 6.453681120105025 1.3964194138592043 2.9049387300757483 2.9104259437709477 0.68541019662497005 9.3528070308843176 9.5131487952202267 2.4370799771916278
decision_type=2 2 2 2 2 2 2 2 2 2 2 2 2 2
left_child=1 5 3 4 -2 8 -7 -6 10 -10 -1 -12 -13 -14
right_child=2 -3 -4 -5 7 6 -8 -9 9 -11 11 12 13 -15
leaf_value=0.016375015432157154 0.02195406191175539 -0.0095393346538285365 -0.02378745800192834 0.0031758369313808084 -0.020148076385084687 -0.005245984035523856 0.02270655521946784 -0.0049342705549129274 -0.021127362293366064 -0.00017361982555000571 0.0012087943814608306 0.02823565972469181 0.031410977637812032 0.003127540019330027
leaf_weight=16.780101828277111 5.3164000287652007 53.138192528858781 12.435929284431039 82.539224845357239 15.783503267914055 127.64412430301309 5.5633173435926428 224.69982025027275 7.9588096905499688 542.16327832918614 800.69364966079593 14.801868442445992 7.6154661923646918 240.90565308555961
leaf_count=120 45 665 794 628 172 2444 41 2810 94 14503 4988 110 38 2611
internal_value=1.86625e-05 0.000774223 -0.00400102 -0.00318165 -0.00532071 0.00109011 -0.00391807 -0.00601209 0.00150131 -0.00051455 0.00252691 0.00229334 0.00557411 0.00411664
internal_weight=2158.04 1817.26 340.775 328.339 245.8 1764.13 133.207 240.483 1630.92 550.122 1080.8 1064.02 263.323 248.521
internal_count=30063 25614 4449 3655 3027 24949 2485 2982 22464 14597 7867 7747 2759 2649
is_linear=0
shrinkage=0.03


Tree=141
num_leaves=15
num_cat=0
split_feature=20 1 26 17 23 1 26 26 26 19 1 15 26 1
split_gain=8.04762 6.14606 6.70381 5.42188 5.30324 4.93318 5.7992 4.10936 3.92126 5.05927 5.60302 4.99489 6.28279 4.93253
threshold=1.0000000180025095e-35 0.69672816220633726 1.3601470508735434 1.0000000180025095e-35 2.5000000000000004 0.69672816220633726 3.9217343102255122 8.1055536516637794 5.906775709595065 1.0000000180025095e-35 0.28352956704940802 1.0000000180025095e-35 6.8912982504875453 0.54486391545154345
decision_type=2 2 2 2 2 2 2 2 2 2 2 2 2 2
left_child=1 8 -3 5 7 6 -2 -4 -1 10 -10 -12 -13 -11
right_child=3 2 4 -5 -6 -7 -8 -9 9 13 11 12 -14 -15
leaf_value=-0.0058924364528452613 -0.0075304505640832447 -0.016207227552684035 0.0024096364584140222 -0.0015349026927324436 -0.01788453998762778 0.029526220453077349 0.010794778896528846 0.010624298892787886 -0.0038393747556707907 -0.0098027529231031248 0.0008044465877782537 -0.011527833390458877 0.016803824368179371 -0.00010102787480632503
leaf_weight=144.1499602496624 17.64817700535059 16.038479141891003 536.70627814903855 52.958556469529867 9.8942584954202157 9.6680769622325879 99.557885514572263 60.221933916211128 240.71960918419063 98.067859711125493 743.81442754156888 8.043342784047125 34.310921365395188 90.06248901411891
leaf_count=894 91 83 3325 300 119 44 562 620 9944 1513 11266 46 259 990
internal_value=0.0004517 -0.000100994 0.00236452 0.00651009 0.00288123 0.0098539 0.00799511 0.00325477 -0.00123176 -0.000674429 0.000155873 0.00138251 0.0112817 -0.0051834
internal_weight=2161.86 1982.03 622.861 179.833 606.822 126.874 117.206 596.928 1359.17 1215.02 1026.89 786.169 42.3543 188.13
internal_count=30056 29059 4147 997 4064 697 653 3945 24912 24018 21515 11571 305 2503
is_linear=0
shrinkage=0.03


Tree=142
num_leaves=15
num_cat=0
split_feature=26 20 1 5 0 7 5 26 1 27 8 0 5 1
split_gain=6.01618 6.28097 6.46667 7.30102 5.37858 5.05091 5.32552 5.00877 4.65981 5.97902 4.34972 3.93819 3.66522 3.30114
threshold=2.9732137494636963 1.0000000180025095e-35 0.63826547482214491 3.9050946122689383 4.3583250267383624 1.0000000180025095e-35 9.9403219263764271 23.886083786893852 0.52915044160297164 1.0000000180025095e-35 1.0000000180025095e-35 9.4847245611034996 5.102450180006338 0.58911584008032414
decision_type=2 2 2 2 2 2 2 2 2 2 2 2 2 2
left_child=8 2 5 4 -4 6 -2 -7 -1 -10 11 -3 -11 -8
right_child=1 10 3 -5 -6 7 13 -9 9 12 -12 -13 -14 -15
leaf_value=-0.016128778835679092 0.00022798757526718878 0.022322915889332155 0.021095471669740577 -0.00086507153265049817 0.0046990983296128913 -0.0043129393719015937 -0.012438407890722768 -0.023607451298857777 0.007852692416603229 -0.0093519378711267032 0.024177001322423231 0.0034844427816018149 0.0067076117848969543 0.0018336257380311574
leaf_weight=29.162593111395836 978.471689555794 9.8433818966150266 18.260481663048267 288.92432675510645 306.62342151626945 176.15283041354269 49.200765298679471 12.096413861960171 32.997015699744225 79.198972441256046 10.450908511877058 137.14225699193776 14.470702141523359 20.230535075068474
leaf_count=206 18606 44 95 2755 1666 2774 1262 785 154 375 53 780 98 359
internal_value=0.000138684 0.000580516 8.94955e-05 0.00260416 0.00568258 -0.00116025 -0.000345295 -0.00567095 -0.00552041 -0.00297083 0.00631327 0.00488834 -0.00682631 -0.00831291
internal_weight=2163.23 2007.4 1849.96 613.808 324.884 1236.15 1047.9 188.249 155.829 126.667 157.437 146.986 93.6697 69.4313
internal_count=30012 29179 28302 4516 1761 23786 20227 3559 833 627 877 824 473 1621
is_linear=0
shrinkage=0.03


Tree=143
num_leaves=15
num_cat=0
split_feature=26 23 1 25 1 26 17 5 1 13 1 2 26 26
split_gain=6.38842 7.21045 5.20641 8.04646 6.30711 4.94623 4.82182 4.69561 7.54129 6.38434 11.056 6.01537 6.25074 5.74563
threshold=2.9732137494636963 1.0000000180025095e-35 0.57146502216203132 6.8007352543677246 0.94994728139951834 31.970689597521645 1.0000000180025095e-35 5.5090831092938473 0.4906160677768302 1.0000000180025095e-35 0.32533133450468688 3.1242088195945343 23.409506615659268 20.179816639808838
decision_type=2 2 2 2 2 2 2 2 2 2 2 2 2 2
left_child=2 7 -1 4 -4 6 -3 9 -9 10 -2 -11 13 -13
right_child=1 5 3 -5 -6 -7 -8 8 -10 11 -12 12 -14 -15
leaf_value=-0.015957616758975564 -0.0015762643714475227 -0.004820646890296325 -0.019790926779104542 0.013917293938723504 -0.0021717199489447855 -0.017569248327803523 0.00025521906481699742 -0.019965476660497156 -0.00046810449595138261 -0.00060372855509246688 0.0078814643070905192 0.0073319342769063035 -0.01261941169842179 0.038854480994524355
leaf_weight=35.078796721994877 160.86366933677346 264.78183916769922 23.197274498641491 20.181588388979435 76.108461439609528 16.912499230355024 459.6181657044217 18.473020322620869 215.40676399879158 472.05534559674561 357.50395069643855 12.943074056878691 5.6946599176153532 8.433822534978388
leaf_count=244 4731 5455 123 104 362 775 9004 410 2085 3366 2514 250 318 252
internal_value=-0.000105515 0.000351415 -0.00596072 -0.00291777 -0.00644374 -0.0019916 -0.00160419 0.0017399 -0.00208655 0.00262063 0.00494909 0.000197342 0.0136898 0.0209491
internal_weight=2147.25 1992.69 154.566 119.487 99.3057 741.313 724.4 1251.37 233.88 1017.49 518.368 499.127 27.0716 21.3769
internal_count=29993 29160 833 589 485 15234 14459 13926 2495 11431 7245 4186 820 502
is_linear=0
shrinkage=0.03


Tree=144
num_leaves=15
num_cat=0
split_feature=1 7 26 26 23 25 5 9 1 5 1 26 20 25
split_gain=4.4052 3.77318 5.87086 4.27161 6.64881 3.82364 3.70648 3.30104 3.10355 3.08885 6.4472 9.33058 6.12668 4.82127
threshold=1.4700506022900977 1.0000000180025095e-35 24.01520351686931 22.579858280134669 1.5000000000000002 1.3964194138592043 1.0000000180025095e-35 1.0000000180025095e-35 0.28465862855455154 5.8523499553598173 0.60066258850439969 10.376897416858283 1.0000000180025095e-35 6.453681120105025
decision_type=2 2 2 2 2 2 2 2 2 2 2 2 2 2
left_child=1 7 3 5 8 -3 -2 9 -5 10 -1 12 -12 -11
right_child=6 2 -4 4 -6 -7 -8 -9 -10 13 11 -13 -14 -15
leaf_value=-0.00043427921249744274 0.015805710372991232 -0.015749576860854785 -0.023447392538538857 0.065783649674219027 -0.018936037503504879 -0.0022859716793525793 -0.0014737119484034631 -0.011862498237571985 0.0060150091149998473 -0.0029909952660050225 0.0023445400156181153 0.031711777858679298 0.019175443117063141 0.017522538546777978
leaf_weight=1060.0006368355826 26.461251363158226 19.364093516021967 11.821717622689901 1.4954965915530913 1.5918969959020612 291.75900211185217 18.568820551037788 19.989803340286016 1.4611009173095224 346.43133040703833 322.55652009695768 9.8056662082672101 19.75610713660717 9.6412923373281938
leaf_count=18887 135 200 786 73 62 3209 84 186 52 4494 1711 74 85 65
internal_value=-0.000378733 -0.000578225 -0.00353345 -0.002716 0.0234093 -0.00317171 0.00880307 -3.53231e-05 0.0452324 0.000105015 0.000734896 0.00424579 0.00336894 -0.00238804
internal_weight=2160.7 2115.67 327.493 315.672 4.54849 311.123 45.0301 1788.18 2.9566 1768.19 1412.12 352.118 342.313 356.073
internal_count=30103 29884 4382 3596 187 3409 219 25502 125 25316 20757 1870 1796 4559
is_linear=0
shrinkage=0.03


Tree=145
num_leaves=15
num_cat=0
split_feature=24 2 25 25 20 26 13 2 26 2 25 1 5 0
split_gain=5.46356 7.17468 10.0913 8.29816 7.1984 5.03275 4.71552 4.8505 9.17062 5.55225 4.35254 5.66718 4.50564 4.10923
threshold=1.5000000000000002 2.2756380638315981 2.9538109762927598 3.4219874145110776 1.0000000180025095e-35 2.7694741309801434 1.0000000180025095e-35 3.007008664194879 13.762630519348422 2.8927027567371737 2.2203603311174516 0.87428639859696067 4.1946343128971906 4.3583250267383624
decision_type=2 2 2 2 2 2 2 2 2 2 2 2 2 2
left_child=5 2 10 -4 6 -1 7 8 -3 -10 11 -2 -13 -7
right_child=1 4 3 -5 -6 13 -8 -9 9 -11 -12 12 -14 -15
leaf_value=-0.005461613086013041 0.016949547901901254 -0.0062143748729037648 0.038182459606617092 0.0055938172889564864 0.016932039581360012 0.014539794043350275 -0.017597308896059444 -0.018951568327870417 0.05332730348290797 0.0072404880692889164 -0.014415204462280959 0.010910394549122899 -0.007516302081971067 0.00098615739440190944
leaf_weight=109.36940604075789 14.256609890609978 105.81335126981139 9.5965981557965296 22.206134084612131 9.5639584902673942 19.380783393979073 40.191890652291477 20.765775067731738 2.5374413710087529 8.2284703087061626 21.715224277228117 14.556939966976641 51.004911042749882 1699.2594106011093
leaf_count=592 157 1612 65 128 55 99 465 658 52 160 147 80 462 25228
internal_value=0.000115314 -0.00349181 0.00181939 0.0162918 -0.00726637 0.000749182 -0.00865748 -0.00593309 -0.0034727 0.0217119 -0.00282838 0.000463265 -0.00332251 0.00114737
internal_weight=2148.45 320.437 133.336 31.8027 187.101 1828.01 177.537 137.345 116.579 10.7659 101.534 79.8185 65.5619 1718.64
internal_count=29960 4041 1039 193 3002 25919 2947 2482 1824 212 846 699 542 25327
is_linear=0
shrinkage=0.03


Tree=146
num_leaves=15
num_cat=0
split_feature=9 7 26 24 1 10 3 5 5 15 26 27 26 0
split_gain=7.20441 4.57887 4.601 4.05996 4.38411 5.13331 4.62906 5.67389 7.09596 4.87541 3.84663 3.74601 7.37368 5.49548
threshold=1.0000000180025095e-35 1.0000000180025095e-35 24.01520351686931 2.5000000000000004 0.88816166061716018 1.0000000180025095e-35 1.0000000180025095e-35 5.102450180006338 5.4138709946810541 1.0000000180025095e-35 5.1039200620699372 1.0000000180025095e-35 4.4147480109288226 9.2741573929590917
decision_type=2 2 2 2 2 2 2 2 2 2 2 2 2 2
left_child=1 3 -3 4 5 11 10 9 -9 -8 -6 13 -13 -1
right_child=-2 2 -4 -5 6 -7 7 8 -10 -11 -12 12 -14 -15
leaf_value=-0.0039991040343409371 -0.017556053386234522 -0.001874013087954978 -0.020629185968029026 -0.0070654771451433302 0.0059572357360936391 -0.021810748213940988 -0.014462956180683223 0.027966861900275766 0.0025269339417822428 0.0082594572890232476 0.018047105456259843 -0.0077495092728966574 0.0011463369362106654 0.011567987456590653
leaf_weight=29.061068382114172 18.775475371629 328.32960009016097 11.228340583853422 50.443625307641923 87.9696214646101 7.9663127213716498 28.898496717214584 9.8437062278389913 113.12080163881183 11.117299020290373 32.38603749871254 88.824498277157545 1262.6978803509846 64.401310976594687
leaf_count=151 182 3672 779 641 400 84 135 48 820 49 162 503 21788 504
internal_value=0.000468329 0.000635665 -0.00255295 0.00124273 0.00148804 0.000820736 0.00489504 0.0015813 0.00477266 -0.00810269 0.00933236 0.000960503 0.000556388 0.00673648
internal_weight=2145.06 2126.29 339.558 1786.73 1736.29 1452.95 283.336 162.98 122.965 40.0158 120.356 1444.98 1351.52 93.4624
internal_count=29918 29736 4451 25285 24644 23030 1614 1052 868 184 562 22946 22291 655
is_linear=0
shrinkage=0.03


Tree=147
num_leaves=15
num_cat=0
split_feature=27 0 1 26 1 1 23 11 25 5 0 24 15 1
split_gain=5.02419 7.29459 5.54525 5.09877 5.18925 4.89138 8.01196 4.62557 4.60643 4.60032 4.41389 3.74926 5.91023 3.39837
threshold=1.0000000180025095e-35 20.460938393443357 0.23410838294271727 2.9732137494636963 1.0088433281222617 0.69672816220633726 2.5000000000000004 1.0000000180025095e-35 4.6097722286464462 8.9050547443572814 16.290794842755968 1.0000000180025095e-35 1.0000000180025095e-35 0.49526838987823102
decision_type=2 2 2 2 2 2 2 2 2 2 2 2 2 2
left_child=1 10 -3 4 -2 7 8 9 -7 -5 11 -1 13 -13
right_child=3 2 -4 5 -6 6 -8 -9 -10 -11 -12 12 -14 -15
leaf_value=0.0093537158110880477 -0.012689194496781644 0.001122164808812765 0.048892165755457032 -0.00021775583070574264 0.00034511280707540402 0.0028731062639939476 -0.024139978138296669 0.026893222898447158 0.017023661032087609 -0.0068180711091234171 -0.014838483154792106 -0.018276959370316443 0.020638312117364301 8.1725379177351905e-05
leaf_weight=83.005303839221597 55.656585231423378 3.585397348739205 4.8066463321447372 1285.0115151442587 53.298677511513233 420.91475833579898 8.6011518351733667 4.4873440414667121 20.843269005417824 101.63622110523283 10.022386476397513 9.3628206737339479 10.620233260095118 72.931327000260353
leaf_count=445 344 102 51 22706 249 3089 113 59 97 2144 84 92 66 354
internal_value=0.000367031 0.00495415 0.0307755 -9.23138e-05 -0.00636793 0.000282249 0.00299603 -0.000597819 0.00357771 -0.0007061 0.00363037 0.00476049 0.00060122 -0.00220134
internal_weight=2144.78 194.334 8.39204 1950.45 108.955 1841.49 450.359 1391.14 441.758 1386.65 185.942 175.92 92.9144 82.2941
internal_count=29995 1194 153 28801 593 28208 3299 24909 3186 24850 1041 957 512 446
is_linear=0
shrinkage=0.03


Tree=148
num_leaves=15
num_cat=0
split_feature=27 1 26 20 24 1 25 1 25 2 2 24 1 2
split_gain=5.7453 4.41227 4.33276 3.88134 4.41669 5.20731 8.43209 4.89499 10.0445 5.38808 4.35024 4.18653 7.79383 5.97423
threshold=1.0000000180025095e-35 1.6982709730838172 2.9732137494636963 1.0000000180025095e-35 1.0000000180025095e-35 0.37827389022488062 1.0535226160822597 0.61299078603327717 2.9832867780352639 2.5512129632371883 2.640292008958391 1.5000000000000002 0.51434738604294927 2.7547859630168676
decision_type=2 2 2 2 2 2 2 2 2 2 2 2 2 2
left_child=-1 2 -2 4 5 -4 -7 10 9 -9 -6 12 -12 -13
right_child=1 -3 3 -5 7 6 -8 8 -10 -11 11 13 -14 -15
leaf_value=0.0051902101320830821 -0.006512359108183154 0.016279801419696729 -0.0012017402323347484 0.0044932368480754331 -0.0087345894032342785 0.024215560463542438 0.0028725552802768379 -0.0026790661055959277 0.0088754657609523453 0.016425304664646964 -0.0022152503021419228 -0.023043412582108212 0.01334534194346558 -0.0038478992437360054
leaf_weight=188.50923238415271 98.150817550718784 13.373287856578825 355.88098722323775 152.49154333025217 117.84173983335495 16.594357304275036 325.33470033667982 321.58094768971205 100.46222913637757 12.867959901690481 324.44590261951089 18.134470200166106 30.803657505661249 63.904930935241282
leaf_count=1156 551 58 10318 843 1479 115 2553 3010 645 175 6952 265 406 1357
internal_value=0.000203152 -0.000280904 -0.000403488 -7.43244e-05 -0.000489404 0.00133741 0.00397596 -0.00177704 0.000605844 -0.00189725 -0.00364162 -0.00225236 -0.000832319 -0.00831739
internal_weight=2140.38 1951.87 1938.49 1840.34 1687.85 697.81 341.929 990.042 434.911 334.449 555.131 437.289 355.25 82.0394
internal_count=29883 28727 28669 28118 27275 12986 2668 14289 3830 3185 10459 8980 7358 1622
is_linear=0
shrinkage=0.03


Tree=149
num_leaves=15
num_cat=0
split_feature=7 26 25 0 26 26 25 26 23 26 12 2 26 26
split_gain=6.12939 6.41263 5.11298 4.43558 3.54326 5.23289 3.2091 5.335 3.21624 5.20355 3.25599 4.83928 4.07523 7.3592
threshold=1.0000000180025095e-35 16.404115279974544 1.3964194138592043 4.8337342596362287 2.7694741309801434 3.5651062112339598 0.68541019662497005 4.9704118215061177 1.0000000180025095e-35 1.3601470508735434 1.0000000180025095e-35 3.0633508326069694 25.36631624812717 23.886083786893852
decision_type=2 2 2 2 2 2 2 2 2 2 2 2 2 2
left_child=6 2 -2 -4 -5 -6 7 -1 9 -8 12 -12 13 -10
right_child=1 -3 3 4 5 -7 8 -9 10 -11 11 -13 -14 -15
leaf_value=0.036345474431395242 -0.016374352782326941 -0.013232606672402916 0.017397361436809013 -0.012838024892712067 0.016354863757902242 -0.0013692701565419145 -0.015398858160921482 0.003752758034539852 -0.0014203056440508404 0.0022240640630005232 0.038628078089683042 0.0034702577814414832 -0.011227604167439913 0.01863703758514032
leaf_weight=5.0928823053836849 18.391125718131661 48.024433214217424 11.015927284955977 20.750588782131672 15.060816418379543 224.26679494790733 14.294709362089632 18.61741685308516 506.82056376151741 1139.1431588632986 2.7396994382143012 67.636754915118217 34.86385836545378 16.01688267942518
leaf_count=23 147 1936 54 115 77 2134 77 225 8487 12297 23 1286 2339 688
internal_value=0.000507971 -0.00319697 -0.00149228 -0.000426205 -0.00124489 -0.000190484 0.00120204 0.0119411 0.0010525 0.00199251 -0.00067422 0.00536094 -0.00144403 -0.000771453
internal_weight=2142.74 337.51 289.485 271.094 260.078 239.328 1805.23 23.7103 1781.52 1153.44 628.078 70.3765 557.701 522.837
internal_count=29908 4463 2527 2380 2326 2211 25445 248 25197 12374 12823 1309 11514 9175
is_linear=0
shrinkage=0.03


Tree=150
num_leaves=15
num_cat=0
split_feature=20 1 25 14 2 13 1 2 24 1 2 25 25 1
split_gain=5.42527 8.89776 7.25221 8.80298 6.46771 4.64359 4.62416 7.28103 4.25773 5.52857 5.72384 5.61052 4.54619 4.29908
threshold=1.0000000180025095e-35 0.52915044160297164 4.0657072941294565 1.0000000180025095e-35 2.8448106793749091 1.0000000180025095e-35 1.0088433281222617 1.9166055615321704 1.0000000180025095e-35 0.31539148167540954 3.1472972383182443 3.4014702703389892 5.7801384066473709 0.32832798628981436
decision_type=2 2 2 2 2 2 2 2 2 2 2 2 2 2
left_child=6 2 -2 4 5 -4 7 -1 -9 -10 -11 -12 13 -13
right_child=1 -3 3 -5 -6 -7 -8 8 9 10 11 12 -14 -15
leaf_value=-0.033474895633770319 0.026284040855025267 0.01519853162619892 -0.0041198329426500443 0.013626203796773134 0.0040821286788801205 -0.02143965476713661 0.0033775936907920316 0.00079440796863229374 -0.0078810851180443481 -0.0017064799508400771 -0.0039180634782071677 0.0081779938256988215 -0.0036797134612808176 0.052458832500658373
leaf_weight=5.1973051428794852 8.2162948399782163 52.724385738372803 31.603059068322182 26.459109328687191 36.546746898442507 24.79722636193037 245.61045711115003 753.44961911346763 132.50470624305308 815.67769907042384 8.9201477859169263 3.5605030953884107 3.1137456707656375 5.0665942877531052
leaf_count=24 92 238 163 152 227 123 1304 13404 4752 9113 247 79 37 96
internal_value=-9.57458e-06 0.00495627 0.000639645 -0.00132858 -0.00568546 -0.0119756 -0.000465747 -0.00101382 -0.000896498 -0.00221094 -0.00130426 0.0139207 0.0267176 0.0369314
internal_weight=2153.45 180.347 127.622 119.406 92.947 56.4003 1973.1 1727.49 1722.29 968.843 836.339 20.661 11.7408 8.6271
internal_count=30051 995 757 665 513 286 29056 27752 27728 14324 9572 459 212 175
is_linear=0
shrinkage=0.03


Tree=151
num_leaves=15
num_cat=0
split_feature=23 1 25 0 0 26 0 26 1 25 5 25 26 24
split_gain=4.86102 6.25696 5.63629 5.22301 9.74897 5.95143 5.1466 6.66973 8.01586 6.76288 6.74372 9.56395 9.43965 6.3204
threshold=1.5000000000000002 0.42787584549233926 1.30384048104053 29.868043106155188 25.74198904513791 18.462529616360232 12.986723988864254 10.935721197917024 0.61952128578633037 1.7944271909999145 11.181457809706655 2.3054260813836538 10.198039027185567 1.5000000000000002
decision_type=2 2 2 2 2 2 2 2 2 2 2 2 2 2
left_child=1 2 3 4 5 -1 7 8 -3 -9 -10 12 -12 -8
right_child=-2 6 -4 -5 -6 -7 13 9 10 -11 11 -13 -14 -15
leaf_value=0.030132118194464614 -0.0042526563095892844 -0.0056875240497657169 -0.0023430854650425656 -0.016283230665671833 0.058267231635521541 -0.013585795105822331 0.0071447228124469943 0.0010777000897838622 0.0011065563700137504 0.036336848745715029 -0.026364507008148044 0.04826584566175169 0.031036700089931406 -0.0065729056518599501
leaf_weight=3.8093376774340886 243.93789489287883 170.12954236008227 717.29171003587544 3.12495024036616 3.7135878875851622 5.7845539022237062 224.72551462054253 10.43577370233834 715.18107165768743 8.3290381412953121 4.5985295176506025 5.6537823900580397 3.7798043265938759 34.103515207767487
leaf_count=66 5113 1416 15557 147 147 150 2009 150 4617 67 79 75 64 443
internal_value=-0.000273714 0.000236244 -0.0019365 0.0149275 0.0228824 0.00497853 0.00159127 0.000535738 0.000156705 0.0177746 0.00152612 0.021414 7.96392e-05 0.00531894
internal_weight=2154.6 1910.66 733.724 16.4324 13.3075 9.59389 1176.94 918.108 899.343 18.7648 729.213 14.0321 8.37833 258.829
internal_count=30100 24987 16067 510 363 216 8920 6468 6251 217 4835 218 143 2452
is_linear=0
shrinkage=0.03


Tree=152
num_leaves=15
num_cat=0
split_feature=6 1 14 26 24 0 16 1 2 24 0 2 0 2
split_gain=4.02469 4.57498 5.62416 5.34171 5.40792 4.49308 4.14677 9.29987 9.12906 4.62141 3.85459 10.2606 4.547 5.3558
threshold=1.0000000180025095e-35 0.55448494897505718 1.0000000180025095e-35 2.7694741309801434 1.5000000000000002 13.307704427938155 1.0000000180025095e-35 0.30078868181034951 3.1028783956561989 1.0000000180025095e-35 18.968658344086176 2.8008219276799613 16.712420449844675 2.9736262901245332
decision_type=2 2 2 2 2 2 2 2 2 2 2 2 2 2
left_child=1 3 5 -1 6 -3 -5 8 -8 -9 11 -6 -13 -14
right_child=-2 2 -4 4 10 -7 7 9 -10 -11 -12 12 13 -15
leaf_value=-0.014062785630697064 -0.0039920593306010475 0.0036564733553817136 -0.0011429257273723587 -0.00030647824301789894 -0.013660692484023044 0.021478376169351183 0.043887362835999359 0.010112369264808335 0.0028661990212984572 -0.0047688362534257485 -0.017165140928649202 0.020699600762081365 -0.0077975379565608776 0.029201708724854593
leaf_weight=25.164209421724081 190.67760775145143 517.00027102977037 280.93028187006712 916.63965907134116 40.584690488874912 12.107903346419333 9.4291093852370995 31.155540429055691 9.4619643911719304 44.212579231709242 24.154974201694131 14.199293049052356 17.583108616992835 3.3449874687939873
leaf_count=182 2038 3278 2736 18663 588 103 153 237 326 358 744 196 266 55
internal_value=0.00015577 0.000564041 0.00228518 -0.000664241 -0.000348323 0.00410405 0.000312297 0.00626973 0.0245181 0.00143459 -0.00697221 -0.00353892 0.00820978 -0.000821842
internal_weight=2136.65 1945.97 810.038 1135.93 1110.77 529.108 1010.9 94.2592 18.8911 75.3681 99.8671 75.7121 35.1274 20.9281
internal_count=29923 27885 6117 21768 21586 3381 19737 1074 479 595 1849 1105 517 321
is_linear=0
shrinkage=0.03


Tree=153
num_leaves=15
num_cat=0
split_feature=1 23 25 1 0 6 3 7 1 26 25 2 25 19
split_gain=6.95144 6.36013 4.85951 3.82178 8.6217 3.77029 4.13489 5.95934 5.55273 5.17915 5.90344 9.0256 5.59302 9.08245
threshold=0.25248786934821604 1.5000000000000002 1.3964194138592043 0.26382876381501147 29.711445598403337 1.0000000180025095e-35 1.0000000180025095e-35 1.0000000180025095e-35 0.50922096752357582 19.544180699078847 1.4265245733414125 3.286971625234671 7.2242646353093294 1.0000000180025095e-35
decision_type=2 2 2 2 2 2 2 2 2 2 2 2 2 2
left_child=-1 5 -3 4 -4 6 7 9 -8 12 11 -11 13 -2
right_child=1 2 3 -5 -6 -7 8 -9 -10 10 -12 -13 -14 -15
leaf_value=-0.006257063297062008 0.007066888444985691 -0.01328318120445313 0.042643149665527347 -0.0032036226419792763 -0.021516482520771905 -0.0034534091688561306 -0.013698540877822725 -0.0017198883381373212 -0.00038390688556225281 -0.0087720437434017969 -0.0057881582951686359 0.050349256160034828 -0.00042160689336211713 -0.0018578939745368054
leaf_weight=159.63502467982471 525.84437695145607 45.158746271394193 3.8836735710501662 161.54411122016609 2.2839256254956126 167.55414468981326 29.595599249005318 280.10993759147823 359.35771034471691 4.3610627539455882 85.256102375686169 3.4350247541442513 198.08609564602375 127.00033373013139
leaf_count=6720 5673 827 126 2932 101 1434 712 2793 3537 115 2996 130 1034 949
internal_value=-0.000253461 0.000230197 -0.00465828 -0.00227093 0.019197 0.0008169 0.00126234 0.00211815 -0.00142955 0.00325764 -0.00343417 0.0200399 0.00399258 0.00533053
internal_weight=2153.11 1993.47 212.87 167.712 6.1676 1780.6 1613.05 1224.09 388.953 943.983 93.0522 7.79609 850.931 652.845
internal_count=30079 23359 3986 3159 227 19373 17939 13690 4249 10897 3241 245 7656 6622
is_linear=0
shrinkage=0.03


Tree=154
num_leaves=15
num_cat=0
split_feature=23 12 0 22 10 1 0 20 0 2 5 17 5 5
split_gain=6.90401 7.59388 5.66354 5.21996 6.10855 5.26834 7.11389 5.86088 4.44774 7.29705 4.42257 4.5751 6.0659 3.85563
threshold=1.5000000000000002 1.0000000180025095e-35 20.669300907384365 1.0000000180025095e-35 1.0000000180025095e-35 0.61952128578633037 7.3671567760983097 1.0000000180025095e-35 22.337748319548115 3.1791079461547196 13.244055268850559 1.0000000180025095e-35 5.2105573520168074 12.246836038652138
decision_type=2 2 2 2 2 2 2 2 2 2 2 2 2 2
left_child=3 -2 -3 4 5 6 -1 -7 -4 -10 11 -5 -13 -14
right_child=1 2 8 10 -6 7 -8 -9 9 -11 -12 12 13 -15
leaf_value=-0.035535232502380838 -0.0077703528423241882 0.03812394120367444 -0.026244135439472065 0.0023747790197421129 -0.019447043549995949 0.004455198657151581 0.0011073979361575631 0.024191225037205066 0.043516916608964382 0.0012464460469396174 -0.016109008308038419 -0.007378484063704639 -0.00062669030199129781 0.018190761869848207
leaf_weight=3.7938702926039687 176.67158337496221 3.1860403418540946 3.6612686216831198 224.10649144276977 10.971530331298707 323.29062283784151 920.73224500566721 13.210547953844069 2.9625532031059256 51.721816457808018 17.015070153400302 162.99421030469239 210.00552920810878 9.2772741932421905
leaf_count=23 3925 28 41 2422 77 1651 15953 59 37 1033 559 1609 2272 213
internal_value=0.00018271 -0.00462017 0.00440433 0.000788428 0.00189011 0.00209102 0.0009188 0.00529939 0.00195165 0.00427684 -0.00145891 -0.00102198 -0.0030143 0.000248391
internal_weight=2133.6 238.203 61.5317 1895.4 1272 1261.03 924.526 336.501 58.3456 54.6844 623.399 606.384 382.277 219.283
internal_count=29902 5064 1139 24838 17763 17686 15976 1710 1111 1070 7075 6516 4094 2485
is_linear=0
shrinkage=0.03


Tree=155
num_leaves=15
num_cat=0
split_feature=1 25 1 2 23 13 24 25 1 1 2 1 25 25
split_gain=5.51605 6.26275 6.11923 5.45008 3.88014 3.69351 5.98396 8.27022 10.1945 7.09637 5.30687 4.95331 5.54496 9.54126
threshold=0.22643573626159277 3.8865138177724345 0.16480323501176272 3.2096137961451823 3.5000000000000004 1.0000000180025095e-35 1.0000000180025095e-35 4.272001872658767 0.50488048621865034 0.26867710082538032 2.6627898193949542 0.60066258850439969 6.2609903369994084 5.1332247374270494
decision_type=2 2 2 2 2 2 2 2 2 2 2 2 2 2
left_child=1 2 3 -1 -4 6 -2 9 -9 -8 11 -10 13 -13
right_child=5 -3 4 -5 -6 -7 7 8 10 -11 -12 12 -14 -15
leaf_value=-0.0098953674270818807 0.0042774384140719379 -0.017046102401360001 -0.0074326534305997043 0.034390316892689128 0.031950124756115507 -0.0012129125324486128 -0.019382126105937553 0.0003602547316010701 -0.0042416604025003659 -0.0016331731917633842 0.030884129045585493 0.022691767889232162 0.028002919725929075 -0.010083135740918892
leaf_weight=3.2498330976814014 416.53355542849749 34.670281185768545 43.906235557049513 6.2790667461231351 1.3919939175248135 842.09122066572309 20.149212346412241 183.93683636467904 16.684742551296949 499.22788465116173 12.175478011369703 15.038596183061602 16.543906003236771 15.089095711708067
leaf_count=90 6680 1279 2218 173 40 8752 1019 2070 93 7132 65 83 86 84
internal_value=-1.36693e-05 -0.00726111 -0.000879003 0.0197813 -0.00555848 0.000308086 0.00137968 -0.000173566 0.0041906 -0.00235767 0.0133918 0.00960253 0.0145369 0.00648026
internal_weight=2126.97 89.4974 54.8271 9.5289 45.2982 2037.47 1195.38 778.846 259.469 519.377 75.5318 63.3563 46.6716 30.1277
internal_count=29864 3800 2521 263 2258 26064 17312 10632 2481 8151 411 346 253 167
is_linear=0
shrinkage=0.03


Tree=156
num_leaves=15
num_cat=0
split_feature=5 25 1 0 1 12 2 0 0 0 0 0 0 25
split_gain=4.44595 4.14371 3.70724 8.80789 5.1729 4.51398 5.46068 4.24314 4.15683 4.4921 5.97695 3.97978 3.73519 3.70958
threshold=13.244055268850559 0.68541019662497005 0.45720305183730386 13.086252328302406 0.54980700151396145 1.0000000180025095e-35 3.3705424667706052 13.924618392941722 15.533994957913412 14.591093173576821 14.243946078133709 37.866739890798478 10.503094714587769 1.3416407864998756
decision_type=2 2 2 2 2 2 2 2 2 2 2 2 2 2
left_child=1 -1 5 4 12 6 -3 -5 9 10 -9 -7 -4 -6
right_child=-2 2 3 7 13 11 -8 8 -10 -11 -12 -13 -14 -15
leaf_value=0.01170296940582081 -0.013426550155272257 -0.0012562953923384713 0.0025461836935650787 0.01383544147947605 -0.0043009148521600416 0.0040137170490365083 -0.010268860066641537 -0.004058106182512353 0.010987260328780345 -0.0068610341658430184 0.020138592420902556 0.034574335454250232 -0.011338609311698335 0.0014853274446840997
leaf_weight=26.823867900297046 20.764663195237517 819.80232612974942 24.570493426173925 58.434364983811975 113.7956285905093 71.34750896319747 64.373266439884901 18.786551654338837 46.718013759702444 41.760040856897831 16.480442371219397 3.0883978530764571 56.497399711981416 759.14148802310228
leaf_count=269 660 14552 210 466 1127 1326 4464 138 426 374 136 58 517 5228
internal_value=6.34988e-05 0.000201792 4.90051e-05 0.00120776 5.07845e-05 -0.00132423 -0.00192332 0.00723306 0.0040294 -0.000277372 0.00749264 0.00572322 -0.00715058 0.000726978
internal_weight=2142.38 2121.62 2094.8 1136.18 954.005 958.611 884.176 182.179 123.745 77.027 35.267 74.4359 81.0679 872.937
internal_count=29951 29291 29022 8622 7082 20400 19016 1540 1074 648 274 1384 727 6355
is_linear=0
shrinkage=0.03


Tree=157
num_leaves=15
num_cat=0
split_feature=23 25 25 26 26 20 0 2 26 1 1 2 0 13
split_gain=4.78671 6.90641 4.16154 4.19809 4.55005 3.64883 4.1328 7.66026 7.6527 6.72994 7.27537 6.1048 8.42954 4.98733
threshold=1.5000000000000002 0.68541019662497005 1.6446820984663646 9.4366307546708672 6.5000000000000018 1.0000000180025095e-35 14.695917548474588 2.8521936314250009 4.2432298609519377 0.43882559232147406 0.51434738604294927 2.9049387300757483 19.193488463258422 1.0000000180025095e-35
decision_type=2 2 2 2 2 2 2 2 2 2 2 2 2 2
left_child=1 -1 -2 4 -4 -3 8 -8 -7 13 -11 -9 -13 -10
right_child=2 5 3 -5 -6 6 7 11 9 10 -12 12 -14 -15
leaf_value=0.016819314518193233 -0.0099608784931028409 -0.0004453863881850699 0.0002112691670819225 0.0013449618168213991 -0.019076471787318614 -0.004029947243948266 -0.013583475914335712 0.020994659450959456 0.039923995585236877 -0.014021902131040702 0.013474408406694435 -0.013020317638551162 0.015594751127217395 0.0098960097686267151
leaf_weight=21.178690042346716 77.913287597708404 1709.5162756759673 21.869327619671822 119.83038970921189 21.119263343513012 31.316683702170849 27.418198242783546 15.310841791331766 11.625953733921051 10.474586784839628 35.405019864439964 21.177453059703112 14.917763311415909 9.6367451697587967
leaf_count=198 1612 23814 174 3025 263 156 141 90 64 51 158 133 134 53
internal_value=-0.00032787 0.000175924 -0.00430501 -0.00155424 -0.00948259 -1.97034e-05 0.00406457 -0.00105358 0.00813145 0.0137797 0.00703164 0.0057611 -0.00109243 0.0273704
internal_weight=2148.71 1907.98 240.732 162.819 42.9886 1886.8 177.283 78.8243 98.459 67.1423 45.8796 51.4061 36.0952 21.2627
internal_count=30066 24992 5074 3462 437 24794 980 498 482 326 209 357 267 117
is_linear=0
shrinkage=0.03


Tree=158
num_leaves=15
num_cat=0
split_feature=2 24 25 25 1 25 13 25 2 25 1 1 18 25
split_gain=4.34777 4.61964 5.22457 6.27762 6.04828 5.09123 4.89516 4.41211 7.71173 8.71523 4.89752 5.46709 6.39989 4.41538
threshold=3.378325633901397 1.0000000180025095e-35 9.3246982477882838 7.8504775891287979 0.52915044160297164 6.1599511781824381 1.0000000180025095e-35 5.056678751908211 3.0729067698345811 7.4148480023863739 0.34270216882937365 0.31663302441334562 1.0000000180025095e-35 1.9364847877387756
decision_type=2 2 2 2 2 2 2 2 2 2 2 2 2 2
left_child=1 6 3 5 -4 -3 -1 10 9 -9 11 12 -8 -12
right_child=-2 2 4 -5 -6 -7 7 8 -10 -11 13 -13 -14 -15
leaf_value=0.0047437620924950233 -0.0059204949185217171 -0.0011659350018492483 0.0021800060100353436 -0.012178958785910535 0.023329127109799508 0.005985352769769605 -0.016339071444319894 0.011861929337958595 0.031066618398854672 -0.0054591848738736216 0.0078917401145315244 -0.021181955105382129 0.0066173084422465871 -0.0019081122827079269
leaf_weight=401.15510124247521 94.219872490502894 1027.5354099841788 44.882376607507467 42.34570837020874 15.823967054486273 97.154485400766134 17.436943555250764 48.743448140099645 8.5006849560886604 54.219439398497343 51.820180594921112 21.112228667363524 25.928420282900333 190.02613554149866
leaf_count=5610 5132 13368 261 251 79 657 605 296 124 297 485 445 783 1551
internal_value=0.000346205 0.000637446 -0.000526644 -0.000975674 0.00798155 -0.000543415 0.00238114 0.000106663 0.00519061 0.00277599 -0.00175413 -0.00903254 -0.00277353 0.000215543
internal_weight=2140.9 2046.68 1227.74 1167.04 60.7063 1124.69 818.943 417.787 111.464 102.963 306.324 64.4776 43.3654 241.846
internal_count=29944 24812 14616 14276 340 14025 10196 4586 717 593 3869 1833 1388 2036
is_linear=0
shrinkage=0.03


Tree=159
num_leaves=15
num_cat=0
split_feature=23 27 25 25 26 18 26 26 26 1 25 1 2 26
split_gain=5.13611 3.94522 5.68523 5.02144 5.37196 5.89986 4.36845 6.96305 5.96213 4.28555 5.62695 4.63793 4.00878 5.33881
threshold=1.0000000180025095e-35 1.0000000180025095e-35 7.4148480023863739 4.1653324280673329 3.1764760348537178 1.0000000180025095e-35 3.5651062112339598 7.144928271158494 8.6000000000000032 0.22988421963253478 2.3054260813836538 0.16480323501176272 3.4210690065638354 23.886083786893852
decision_type=2 2 2 2 2 2 2 2 2 2 2 2 2 2
left_child=1 3 9 6 -5 -6 -1 -8 -9 10 11 -3 13 -11
right_child=-2 2 -4 4 5 -7 7 8 -10 12 -12 -13 -14 -15
leaf_value=0.014851918555975785 -0.0021967253566446709 0.047899170820715355 -0.0047616175046718929 -0.0007021467849114188 0.028090413548065071 0.0079231201521960393 -0.01857764724001135 -0.0095086990879913579 0.028694301853001893 0.0016024583909155653 -0.013012126864399091 -0.0021271583960163387 0.022839796787055444 -0.017385802458636804
leaf_weight=8.9760701358318311 758.23092480003834 1.6565592205151904 168.10256474930793 28.853941150009632 19.638105749152601 38.904025584459305 19.833710953593254 6.9847912080585939 5.9911723164841533 1031.49271023646 34.36116823926568 4.2676719706505537 6.8827749378979197 12.506015899591146
leaf_count=49 15315 44 988 147 134 236 102 38 74 9940 1603 248 449 580
internal_value=-0.000212607 0.000871719 0.00035744 0.00584367 0.0098979 0.0150464 -0.00266901 -0.00775989 0.00892116 0.00114971 -0.00833423 0.0167588 0.00152085 0.00135858
internal_weight=2146.68 1388.45 1259.27 129.182 87.3961 58.5421 41.7857 32.8097 12.976 1091.17 40.2854 5.92423 1050.88 1044
internal_count=29947 14632 13852 780 517 370 263 214 112 12864 1895 292 10969 10520
is_linear=0
shrinkage=0.03


Tree=160
num_leaves=15
num_cat=0
split_feature=26 27 26 25 25 1 14 18 1 1 7 5 5 19
split_gain=7.50302 5.31752 6.26596 5.88094 4.24841 6.25058 5.00507 5.24918 4.34087 4.21533 4.16938 3.54169 4.95286 3.41981
threshold=2.7694741309801434 1.0000000180025095e-35 13.762630519348422 8.9808128764889315 1.6446820984663646 0.45720305183730386 1.0000000180025095e-35 1.0000000180025095e-35 1.3478912332215944 0.57756917358588178 1.0000000180025095e-35 10.202450497658473 9.6760011539430995 1.0000000180025095e-35
decision_type=2 2 2 2 2 2 2 2 2 2 2 2 2 2
left_child=9 2 3 -2 6 -6 7 -3 13 -1 -9 12 -8 -7
right_child=1 4 -4 -5 5 8 11 10 -10 -11 -12 -13 -14 -15
leaf_value=-0.017258843936677593 0.00028542955436775512 -0.0068275435839871635 0.028601603204537893 0.01449755358809829 -0.0015624907094555353 0.0035825131923108186 -0.0084459795736944229 0.0048558054876517293 0.021208820042636536 -0.004375569859607722 -0.012507705312784395 -0.022971991509846627 0.020445552955285891 -0.00065425091578621508
leaf_weight=29.167754575610161 105.38525805994868 80.418620425276458 8.8841021088883263 33.894705474376678 817.20501845702529 448.00265857949853 84.015988014638424 111.50235517509282 9.7195022702217084 99.18121226131916 13.030806132592259 13.28244794718921 4.7584818527102462 276.96074246428907
leaf_count=213 603 1436 173 183 17874 3423 1080 1535 42 491 152 323 87 2412
internal_value=-0.000410942 4.03721e-05 0.00549029 0.00382274 -0.000396734 0.00024188 -0.00361515 -0.000898719 0.00224832 -0.00741413 0.00295377 -0.00900866 -0.00668684 0.00196525
internal_weight=2135.41 2007.06 148.164 139.28 1858.9 1551.89 307.009 204.952 734.683 128.349 124.533 102.057 88.7745 724.963
internal_count=30027 29323 959 786 28364 23751 4613 3123 5877 704 1687 1490 1167 5835
is_linear=0
shrinkage=0.03


Tree=161
num_leaves=15
num_cat=0
split_feature=7 25 1 2 23 8 5 25 25 25 23 2 25 25
split_gain=6.12075 4.60212 4.31232 8.26126 5.692 5.38538 4.39677 4.26226 5.94022 5.61435 4.06866 5.31706 4.90944 7.45318
threshold=1.0000000180025095e-35 2.804459457374008 0.46528063003223968 2.8521936314250009 2.5000000000000004 1.0000000180025095e-35 9.3917516965229915 0.68541019662497005 0.8944271909999143 0.55210095283134641 1.0000000180025095e-35 2.2756380638315981 4.9381168164851905 4.3179856026612091
decision_type=2 2 2 2 2 2 2 2 2 2 2 2 2 2
left_child=2 -2 6 4 5 7 -1 9 -9 -4 11 -3 13 -12
right_child=1 10 3 -5 -6 -7 -8 8 -10 -11 12 -13 -14 -15
leaf_value=-0.00072886075775465266 -0.0086697592069277137 0.0059834192001377651 -0.00060426694246766273 0.030172416540621756 -0.015733423007033065 0.022810647194407906 -0.014981877392633002 -0.01540251430078589 0.0016943116392212304 0.030502199635068648 0.0043082474546200199 -0.0071527601522827179 0.016673358972028922 -0.028973102668721554
leaf_weight=835.7275560265407 117.93351803719997 35.605147004127502 10.300770027562976 8.1964532788842899 15.771625427529214 9.9652069956064206 18.948891529813409 17.683379342779517 881.79151904396713 9.5126664824783802 39.173214882612228 115.00647203065455 20.482757368125021 6.1315525034442535
leaf_count=17310 1877 168 86 84 238 45 511 188 7044 76 768 1302 205 122
internal_value=-0.000205504 -0.00392811 0.000484705 0.00187117 0.00159407 0.00190476 -0.001062 0.00165359 0.00134146 0.0150783 -0.00131601 -0.00402834 0.00486083 -0.000724484
internal_weight=2142.23 334.333 1807.9 953.222 945.025 929.254 854.676 919.288 899.475 19.8134 216.399 150.612 65.7875 45.3048
internal_count=30024 4442 25582 7761 7677 7439 17821 7394 7232 162 2565 1470 1095 890
is_linear=0
shrinkage=0.03


Tree=162
num_leaves=15
num_cat=0
split_feature=0 25 25 27 26 1 19 25 1 25 26 1 25 22
split_gain=5.12491 4.76784 6.08918 4.83291 4.20233 4.88893 4.34676 5.15631 5.22185 5.47152 4.47399 7.23344 7.30952 3.94472
threshold=3.6701496078529972 1.4491212440208503 1.4866068747318482 1.0000000180025095e-35 2.017418010682746 0.88816166061716018 1.0000000180025095e-35 1.8867962264113192 0.68202974985649778 1.670318579566672 30.730603611152013 0.19117773690915182 2.1023796041628624 1.0000000180025095e-35
decision_type=2 2 2 2 2 2 2 2 2 2 2 2 2 2
left_child=-1 3 -3 -2 -4 6 10 8 -8 -10 13 12 -12 -6
right_child=1 2 4 -5 5 -7 7 -9 9 -11 11 -13 -14 -15
leaf_value=0.013158056976376058 0.023794236495207136 0.023909607063285848 -0.0078351714871810387 -0.0051397853311455676 0.0014056226255909352 0.0042680277001088665 -0.0045293080670294264 -0.0051657625582091733 0.038379832369335246 0.00393742409272197 0.048036467390147122 -0.023593009916752665 -0.0073402375175147154 -0.0028179570745378362
leaf_weight=24.218437299132347 4.341729035601019 8.5807639583945257 59.666237849742174 227.36635551135987 1027.3272224729881 230.09362478926778 16.587280575186014 255.95342519693077 6.3963842168450382 10.056251142174004 2.0350378043949622 15.904336255975066 6.6235582530498505 245.81142632197589
leaf_count=125 45 136 334 3353 16868 1211 252 2679 64 89 78 931 342 3501
internal_value=-0.000286391 -0.000446354 5.37572e-05 -0.0044977 -6.80092e-05 0.000191247 -0.000402261 -0.00372289 0.00727813 0.0187596 0.000339528 -0.0120874 0.00930091 0.000588583
internal_weight=2140.96 2116.74 1885.04 231.708 1876.45 1816.79 1586.69 288.993 33.0399 16.4526 1297.7 24.5629 8.6586 1273.14
internal_count=30008 29883 26485 3398 26349 26015 24804 3084 405 153 21720 1351 420 20369
is_linear=0
shrinkage=0.03


Tree=163
num_leaves=15
num_cat=0
split_feature=1 22 13 10 1 5 26 2 5 26 25 1 16 7
split_gain=5.9066 4.37992 6.13741 5.18859 4.30905 4.15847 5.25795 5.27167 5.50001 5.0289 4.27619 4.17123 5.55085 6.88914
threshold=0.27918069524646011 1.0000000180025095e-35 1.0000000180025095e-35 1.0000000180025095e-35 1.0088433281222617 9.9403219263764271 6.7018653185239723 2.2504241125801991 9.8053556495899787 6.3067424113298118 10.152585850623515 0.37136040880631693 1.0000000180025095e-35 1.0000000180025095e-35
decision_type=2 2 2 2 2 2 2 2 2 2 2 2 2 2
left_child=-1 3 5 4 -2 6 9 -8 11 10 -3 12 13 -9
right_child=1 2 -4 -5 -6 -7 7 8 -10 -11 -12 -13 -14 -15
leaf_value=-0.004452020414822482 0.0011416282935366431 -0.00056065724143556273 -0.0067572182209188784 -0.017106007976317696 0.0070934207905678243 -0.0052713013810078736 0.017603306873849013 0.028295931188598522 0.032436792518937968 -0.01377632294175235 0.020769662989227871 -0.0013233281519200043 -0.016821202838324192 -0.0091728044970271292
leaf_weight=244.497783286497 1117.2400350309908 208.48891142010689 152.3626626059413 12.315320830792187 120.46313857287169 100.846849642694 27.53273468464613 15.445248993113642 4.5239622443914405 24.525850724428892 7.8148571923375121 88.744639553129673 4.0724605023860923 5.4827483454719177
leaf_count=9871 12562 1361 1326 83 574 2143 269 280 60 233 38 1008 54 111
internal_value=-7.42217e-05 0.000494205 -0.00152294 0.0015271 0.00172616 0.000123536 0.00154066 0.00601649 0.00319414 -0.00118274 0.00030202 0.00175853 0.0123284 0.0185092
internal_weight=2134.36 1889.86 639.841 1250.02 1237.7 487.478 386.631 145.802 118.269 240.83 216.304 113.745 25.0005 20.928
internal_count=29973 20102 6883 13219 13136 5557 3414 1782 1513 1632 1399 1453 445 391
is_linear=0
shrinkage=0.03


Tree=164
num_leaves=15
num_cat=0
split_feature=7 2 26 2 1 1 3 19 16 25 25 1 25 25
split_gain=6.98942 6.25875 5.56958 4.76593 7.74551 4.45227 3.93988 6.75231 8.62327 6.96177 5.99422 4.74821 4.68136 8.33344
threshold=1.0000000180025095e-35 3.4606543091144712 28.968431088546691 3.4389140569940735 0.24725837612181817 0.25048849775216459 1.0000000180025095e-35 1.0000000180025095e-35 1.0000000180025095e-35 1.8867962264113192 6.9292856680780881 1.6982709730838172 2.9068883707497242 2.7184548215941553
decision_type=2 2 2 2 2 2 2 2 2 2 2 2 2 2
left_child=1 2 3 6 -5 -4 7 11 9 -9 12 -1 13 -8
right_child=-2 -3 5 4 -6 -7 10 8 -10 -11 -12 -13 -14 -15
leaf_value=0.0023112766616959091 -0.0040982792022764844 -0.0098313082876812716 0.049730038213405034 0.052746887493456039 -0.012244042263151338 -0.006998449420911418 -0.0018862983058706097 0.0088770226318355717 0.029033974661423431 -0.0068137575113701417 0.021672551873765634 0.024232864043469707 -0.0082789308801966052 0.017415307653097453
leaf_weight=1094.9839421194047 332.02253645285964 48.999284420162439 2.7153296135365954 2.9648345857858649 2.293084716424346 1.5402324963361023 302.02178535610437 28.941430930048227 6.1450844667851916 172.36649472173303 8.602120600640772 7.9784637093543997 91.026714764535427 20.565452178940177
leaf_count=15691 4465 2654 78 186 132 59 3594 257 37 1402 56 44 992 241
internal_value=-0.000107205 0.00063449 0.000934321 0.000840577 0.0269757 0.0317732 0.000745752 0.0015576 -0.00339662 -0.00452521 -0.00177167 0.00249166 -0.00231035 -0.000605773
internal_weight=2123.17 1791.14 1742.14 1737.89 5.25792 4.25556 1732.63 1310.42 207.453 201.308 422.216 1102.96 413.614 322.587
internal_count=29888 25423 22769 22632 318 137 22314 17431 1696 1659 4883 15735 4827 3835
is_linear=0
shrinkage=0.03


Tree=165
num_leaves=15
num_cat=0
split_feature=1 25 26 2 5 1 12 0 25 1 0 25 2 1
split_gain=6.66458 5.32866 5.79255 8.82246 5.71035 5.46071 7.87161 6.4944 6.04811 5.08124 4.79279 4.72178 4.55389 4.84579
threshold=0.69672816220633726 3.2565318071002047 9.0138781886599801 2.4370799771916278 12.033287165193061 0.41462205883551323 1.0000000180025095e-35 11.306192958627191 0.92195444572929353 0.22988421963253478 13.924618392941722 1.4265245733414125 3.0729067698345811 0.36664977882434135
decision_type=2 2 2 2 2 2 2 2 2 2 2 2 2 2
left_child=1 2 -1 -4 9 6 -5 -7 -9 10 -3 -10 -11 -14
right_child=-2 4 3 5 -6 7 -8 8 11 12 -12 -13 13 -15
leaf_value=-0.010228483745450712 0.002962291643556957 0.012419641561026689 0.037109473221190223 -0.0075726139367700484 -0.019865814318000219 -0.01520180850729168 0.0037105685297606694 -0.022001434355987181 0.016838635459225627 0.00055690196192160124 -0.0120021580562269 0.002461059572494559 0.0051247399365135391 0.031073989052193132
leaf_weight=82.915004096925259 630.46710669621825 7.8002069536596528 4.2164650447666636 220.6620338363573 10.962910199537871 17.959036780521274 73.614475920796394 7.2355985250324002 22.618067186325788 707.41882066614926 43.246955414302647 163.09807604551315 138.98576302360743 5.8569893762469283
leaf_count=898 4198 135 46 7990 254 259 1369 105 377 6145 1986 2275 3938 78
internal_value=0.000375042 -0.000708899 -0.00292304 -0.00171624 0.000727181 -0.00211296 -0.00474707 0.00156738 0.00319851 0.000998797 -0.00810349 0.00429289 0.00155285 0.00637992
internal_weight=2137.06 1506.59 592.319 509.404 914.272 505.187 294.277 210.911 192.952 903.309 51.0472 185.716 852.262 144.843
internal_count=30053 25855 13319 12421 12536 12375 9359 3016 2757 12282 2121 2652 10161 4016
is_linear=0
shrinkage=0.03


Tree=166
num_leaves=15
num_cat=0
split_feature=11 25 7 0 25 26 1 26 26 25 26 26 26 26
split_gain=5.02846 5.40514 3.67454 5.01231 4.73429 4.33549 4.04825 5.98594 5.03517 3.74104 3.11877 3.15576 6.37913 5.86625
threshold=1.0000000180025095e-35 2.1931712199461333 1.0000000180025095e-35 20.3536237500503 3.6297350805778068 13.341101891671547 1.3478912332215944 2.7694741309801434 3.5651062112339598 4.2083244116240426 12.579149375555751 11.236102527122119 10.468285412936536 11.593532679903918
decision_type=2 2 2 2 2 2 2 2 2 2 2 2 2 2
left_child=2 -2 -1 5 -5 6 7 -4 -9 -6 11 12 -10 -13
right_child=1 -3 3 4 9 -7 -8 8 10 -11 -12 13 -14 -15
leaf_value=-0.00024628323052934353 0.035388165045066401 -0.00036450026345411873 -0.019422330496245456 -0.020286330290873327 0.022116602509626646 0.0074208946448830922 0.01305986415555847 0.012965260663875891 -0.0029685159250833065 -0.0092186600389292384 -0.020839126383716731 0.028401860808130029 -0.023397532171349503 -0.0039834173841664993
leaf_weight=1788.9905132008716 6.2001867294311515 8.029597692191599 20.966539707034826 27.548551184125245 4.1140484511852256 35.506694147363305 11.51322929561138 15.565644718706606 166.01177785173059 9.4189874390140158 8.7440187633037549 6.7516470011323717 14.053451608866451 13.781926153227685
leaf_count=25398 49 75 118 1299 186 729 57 79 1106 280 150 79 150 218
internal_value=-0.000663514 0.0165144 -0.000786374 -0.00367007 -0.0133571 -0.00227054 -0.00363101 -0.00446231 -0.0029879 0.00117362 -0.00423009 -0.00340633 -0.00468334 0.00748964
internal_weight=2137.2 14.2298 2122.97 333.977 41.0816 292.895 257.388 245.875 224.908 13.533 209.343 200.599 180.065 20.5336
internal_count=29973 124 29849 4451 1765 2686 1957 1900 1782 466 1703 1553 1256 297
is_linear=0
shrinkage=0.03


Tree=167
num_leaves=15
num_cat=0
split_feature=25 0 15 26 2 25 26 25 26 14 26 14 0 26
split_gain=4.46903 5.98053 3.77617 9.4967 8.24271 6.64276 5.79957 5.12805 4.56692 3.72491 4.35902 3.23935 3.12521 3.09952
threshold=0.68541019662497005 6.9494596565161926 1.0000000180025095e-35 6.7018653185239723 2.7339050756343521 3.0438452537473388 6.3067424113298118 6.2609903369994084 9.3528070308843176 1.0000000180025095e-35 5.3712196007983168 1.0000000180025095e-35 9.2741573929590917 4.1000000000000059
decision_type=2 2 2 2 2 2 2 2 2 2 2 2 2 2
left_child=1 -1 -2 6 5 -5 9 -6 -9 10 13 -3 -12 -4
right_child=2 11 3 4 7 -7 -8 8 -10 -11 12 -13 -14 -15
leaf_value=0.029670102016534906 -0.00017300321885148562 0.010599876768826818 0.0045969631472592065 0.0073073385791514863 -0.0099329053925853762 0.031606958820962296 -0.02149735658533266 0.00050029691490973923 0.026244697371506729 -0.0090147504425624452 0.0024962053348951806 -0.015354202875967686 0.025694243002777995 -0.0074278547045518537
leaf_weight=9.9272113814950007 1879.5945876743644 10.644937113858761 53.478612840175629 18.805816765874624 17.145561585202813 23.057839214801788 10.280092194676397 15.442547947168352 9.4082115106284601 25.969280552119017 9.6700650304555911 5.8916800320148459 11.015446927398441 28.87154108658433
leaf_count=50 28182 138 274 155 268 173 60 76 67 150 48 80 59 141
internal_value=0.000422991 0.0124466 0.000265825 0.00394644 0.011858 0.0211163 -0.000867493 0.00235249 0.010885 0.000929164 0.003498 0.00100468 0.0154648 0.000342587
internal_weight=2129.2 26.4638 2102.74 223.145 83.86 41.8637 139.285 41.9963 24.8508 129.005 103.036 16.5366 20.6855 82.3502
internal_count=29921 268 29653 1471 739 328 732 411 143 672 522 218 107 415
is_linear=0
shrinkage=0.03


Tree=168
num_leaves=15
num_cat=0
split_feature=9 7 26 26 23 3 18 26 25 6 0 14 25 25
split_gain=4.82926 5.02944 6.03188 4.97459 6.57781 3.8744 6.1528 4.90107 4.65206 3.86609 4.46177 3.67702 3.6284 5.73259
threshold=1.0000000180025095e-35 1.0000000180025095e-35 24.01520351686931 22.579858280134669 1.5000000000000002 1.0000000180025095e-35 1.0000000180025095e-35 12.579149375555751 6.453681120105025 1.0000000180025095e-35 3.6701496078529972 1.0000000180025095e-35 1.2649110640673553 1.1401754250991354
decision_type=2 2 2 2 2 2 2 2 2 2 2 2 2 2
left_child=1 5 3 -3 -5 9 -7 8 11 10 -1 12 13 -8
right_child=-2 2 -4 4 -6 6 7 -9 -10 -11 -12 -13 -14 -15
leaf_value=0.024263247854219815 -0.014838025968923087 -0.0031146642044868411 -0.025050770604053793 0.047837419253206816 -0.018179954644936668 -0.014323620016273925 0.0034884131671829564 -0.023938348349579829 0.022088103460723429 -0.0026010284472037402 0.0018404775132326331 -0.0038184630348858692 3.9424181335466276e-05 0.03069643559119882
leaf_weight=7.0495580956339827 19.077697224915028 324.59646332915872 10.214414412155746 2.8255484420806161 1.4449213240295646 32.216998239979148 27.781212789937854 7.1188449300825587 7.1181897595524779 190.56786254700273 1171.6020461525768 188.41690910048783 152.18305342458189 8.4500351864844543
leaf_count=42 184 3524 779 121 61 251 250 269 46 2043 18534 2520 1482 79
internal_value=-0.000193716 -5.5753e-05 -0.00340065 -0.00265431 0.0262891 0.000578532 -0.00192697 -0.000871776 -0.000383021 0.00135393 0.00199504 -0.000864828 0.00209341 0.010488
internal_weight=2150.66 2131.59 339.081 328.867 4.27047 1792.5 423.285 391.068 383.949 1369.22 1178.65 376.831 188.414 36.2312
internal_count=30185 30001 4485 3706 182 25516 4897 4646 4377 20619 18576 4331 1811 329
is_linear=0
shrinkage=0.03


Tree=169
num_leaves=15
num_cat=0
split_feature=26 11 25 9 26 25 24 23 25 2 27 5 2 2
split_gain=5.43841 3.9803 3.61533 3.48013 3.35299 5.28213 4.58891 4.239 4.0086 3.36093 3.09352 3.88991 2.94446 5.72918
threshold=2.9732137494636963 1.0000000180025095e-35 2.4083189157584619 1.0000000180025095e-35 3.3786052109121671 7.6108459268932389 1.0000000180025095e-35 1.5000000000000002 0.55210095283134641 2.107341256887993 1.0000000180025095e-35 5.102450180006338 2.7606296174481191 2.7743978343213702
decision_type=2 2 2 2 2 2 2 2 2 2 2 2 2 2
left_child=2 3 -1 4 5 9 8 -8 -6 -2 -4 -12 -10 -14
right_child=1 -3 10 -5 6 -7 7 -9 12 -11 11 -13 13 -15
leaf_value=0.0059850422747160358 0.0074095350741700053 0.016330818101210856 -0.00050709481466919293 -0.012433486393419376 0.025472641985232965 -0.0082014863922213778 -0.00043435280647549093 -0.007631993913805364 0.0039943422315461916 0.027844404646589407 -0.012774200679036318 0.0040878173429428361 -0.020825935198004773 0.00081800200758703394
leaf_weight=21.339821115136147 22.433412723243237 13.175470784306524 43.890498548746109 17.905817760154605 5.5158942649140945 11.80727321654558 1017.3445645077154 78.403025951236486 330.87759740650654 10.552346371114252 78.063541132956743 14.09286021068692 10.277761997655032 457.49538138788193
leaf_count=94 107 115 233 182 60 67 13337 1665 2081 53 431 98 83 11430
internal_value=6.22358e-05 0.000490775 -0.00528665 0.000376174 0.000500448 0.00852226 0.00030694 -0.000955848 0.00202665 0.0145737 -0.00708546 -0.0101794 0.00183307 0.000299036
internal_weight=2133.18 1975.79 157.387 1962.61 1944.71 44.793 1899.91 1095.75 804.167 32.9858 136.047 92.1564 798.651 467.773
internal_count=30036 29180 856 29065 28883 227 28656 15002 13654 160 762 529 13594 11513
is_linear=0
shrinkage=0.03


Tree=170
num_leaves=15
num_cat=0
split_feature=24 5 25 1 0 26 25 9 26 0 25 25 26 15
split_gain=3.86699 4.75809 4.32664 5.61371 6.56622 8.17408 9.38661 4.61403 4.2324 5.06444 7.75541 5.52194 4.66178 4.54005
threshold=1.0000000180025095e-35 10.202450497658473 1.3416407864998756 0.69672816220633726 9.3837622652511801 5.7008771254956914 1.7000000000000008 1.0000000180025095e-35 2.5268540104797461 10.605423075521433 4.9704118215061142 3.4014702703389892 5.4781383699209369 1.0000000180025095e-35
decision_type=2 2 2 2 2 2 2 2 2 2 2 2 2 2
left_child=1 8 -2 7 -5 -6 -7 -4 -1 10 11 -10 -11 -14
right_child=2 -3 3 4 5 6 -8 -9 9 12 -12 -13 13 -15
leaf_value=-0.0077166028659497992 -0.0069734024289592042 -0.012810572096252856 -0.0022370513434391403 0.00038823918909343012 0.03266411149137767 0.032829320071793719 -0.002106914054374518 -0.025405680088428476 0.0069827573800180865 -0.0078483467554868545 0.020064592878796191 -0.0056535924351992376 0.00078480758593551538 0.013201991591766347
leaf_weight=42.951042618602514 119.12072642333806 20.852679807692766 734.67238276079297 317.68627346307039 11.819049276411532 7.6953957043588153 33.425012990832329 6.8300388213247052 110.24548895284534 52.934103846549988 29.519478861242533 42.35763693600893 576.32539149932563 26.788757376372814
leaf_count=242 1498 320 11682 1995 56 110 339 89 553 281 147 209 12265 190
internal_value=-0.000471053 0.00102063 -0.00156375 -0.000978577 0.00203264 0.0117105 0.00505535 -0.00248439 0.00136211 0.00183598 0.00624737 0.00346135 0.000603704 0.00135729
internal_weight=2133.22 901.975 1231.25 1112.13 370.626 52.9395 41.1204 741.502 881.122 838.171 182.123 152.603 656.048 603.114
internal_count=29976 14207 15769 14271 2500 505 449 11771 13887 13645 909 762 12736 12455
is_linear=0
shrinkage=0.03


Tree=171
num_leaves=15
num_cat=0
split_feature=19 25 1 25 25 1 17 23 25 2 1 20 25 2
split_gain=5.51826 8.62012 5.28286 7.71697 5.85079 5.14769 6.14556 6.24528 5.35437 5.18816 5.02962 4.56441 4.27916 4.58703
threshold=1.0000000180025095e-35 2.9068883707497242 0.54980700151396145 2.6570660511172854 1.4866068747318482 0.61952128578633037 1.0000000180025095e-35 1.5000000000000002 5.7210138293990163 2.5199196573072364 0.4906160677768302 1.0000000180025095e-35 0.8944271909999143 2.6265331782993022
decision_type=2 2 2 2 2 2 2 2 2 2 2 2 2 2
left_child=5 2 3 4 10 11 8 9 -7 -8 -2 -1 -4 -14
right_child=1 -3 12 -5 -6 6 7 -9 -10 -11 -12 -13 13 -15
leaf_value=-0.0014351782538525831 0.02875315083901012 -0.0079439530113227432 -0.012575994285247387 0.018637736690838506 -0.020239142071329486 0.011824548831158905 0.0014215815125826793 -0.0098360287167284111 -0.0014487040194196658 0.020280214519645554 -0.017073265117416955 0.0041469678027246199 0.0024256956439492449 0.02611800187935643
leaf_weight=1047.4814699394628 3.9023448694497338 206.9552203156054 15.476000212132929 6.6480587925761929 29.833433501422405 100.89187335968018 262.98456066474319 42.69077997840941 37.113449305295944 12.833671309053896 2.9651796221733093 149.81612839922309 196.05951523035765 6.6609296556562176
leaf_count=21476 70 1742 131 123 531 534 1810 541 175 123 54 852 1649 109
internal_value=-0.000514748 -0.00338516 0.000238633 -0.00920517 -0.0146093 0.000299952 0.00300688 0.000707591 0.00827026 0.00236916 0.00931161 -0.000733815 0.00214827 0.00332855
internal_weight=2122.31 468.501 261.545 43.349 36.701 1653.81 456.514 318.509 138.005 275.818 6.86752 1197.3 218.196 202.72
internal_count=29920 4409 2667 778 655 25511 3183 2474 709 1933 124 22328 1889 1758
is_linear=0
shrinkage=0.03


Tree=172
num_leaves=15
num_cat=0
split_feature=23 25 2 26 1 23 1 26 25 1 1 1 26 25
split_gain=5.46926 4.67902 5.41536 3.88877 6.05707 8.64894 3.75719 3.3028 2.90647 6.27833 7.17922 5.19124 4.89364 5.65661
threshold=1.5000000000000002 0.68541019662497005 2.0737822823576493 31.970689597521645 0.22009385565768375 2.5000000000000004 0.17654805706276341 1.3601470508735434 5.5771855080864023 0.67383124725465848 0.74659554732318079 0.82007305571703371 2.9732137494636963 8.9808128764889315
decision_type=2 2 2 2 2 2 2 2 2 2 2 2 2 2
left_child=1 2 -1 4 5 6 -2 -3 -9 12 -11 -12 13 -10
right_child=3 7 -4 -5 -6 -7 -8 8 9 10 11 -13 -14 -15
leaf_value=0.030850144802534708 0.024858400271860859 -0.011434649715871827 0.00092702732447020881 -0.024065772581855945 -0.0044666694007226984 0.064042699320419158 -0.01762272036546909 -0.00011997815994791007 -0.026287510893034403 0.02808166238918626 -0.011797129768139444 0.012379430359175748 0.0024537679242496524 -0.00085517298078547504
leaf_weight=8.8464645296335238 2.2038135221227995 19.99774108082056 12.315637483261524 7.649820201098918 219.2696254896 1.8432930698618291 3.5134667744860053 1424.6367660537362 10.729869466274975 16.621201694011688 11.140935972332953 22.663304023444653 341.25136898458004 24.140191230922937
leaf_count=46 43 110 145 307 4500 50 128 21529 72 79 54 115 2564 165
internal_value=2.33194e-05 0.000559572 0.0142635 -0.00428844 -0.00351875 0.021283 1.5202e-05 0.000397052 0.00053097 0.00270029 0.0125335 0.00430149 0.00135224 -0.00919564
internal_weight=2126.82 1892.34 21.1621 234.48 226.83 7.56057 5.71728 1871.18 1851.18 426.547 50.4254 33.8042 376.121 34.8701
internal_count=29907 24879 191 5028 4721 221 171 24688 24578 3049 248 169 2801 237
is_linear=0
shrinkage=0.03


Tree=173
num_leaves=15
num_cat=0
split_feature=7 9 1 26 26 27 2 11 20 17 5 1 26 2
split_gain=6.0561 4.91098 4.30961 4.22979 5.6004 5.35184 4.86448 4.83089 4.48788 3.62255 3.45989 4.9122 3.43523 7.33978
threshold=1.0000000180025095e-35 1.0000000180025095e-35 1.6982709730838172 3.9217343102255122 4.1000000000000059 1.0000000180025095e-35 2.5591289491717713 1.0000000180025095e-35 1.0000000180025095e-35 1.0000000180025095e-35 13.091600338252595 0.33955315629922328 11.950522999276521 2.6987104224406706
decision_type=2 2 2 2 2 2 2 2 2 2 2 2 2 2
left_child=1 2 3 5 -5 9 -7 8 10 -1 -6 -12 13 -13
right_child=-2 -3 -4 4 7 6 -8 -9 -10 -11 11 12 -14 -15
leaf_value=0.011837725878749808 -0.0036854849142487251 -0.014244384741999445 0.015158994843330165 0.016890448004930881 0.00061564724246175096 -0.003749999649748603 -0.018345748558572142 0.018638868742968037 0.0064006375920680871 -0.0037984161263346708 0.029020055335574887 -0.022475940843364621 -0.027936063919885068 0.026427678696987898
leaf_weight=29.030944857746363 328.48111668787897 18.48351864144206 17.877997890114784 19.419106941670179 1388.1453516995534 129.94303290173411 23.6208655834198 12.966020554304121 122.30075749754906 23.304267149418592 1.518015600740912 5.7432794775813836 9.4664373174309713 3.6862278170883656
leaf_count=150 4428 186 91 104 22605 682 147 111 667 117 58 152 367 109
internal_value=5.49844e-05 0.000737163 0.0009 0.000747424 0.00128023 -0.00328442 -0.00609925 0.00107307 0.00091222 0.00493446 0.000431475 -0.0115361 -0.016089 -0.00265741
internal_weight=2133.99 1805.51 1787.02 1769.14 1563.25 205.899 153.564 1543.83 1530.86 52.3352 1408.56 20.414 18.8959 9.42951
internal_count=29974 25546 25360 25269 24173 1096 829 24069 23958 267 23291 686 628 261
is_linear=0
shrinkage=0.03


Tree=174
num_leaves=15
num_cat=0
split_feature=5 1 25 21 2 17 1 25 0 1 26 1 15 5
split_gain=5.68779 6.32835 6.23316 4.97639 5.72375 4.011 3.96936 6.40024 5.51211 4.83235 7.13882 6.1056 4.97181 3.85278
threshold=9.8989897959078554 0.38263697274512393 6.453681120105025 1.0000000180025095e-35 2.1398700029986286 1.0000000180025095e-35 0.96850898065993285 3.0438452537473388 8.483218477939781 0.71296768173783054 6.0054138631358471 0.82007305571703371 1.0000000180025095e-35 10.168086904383514
decision_type=2 2 2 2 2 2 2 2 2 2 2 2 2 2
left_child=1 -1 13 5 -5 6 8 -8 -3 10 12 -11 -10 -2
right_child=2 3 -4 4 -6 -7 7 -9 9 11 -12 -13 -14 -15
leaf_value=-0.0019104059456655225 -0.026215316896310271 -0.0050208815502944728 0.023452768167969925 -0.029427679769798442 -0.0029423869676358286 0.00047213265337450294 0.0023521078807606272 0.018881179327953974 -0.0083683336169915763 0.017033537672711405 0.0052376760470961214 -0.0086691534425931104 0.0063563841788955786 -0.0062492959961246604
leaf_weight=684.29545412026346 8.7426296919584257 69.022809773683548 4.9841606207191935 7.7319126576185218 48.103151544928551 701.25424378365278 47.310395840555429 37.517183348536491 69.823132876306772 44.204467978328466 287.14142082817852 9.5388056635856611 28.277968063950539 97.102618601173162
leaf_count=17705 144 377 38 36 382 5615 241 183 351 285 2400 60 128 2146
internal_value=7.61152e-05 0.000438026 -0.00651111 0.00162901 -0.00706325 0.00200921 0.00382354 0.00979733 0.00280874 0.00404843 0.00285474 0.0123966 -0.00410257 -0.00812838
internal_weight=2145.05 2034.22 110.829 1349.93 55.8351 1294.09 592.836 84.8276 508.009 438.986 385.243 53.7433 98.1011 105.845
internal_count=30091 27763 2328 10058 418 9640 4025 424 3601 3224 2879 345 479 2290
is_linear=0
shrinkage=0.03


Tree=175
num_leaves=15
num_cat=0
split_feature=1 26 1 13 1 24 10 24 1 0 0 1 26 1
split_gain=4.12276 5.05902 7.93241 4.49185 5.84962 6.79613 4.76861 4.40193 4.62116 7.83329 5.80849 5.78996 4.55759 4.08671
threshold=0.22643573626159277 13.226677553598337 0.2003551711443127 1.0000000180025095e-35 0.93169543365252461 1.5000000000000002 1.0000000180025095e-35 1.0000000180025095e-35 0.31053239181147657 11.403946685248931 7.0848428972963431 1.0088433281222617 24.966978110885027 0.24133583089319685
decision_type=2 2 2 2 2 2 2 2 2 2 2 2 2 2
left_child=1 -1 -3 7 5 6 13 -2 9 -9 11 -10 -11 -5
right_child=3 2 -4 4 -6 -7 -8 8 10 12 -12 -13 -14 -15
leaf_value=-0.019437197209351331 0.0044541716958742044 0.0079247621354995561 -0.012060115716525269 0.02124710900787442 0.005036515235155704 -0.012277602926235809 -0.024378105835421077 0.043867037960228214 -0.018483760630914205 -0.010374666621746435 0.00274800067539616 -0.0014266816674276732 0.010535918889097485 -0.0010599322802191924
leaf_weight=18.17461396753788 423.79563890304416 35.129407663829625 34.416788446716964 6.4774900441989294 127.67427407950163 51.735275505110621 6.8193500936031333 1.7586241308599699 20.711387220770121 70.1041618892923 563.42274712026119 103.49744259566069 9.9834162294864637 651.8136569019407
leaf_count=376 6755 1545 1886 296 598 524 70 27 145 2113 7007 626 684 7270
internal_value=0.000543243 -0.00578798 -0.00199605 0.000818488 -0.000855186 -0.00191009 -0.00108643 0.00200273 0.000648549 -0.00604673 0.00145309 -0.0043958 -0.00767025 -0.00080854
internal_weight=2125.51 87.7208 69.5462 2037.79 844.52 716.846 665.11 1193.27 769.478 81.8462 687.632 124.209 80.0876 658.291
internal_count=29922 3807 3431 26115 8758 8160 7636 17357 10602 2824 7778 771 2797 7566
is_linear=0
shrinkage=0.03


Tree=176
num_leaves=15
num_cat=0
split_feature=26 8 5 13 5 26 0 27 14 10 26 26 26 0
split_gain=6.83598 3.91887 4.26443 5.2027 4.81495 4.90915 4.66768 4.16294 4.24925 4.0937 4.00798 5.46567 3.85653 6.51374
threshold=31.970689597521645 1.0000000180025095e-35 10.480935072788121 1.0000000180025095e-35 10.6587990167365 12.381639618123458 6.8029405406779793 1.0000000180025095e-35 1.0000000180025095e-35 1.0000000180025095e-35 2.9732137494636963 3.1764760348537178 1.7117242768623686 4.3583250267383624
decision_type=2 2 2 2 2 2 2 2 2 2 2 2 2 2
left_child=1 2 3 6 -4 -6 -1 8 -8 12 -9 -12 -5 -14
right_child=-2 -3 4 9 5 -7 7 10 -10 -11 11 -13 13 -15
leaf_value=-0.0032393635498844751 -0.016141104079055748 0.011026617243970522 -0.028683348001993833 -0.014123423308493468 -0.0011657685618140733 -0.024344974801777906 0.015742117465235177 -0.010325189298262347 -0.0057721477343851742 -0.017737631891595832 0.030205363098413492 0.0023335743439632114 0.017814056488099864 -0.000953200057031233
leaf_weight=135.98581547290087 21.395878041163087 30.482088733464479 6.7904512155801049 18.325701113790274 70.894797241315246 8.3206742312759143 37.730291384272277 21.395103562623262 9.9381230687722546 12.171485524624584 5.3836606219410887 935.18791551794857 16.000220902264118 796.58604532014579
leaf_count=773 1157 217 114 98 1495 333 265 140 76 104 30 16106 87 8935
internal_value=0.000346185 0.000521336 0.000361752 0.000645861 -0.00613959 -0.00387362 0.00196147 0.00266447 0.0112303 -0.00114206 0.00222879 0.00252502 -0.000877931 -0.000562222
internal_weight=2126.59 2105.19 2074.71 1988.7 86.0059 79.2155 1145.62 1009.64 47.6684 843.083 961.967 940.572 830.912 812.586
internal_count=29930 28773 28556 26614 1942 1828 17390 16617 341 9224 16276 16136 9120 9022
is_linear=0
shrinkage=0.03


Tree=177
num_leaves=15
num_cat=0
split_feature=25 26 14 20 26 1 25 8 10 1 25 25 18 26
split_gain=5.07047 4.14077 3.40765 3.32728 3.39367 3.87797 3.68361 3.31564 2.95003 2.96942 4.17136 5.32612 4.38591 4.20839
threshold=0.68541019662497005 4.9704118215061177 1.0000000180025095e-35 1.0000000180025095e-35 3.9217343102255122 0.52915044160297164 11.332254850646452 1.0000000180025095e-35 1.0000000180025095e-35 0.46100501614358619 1.3416407864998756 1.2649110640673553 1.0000000180025095e-35 5.1039200620699372
decision_type=2 2 2 2 2 2 2 2 2 2 2 2 2 2
left_child=1 -1 -3 8 5 6 -5 -6 9 -2 11 12 -11 -14
right_child=3 2 -4 4 7 -7 -8 -9 -10 10 -12 -13 13 -15
leaf_value=0.033364436047862656 -0.00144871961406252 0.014737944613092387 -0.0091249164349455729 -0.025625903345716589 0.0046532728613240511 0.0068015347138301241 0.00056970997174839578 0.021691868100768386 -0.013163222292847084 -0.014601303667297127 0.0016221187461059195 -0.018966504408051119 -0.01174926733937027 0.0046396418620696369
leaf_weight=5.834190800786021 855.45779976341873 13.608640170656146 7.6889433590695253 9.3512713909149188 134.56668586470187 14.422550231218336 8.979844678193329 10.266499098390339 14.783431703224776 18.047562774270773 922.32498842664063 17.814129319041967 16.718491453677416 68.225933320820332
leaf_count=27 19938 150 98 55 754 68 54 52 122 135 7230 173 94 844
internal_value=0.000288727 0.0129403 0.00610001 0.000118455 0.00403469 -0.00458256 -0.0134278 0.00600152 -0.000246942 -0.000139492 0.000934547 -0.00428512 -0.00158777 0.00131485
internal_weight=2118.09 27.1318 21.2976 2090.96 177.587 32.7537 18.3311 144.833 1913.37 1898.59 1043.13 120.806 102.992 84.9444
internal_count=29794 275 248 29519 983 177 109 806 28536 28414 8476 1246 1073 938
is_linear=0
shrinkage=0.03


Tree=178
num_leaves=15
num_cat=0
split_feature=1 25 2 24 25 1 25 5 1 26 1 25 0 25
split_gain=4.83294 4.15004 6.5144 3.8735 6.8552 4.73123 4.34741 5.61172 4.80896 8.24641 4.4139 3.79537 7.75418 4.04552
threshold=0.2227791011025769 3.8865138177724345 2.4885480554435437 1.0000000180025095e-35 0.55210095283134641 0.31539148167540954 4.1188590206019962 9.2574294488264925 0.2556266475403684 13.884703803402656 0.24531782243588798 9.3246982477882838 17.118703221914917 7.8504775891287979
decision_type=2 2 2 2 2 2 2 2 2 2 2 2 2 2
left_child=1 -1 -3 4 -2 6 7 -5 9 -8 -11 13 -13 -7
right_child=3 2 -4 5 -6 11 8 -9 -10 10 -12 12 -14 -15
leaf_value=-0.0019858727835046601 0.032457741624806795 0.026823608572091276 -0.019948745213709106 -0.01420922172948565 0.0013539123452307362 -0.00047554007758985332 -0.011617309882566281 0.034149370037182547 -0.0052852208042222671 0.012141876703490739 0.063944996510673285 0.015009913072295803 -0.0095252503165621713 -0.010394350208914205
leaf_weight=49.58422726765275 5.4282061401754609 2.087843548506501 28.263622462749481 56.455397741869092 847.61932293884456 1006.2935856189579 4.9552518967539054 1.3155732583254565 44.139906918630004 3.9176296284422278 2.1717412620782852 35.936970397830009 16.085845090448856 37.427444033324718
leaf_count=2281 53 36 1125 2461 11862 10513 100 43 875 191 88 181 82 205
internal_value=-0.000239473 -0.00743058 -0.0159784 4.27997e-05 0.00158961 -0.00104928 -0.00686718 -0.0125457 -0.000805064 0.0160522 0.037031 -0.000443826 0.00738689 -0.000840834
internal_weight=2141.68 79.9357 30.3515 2061.75 853.048 1208.7 112.956 57.771 55.1845 11.0446 6.08937 1095.74 52.0228 1043.72
internal_count=30096 3442 1161 26654 11915 14739 3758 2504 1254 379 279 10981 263 10718
is_linear=0
shrinkage=0.03


Tree=179
num_leaves=15
num_cat=0
split_feature=9 26 25 1 24 25 26 1 25 25 25 26 5 25
split_gain=6.77259 4.99333 5.44101 5.19019 6.57064 4.94022 4.29376 7.74539 5.77825 5.63966 6.28618 5.79502 8.09309 5.93789
threshold=1.0000000180025095e-35 2.7694741309801434 1.7000000000000008 0.44614861141225015 1.5000000000000002 0.68541019662497005 9.4366307546708672 0.61299078603327717 2.6076809620810635 1.8641308465003832 3.1248998959901089 6.5000000000000018 5.5843501080710114 2.9068883707497242
decision_type=2 2 2 2 2 2 2 2 2 2 2 2 2 2
left_child=1 -1 5 4 -4 -3 9 8 -8 -5 11 12 -11 -14
right_child=-2 2 3 6 -6 -7 7 -9 -10 10 -12 -13 13 -15
leaf_value=-0.0052917974288456161 -0.017325463723832715 0.009674230501292555 0.00058355443674358619 0.013333283650992043 -0.0095292220772023387 -0.0038304677519576439 -0.0031357508510353616 0.021690615292410551 0.0086486727492603062 0.0082374682566591535 0.0037485443898001101 -0.0076422069219688315 -0.002356661144400344 -0.028136433203529015
leaf_weight=127.30078956484795 18.483758037909865 25.591850876808167 753.17110519018024 36.230652304366231 61.626301621086895 298.00594087969512 56.589803205803037 27.083742287009954 107.30690196156502 74.230008579790592 370.25828828290105 106.90530988946557 49.948612093925476 8.6381593048572523
leaf_count=706 186 266 16528 294 1302 4620 867 247 1100 356 2062 1070 372 62
internal_value=0.000280779 0.000443694 0.000815762 0.00151271 -0.000192058 -0.00273593 0.00317014 0.00711154 0.00458544 0.00199611 0.001302 -0.00247664 0.00170721 -0.00656609
internal_weight=2121.37 2102.89 1975.59 1651.99 814.797 323.598 837.191 190.98 163.897 646.211 609.98 239.722 132.817 58.5868
internal_count=30038 29852 29146 24260 17830 4886 6430 2214 1967 4216 3922 1860 790 434
is_linear=0
shrinkage=0.03


Tree=180
num_leaves=15
num_cat=0
split_feature=1 2 8 10 12 1 26 1 0 1 5 1 5 1
split_gain=3.65495 6.55687 3.51842 3.04664 2.86077 5.22779 3.04819 2.90734 3.93293 2.62707 2.38374 4.83594 4.53153 8.99923
threshold=0.85922275001142612 2.0737822823576493 1.0000000180025095e-35 1.0000000180025095e-35 1.0000000180025095e-35 0.37389788903230098 31.010723948942587 0.17654805706276341 29.578708558691336 0.12748515673433905 13.244055268850559 0.34116563668397704 12.246836038652138 0.59545259259783778
decision_type=2 2 2 2 2 2 2 2 2 2 2 2 2 2
left_child=1 -1 3 4 6 7 10 8 -6 -8 12 -12 -3 -14
right_child=-2 2 -4 -5 5 -7 9 -9 -10 -11 11 -13 13 -15
leaf_value=-0.019153934960594789 0.0022665913402173587 -0.0010024072719653986 0.0092378825877294929 -0.019307902118639631 -0.0021753480805979651 0.035380490549805972 0.023359432667341751 0.00052714557283065381 0.037477591081470703 -0.017893210609998125 0.028638658497112827 -0.016236298634945908 -0.00091878942474586233 0.044430528912212372
leaf_weight=16.56035965308547 399.02769952639937 1556.7814622959122 30.313402156345546 7.0657477639615527 4.0799026712775222 3.7492715418338767 0.68016128614544769 62.901586974039674 3.7533507198095322 13.450068660080431 1.5299443602561975 17.243422502651811 11.637233795598151 4.9226621426641932
leaf_count=94 2331 23733 271 87 67 30 43 1242 55 1122 55 602 266 96
internal_value=-0.000318715 -0.00091438 -0.000727534 -0.000911881 -0.000823109 0.00488594 -0.00109072 0.00279891 0.0189164 -0.0144949 -0.000962735 -0.0113158 -0.000832091 0.0143245
internal_weight=2133.7 1734.67 1718.11 1687.79 1680.73 74.4841 1606.24 70.7348 7.83325 14.1302 1592.11 18.7734 1573.34 16.5599
internal_count=30094 27763 27669 27398 27311 1394 25917 1364 122 1165 24752 657 24095 362
is_linear=0
shrinkage=0.03


Tree=181
num_leaves=15
num_cat=0
split_feature=25 25 12 1 0 1 25 25 25 26 1 0 8 26
split_gain=4.29862 4.28355 5.04116 7.27732 4.91007 4.24066 6.51427 5.62034 4.94533 7.4414 5.94515 4.63332 4.21724 3.75337
threshold=0.68541019662497005 1.6446820984663646 1.0000000180025095e-35 0.22643573626159277 21.109713398708038 1.0088433281222617 2.1260291625469301 1.9364847877387756 3.8275318418009276 4.2432298609519377 1.0850138295047362 7.0848428972963431 1.0000000180025095e-35 23.287979732042022
decision_type=2 2 2 2 2 2 2 2 2 2 2 2 2 2
left_child=-1 -2 3 -3 -4 11 7 -7 9 -8 -10 -5 -13 -6
right_child=1 2 4 5 13 6 8 -9 10 -11 -12 12 -14 -15
leaf_value=0.012146921377894542 -0.0031607518302043951 -0.0094808116492926617 0.043967001558655738 -0.0089157026525276493 -0.01182487133953441 0.0078122414287267626 0.003532821968416209 0.034382730871241794 0.025783880515434447 -0.015924402199293718 0.003180077936581207 0.00047516991160538737 0.011901484297706122 0.012587625072182749
leaf_weight=26.585904207080603 288.69284298922867 61.927830816246569 2.8631594926118842 45.485907077789307 6.2763724774122229 21.060579098761085 64.077841207385063 10.557340048253534 14.086620241403578 23.309890758246183 35.380113780498505 1471.427351873368 28.660371807403862 26.773353893309832
leaf_count=265 4391 3159 24 244 82 109 307 56 69 115 184 20250 177 550
internal_value=0.000381374 0.000226755 0.000767941 0.000539558 0.0117414 0.000906907 0.00541201 0.0174663 0.00252057 -0.00177866 0.0100003 0.000412655 0.000701262 0.0077404
internal_weight=2127.17 2100.58 1811.89 1775.97 35.9129 1714.05 168.472 31.6179 136.854 87.3877 49.4667 1545.57 1500.09 33.0497
internal_count=29982 29717 25326 24670 656 21511 840 165 675 422 253 20671 20427 632
is_linear=0
shrinkage=0.03


Tree=182
num_leaves=15
num_cat=0
split_feature=7 25 1 13 23 1 25 20 1 0 0 19 14 25
split_gain=6.88966 4.88291 5.27049 5.04188 4.65815 9.0212 5.35894 4.34017 4.68744 6.55926 7.36421 4.24931 4.20602 9.07742
threshold=1.0000000180025095e-35 1.8867962264113192 0.42787584549233926 1.0000000180025095e-35 1.5000000000000002 0.31783501807238596 2.9538109762927598 1.0000000180025095e-35 0.46100501614358619 16.290794842755968 16.520139218356849 1.0000000180025095e-35 1.0000000180025095e-35 1.4491212440208503
decision_type=2 2 2 2 2 2 2 2 2 2 2 2 2 2
left_child=7 -2 4 -4 -3 -6 -7 8 11 12 -11 -1 -10 -14
right_child=1 2 3 -5 5 6 -8 -9 9 10 -12 -13 13 -15
leaf_value=-0.00080214637234228125 -0.012173170369176993 -0.010835652205821132 0.0087433802893838366 -0.0023635236542811256 -0.021248691362244422 0.04890809869799264 0.0041459589116696971 0.0056816348540367689 0.0030390821447718133 0.043320555722621119 -0.0014390458182661739 -0.010547533067327208 -0.010930724241213729 0.0014679045202333645
leaf_weight=707.40558471810073 52.597938638180494 79.283511088229716 50.013035889714956 130.92112015560269 5.360622987151145 3.5047929659485799 5.612669775262475 151.55326018296182 578.77109043300152 6.1971533056348544 6.0072604268789291 41.716958107426763 67.517166497185826 236.09087924659252
leaf_count=16580 829 1892 363 871 276 93 98 817 4179 56 63 733 886 2348
internal_value=0.000110727 -0.00388546 -0.00226015 0.000737782 -0.00799208 0.00727363 0.0244861 0.000841029 0.000391531 0.00185662 0.0228485 -0.00135818 0.00154074 -0.00131617
internal_weight=2122.55 327.294 274.696 180.934 93.7616 14.4781 9.11746 1795.26 1643.71 894.584 12.2044 749.123 882.379 303.608
internal_count=30084 4422 3593 1234 2359 467 191 25662 24845 7532 119 17313 7413 3234
is_linear=0
shrinkage=0.03


Tree=183
num_leaves=15
num_cat=0
split_feature=1 0 26 0 14 8 25 19 1 25 0 25 23 25
split_gain=4.23379 5.01936 4.30115 9.97582 6.66858 4.05193 6.01208 3.72643 5.05638 4.03478 4.92016 4.17338 4.33151 4.73135
threshold=1.0088433281222617 5.7978444109919947 5.7008771254956914 6.4505813225772828 1.0000000180025095e-35 1.0000000180025095e-35 12.833547865639394 1.0000000180025095e-35 0.41462205883551323 2.9410882339705471 15.640012787718561 5.4083269131959879 1.0000000180025095e-35 3.1384709652950451
decision_type=2 2 2 2 2 2 2 2 2 2 2 2 2 2
left_child=1 -1 -2 -4 -5 7 -7 -3 -9 -10 11 12 13 -11
right_child=2 5 3 4 -6 6 -8 8 9 10 -12 -13 -14 -15
leaf_value=-0.02615007071213862 0.0020362535335630466 7.8949655911986745e-05 -0.0012784906653419065 0.047740884292440638 0.0078915875623032893 0.017226865599798372 -0.011629534417729077 -0.014648974729273938 0.00058829581606990248 -0.021888273848756707 0.015500249395101638 0.0043082481110388489 -0.018711772254674377 -0.0025856436441175313
leaf_weight=5.847499191761016 202.22862933576107 1464.8751104762778 19.120833113789558 8.1184023022651655 7.2591856792569152 24.27059277612716 7.9584359247237435 31.170681063085794 198.23273206315935 12.786840569227932 8.1128305569291097 22.510551478713751 32.897808464244008 69.01991106197238
leaf_count=27 1042 24454 103 45 67 221 64 628 2168 111 102 118 359 433
internal_value=-3.41334e-05 -0.000511425 0.0037379 0.0133745 0.03056 -0.000417411 0.0099657 -0.000604634 -0.00326995 -0.00219804 -0.00597674 -0.00734953 -0.0096548 -0.00583064
internal_weight=2114.41 1877.68 236.727 34.4984 15.3776 1871.84 32.229 1839.61 374.731 343.561 145.328 137.215 114.705 81.8068
internal_count=29942 28685 1257 215 112 28658 285 28373 3919 3291 1123 1021 903 544
is_linear=0
shrinkage=0.03


Tree=184
num_leaves=15
num_cat=0
split_feature=8 0 0 12 23 1 0 0 26 27 26 26 2 2
split_gain=3.8962 5.00657 5.48008 2.79587 4.49893 3.63282 6.26904 5.12513 4.95659 4.51038 8.34785 4.37743 4.6424 3.74352
threshold=1.0000000180025095e-35 11.985407794480754 21.334713476426337 1.0000000180025095e-35 1.5000000000000002 0.69672816220633726 9.1774178364532393 6.8029405406779793 6.0054138631358471 1.0000000180025095e-35 3.9217343102255122 8.1055536516637794 2.4197932386521779 2.3419336468932803
decision_type=2 2 2 2 2 2 2 2 2 2 2 2 2 2
left_child=3 -2 -3 4 5 7 -7 -1 -8 -9 -11 13 -13 -10
right_child=1 2 -4 -5 -6 6 8 9 11 10 -12 12 -14 -15
leaf_value=-0.028883399861993113 0.034214479611098574 -0.0029122350099471026 0.028267215306415974 0.0060807005150982727 -0.0043836621743340081 0.00120108293149424 0.021271157264638612 0.0068858932038089026 0.012318250717365425 -0.01257626937153368 -2.7686198316866166e-05 0.020334841242656967 -0.00026401140356691332 -0.0076108806103770965
leaf_weight=4.5905556716024867 5.6472809016704586 20.166061900556091 5.7117287628352633 75.901135863736272 171.3356868904084 484.06941176205873 23.205944500863552 77.119679446332157 11.15127759054303 48.815095163881779 1130.2508464399725 24.47443937510252 16.010070610791445 27.172536239027977
leaf_count=29 28 109 136 1399 3925 2852 110 585 91 310 19763 257 188 218
internal_value=0.000626626 0.0109305 0.00476532 0.000466366 0.000252313 0.000684538 0.00263385 -0.000222986 0.00935483 -9.53593e-05 -0.000557433 0.00562338 0.0123788 -0.00164621
internal_weight=2125.62 31.5251 25.8778 2094.1 2018.2 1846.86 586.084 1260.78 102.014 1256.19 1179.07 78.8083 40.4845 38.3238
internal_count=30000 273 245 29727 28328 24403 3716 20687 864 20658 20073 754 445 309
is_linear=0
shrinkage=0.03


Tree=185
num_leaves=15
num_cat=0
split_feature=23 2 2 7 24 1 2 1 2 7 2 1 24 23
split_gain=3.16882 3.59815 8.34397 3.93432 5.56096 9.50701 5.61325 2.62657 4.68515 5.70435 4.32848 4.80891 7.3834 7.88289
threshold=1.5000000000000002 2.4283337354904213 2.4452368132169275 1.0000000180025095e-35 1.0000000180025095e-35 0.37389788903230098 3.01792316829262 0.69672816220633726 2.3216411824281193 1.0000000180025095e-35 2.5125579392263004 0.61299078603327717 1.0000000180025095e-35 1.0000000180025095e-35
decision_type=2 2 2 2 2 2 2 2 2 2 2 2 2 2
left_child=7 -2 -3 4 5 -4 -7 10 -9 -10 -1 -12 -13 -14
right_child=1 2 3 -5 -6 6 -8 8 9 -11 11 12 13 -15
leaf_value=-0.0042588929061802743 -0.010522440242867991 0.045058419577592032 -0.001793374892691849 -0.011566975741758495 -0.010508843154197678 0.0098165444615455968 0.040811983528706859 0.0011003914966403391 0.011471624269125366 -0.0068903483256089791 0.00016133825897925684 -0.0059562652584641898 0.0075839098134430011 0.037458092085505157
leaf_weight=189.96620075963438 45.316670976579189 2.4500633515417567 91.524376234039664 31.221042389050126 34.408943253569305 22.862799093127254 6.2681180611252776 485.3008873090148 83.002725455909967 17.892068959772587 1048.5877857888117 19.429844759404659 28.414841387420893 10.449984837323425
leaf_count=1662 541 37 2405 870 908 264 76 2864 740 102 18981 113 242 143
internal_value=0.000256432 -0.00302814 -0.00118274 -0.00202825 -4.58874e-05 0.00299983 0.017619 0.000666077 0.00233073 0.00817976 -8.75891e-05 0.000631499 0.00894327 0.0163546
internal_weight=2117.1 234.052 188.735 186.285 155.064 120.655 29.1309 1883.04 586.196 100.895 1296.85 1106.88 58.2947 38.8648
internal_count=29948 5101 4560 4523 3653 2745 340 24847 3706 842 21141 19479 498 385
is_linear=0
shrinkage=0.03


Tree=186
num_leaves=15
num_cat=0
split_feature=10 7 2 1 25 25 2 2 5 25 25 25 25 5
split_gain=4.97568 4.99643 6.54717 4.65083 3.35497 2.96636 4.24475 4.30974 2.62723 3.42975 6.53864 2.43819 2.22224 2.2008
threshold=1.0000000180025095e-35 1.0000000180025095e-35 3.2791126620435533 1.6982709730838172 3.0805843601498721 1.4142135623730983 1.7636571275534623 1.8731985639905939 13.244055268850559 2.7184548215941553 2.9832867780352639 5.45893762558247 0.92195444572929353 12.298373876248842
decision_type=2 2 2 2 2 2 2 2 2 2 2 2 2 2
left_child=1 3 5 8 -2 12 -7 -8 13 -10 -11 -12 -3 -1
right_child=4 2 -4 -5 -6 6 7 -9 9 10 11 -13 -14 -15
leaf_value=0.00097452139786550888 -0.0016273996894210882 0.0015859357905210036 -0.022401710157431868 0.015952935789434922 -0.029740541284082912 0.015702890177686911 -0.025494439622199633 -0.0013372801337109006 -0.022002541698534536 0.041398006163130142 -0.018715847624849052 0.013353557537509992 -0.018464272945133892 0.011759004758769835
leaf_weight=1732.013548119925 7.3814995307475311 6.9821066148579147 13.80306257586926 17.81430197507143 7.2013327963650227 11.860139869153498 5.8158673569560042 277.3287744615227 9.2585865482687968 1.9131898451596487 6.3532153107225877 2.1826457995921373 15.111999991349874 16.209626903757453
leaf_count=24341 66 63 966 93 58 60 27 3171 369 64 212 28 181 355
internal_value=0.000362579 0.000486697 -0.00289387 0.00111439 -0.0165279 -0.00197695 -0.00116224 -0.00192145 0.000955939 -0.0096697 0.00222536 -0.00997519 -0.0123338 0.00108118
internal_weight=2131.23 2116.65 330.902 1785.75 14.5828 317.099 295.005 283.145 1767.93 19.7076 10.4491 8.53586 22.0941 1748.22
internal_count=30054 29930 4468 25462 124 3502 3258 3198 25369 673 304 240 244 24696
is_linear=0
shrinkage=0.03


Tree=187
num_leaves=15
num_cat=0
split_feature=23 12 1 25 25 25 2 26 2 9 25 25 1 1
split_gain=3.43678 3.58741 4.95813 3.10537 3.0338 4.46417 4.38944 2.95783 2.93907 2.77299 2.83852 4.58743 3.69848 3.09186
threshold=1.5000000000000002 1.0000000180025095e-35 0.34270216882937365 1.3416407864998756 1.7000000000000008 2.0112181519869936 3.238290143064964 26.786283802005894 3.4491802182951812 1.0000000180025095e-35 0.68541019662497005 0.80622577482985858 0.77664536049986499 1.6982709730838172
decision_type=2 2 2 2 2 2 2 2 2 2 2 2 2 2
left_child=9 2 -2 -4 7 6 -6 -3 -8 10 -1 12 -12 -13
right_child=1 4 3 -5 5 -7 8 -9 -10 -11 11 13 -14 -15
leaf_value=0.010964952332570483 -0.014438741681135269 0.0035321342342660056 -0.0124519160926971 -0.00054477941531694263 -0.0058650036780789738 -0.0017196770365571997 0.040761673651382328 -0.014189469966754749 0.0026604803050702197 -0.01153923778022933 0.0048444202659608127 0.0001498600572412127 -0.026737737536192931 0.012943990647285505
leaf_weight=21.044847647659481 44.512189550790936 20.667849071323872 23.454709459096193 102.18108214437962 3.4596479758620289 14.718070130795239 6.8655964359641057 13.027416329830883 2.5624588243663311 17.088689809665084 4.5782316746190181 1824.0860553747043 9.1094645000994188 16.159970089793205
leaf_count=187 1980 306 401 1528 41 264 124 318 61 159 89 24349 71 86
internal_value=-0.00027212 -0.00371462 -0.00594724 -0.00284848 0.00247827 0.0096801 0.0218853 -0.00353097 0.0316543 0.000150727 0.000263364 0.00013604 -0.0165636 0.00026918
internal_weight=2123.52 231.449 170.148 125.636 61.301 27.6058 12.8877 33.6953 9.42806 1892.07 1874.98 1853.93 13.6877 1840.25
internal_count=29964 5023 3909 1929 1114 490 226 624 185 24941 24782 24595 160 24435
is_linear=0
shrinkage=0.03


Tree=188
num_leaves=15
num_cat=0
split_feature=27 0 1 6 1 24 1 9 1 1 2 12 0 1
split_gain=3.03634 4.86127 3.99141 3.67178 3.49867 3.68706 3.40923 2.5891 3.10275 2.77911 2.27454 7.61225 2.14844 6.72674
threshold=1.0000000180025095e-35 20.564654139250468 0.20637436572351328 1.0000000180025095e-35 0.42145053576964975 1.0000000180025095e-35 0.39475185574427157 1.0000000180025095e-35 0.5650719349139296 1.6982709730838172 3.7476948867691715 1.0000000180025095e-35 7.9066427199043163 0.96850898065993285
decision_type=2 2 2 2 2 2 2 2 2 2 2 2 2 2
left_child=1 3 -3 4 6 -6 -1 9 -9 10 -2 -12 13 -7
right_child=7 2 -4 -5 5 12 -8 8 -10 -11 11 -13 -14 -15
leaf_value=0.0003770725353199295 0.00020183597650468756 -0.0024366886488788814 0.037862815952117851 -0.011128892537416994 0.011925151373010969 -0.021275490847784267 -0.02358260421516413 -0.025207560870350882 -0.00036889618661369044 0.014396978080790239 -0.012222316574320487 0.060928573735635046 0.0084493041702045722 0.0046547905951103688
leaf_weight=27.364126347005367 1895.2502095103264 3.1298903580754978 5.7019507391378284 14.085641222074626 60.392772532999516 11.188594304025171 5.6331719681620589 6.8706009518355158 10.722942955791948 11.586287200450895 2.3206617245450607 1.275273207575083 26.653702162206173 33.559721417725086
leaf_count=265 28302 89 63 78 293 55 33 101 80 52 177 19 139 163
internal_value=0.000593674 0.00422552 0.0247859 0.00307822 0.00435238 0.0065313 -0.00428658 0.000238077 -0.0109029 0.000346326 0.00025306 0.0213325 0.00186741 -0.00215199
internal_weight=2115.74 187.71 8.83184 178.878 164.792 131.795 32.9973 1928.03 17.5935 1910.43 1898.85 3.59593 71.402 44.7483
internal_count=29909 1178 152 1026 948 650 298 28731 181 28550 28498 196 357 218
is_linear=0
shrinkage=0.03


Tree=189
num_leaves=15
num_cat=0
split_feature=6 10 26 24 25 23 25 1 25 25 18 26 25 1
split_gain=3.81717 3.70547 3.56151 3.59575 4.7038 10.2566 4.22291 4.74832 3.69427 3.67569 3.5137 3.67516 3.51017 4.76236
threshold=1.0000000180025095e-35 1.0000000180025095e-35 1.3601470508735434 1.0000000180025095e-35 1.1704699910719614 1.5000000000000002 0.98741763692039297 0.47224520629238981 1.4142135623730983 1.4866068747318482 1.0000000180025095e-35 23.527749571482275 1.2062320276193426 0.31168700282450817
decision_type=2 2 2 2 2 2 2 2 2 2 2 2 2 2
left_child=1 2 -1 4 5 6 -4 -8 -6 10 11 -10 -5 -14
right_child=-2 -3 3 12 8 -7 7 -9 9 -11 -12 -13 13 -15
leaf_value=-0.011707004899450138 -0.0037579409738325467 -0.014466121227445601 0.01318242603331324 -0.0060534844020303305 -0.0089023085649842446 -0.0052204287951191104 0.065036974347156426 0.017949272052574322 0.053370803862145919 0.0020473024740484177 -0.0011371978225853741 0.0062566398322958586 -0.0052150058193998422 0.0010427855139955996
leaf_weight=19.376511234790087 192.87575421668589 13.475351989269255 13.395515554584565 84.112161670811474 26.449039484374225 16.60701640881598 3.3643970815464836 5.4625619947910309 2.688993789255619 719.03637732099742 4.3899644091725332 3.007184961810708 123.51601877482608 903.82726942002773
leaf_count=108 2041 117 159 1050 542 343 101 36 31 11606 79 78 4493 9160
internal_value=0.000255904 0.00065696 0.000770266 0.000903193 0.00244317 0.0124957 0.0253898 0.0406886 0.00191072 0.00231462 0.0194681 0.0331467 -0.000198692 0.000286081
internal_weight=2131.58 1938.71 1925.23 1905.86 794.401 38.8295 22.2225 8.82696 755.572 729.123 10.0861 5.69618 1111.46 1027.34
internal_count=29944 27903 27786 27678 12975 639 296 137 12336 11794 188 109 14703 13653
is_linear=0
shrinkage=0.03


Tree=190
num_leaves=15
num_cat=0
split_feature=26 24 25 1 1 18 1 2 25 26 1 0 25 1
split_gain=4.37614 6.27501 5.63457 4.73497 4.722 6.3909 7.52671 7.65521 5.91816 5.60849 5.49696 7.41625 5.52669 5.07455
threshold=25.36631624812717 1.0000000180025095e-35 9.3246982477882838 0.22643573626159277 0.30662792194650118 1.0000000180025095e-35 0.28465862855455154 2.7414292074614179 4.0286466509943795 22.932727667869798 0.34270216882937365 25.314620280797978 0.92195444572929353 0.28138929445776611
decision_type=2 2 2 2 2 2 2 2 2 2 2 2 2 2
left_child=1 3 -3 -1 5 13 -7 -8 9 -9 11 -6 -12 -5
right_child=-2 2 -4 4 10 6 7 8 -10 -11 12 -13 -14 -15
leaf_value=-0.010298480274486545 -0.0058614291967536529 -0.00146646502553065 0.0078050713389684933 0.01002384588812996 -0.0067990167806350633 0.0048102089853642805 -0.018923634436056814 -0.00099618865827694344 0.040280673722663272 0.033291332285908887 0.021842011620471634 0.034465623190289917 0.0024550646131762674 -0.011010284434369341
leaf_weight=24.572403036989272 105.37202507164329 1145.851841872558 61.204642655327916 17.855127969756722 87.129784729331732 44.931562530808151 2.8358057476580134 9.950286556035282 15.796927938237785 6.4783534351736298 12.574088871479033 3.1183049697428933 565.54835954494774 21.836428907699883
leaf_count=790 5364 14247 349 540 1507 1375 24 275 257 205 93 81 4339 514
internal_value=6.9402e-05 0.000381576 -0.000990274 0.002418 0.00282706 0.00829076 0.0131246 0.0233507 0.0275284 0.0136589 0.00183776 -0.00501113 0.00291372 -0.00153434
internal_weight=2125.06 2019.68 1207.06 812.627 788.055 119.684 79.9929 35.0614 32.2256 16.4286 668.371 90.2481 578.122 39.6916
internal_count=29960 24596 14596 10000 9210 3190 2136 761 737 480 6020 1588 4432 1054
is_linear=0
shrinkage=0.03


Tree=191
num_leaves=15
num_cat=0
split_feature=10 2 2 2 1 23 2 2 2 17 25 1 2 1
split_gain=2.26174 3.68561 2.36705 8.44199 7.25431 5.9938 9.87822 4.35899 3.48759 3.11616 4.80327 3.05386 2.653 2.40301
threshold=1.0000000180025095e-35 2.107341256887993 3.2994488913014597 3.2828202352029172 0.25449136457030813 1.0000000180025095e-35 3.291149295885992 3.3146557616432597 3.2632196739835808 1.0000000180025095e-35 3.5825962118903076 0.19351409710841144 3.4708054638481411 0.29287412324997691
decision_type=2 2 2 2 2 2 2 2 2 2 2 2 2 2
left_child=2 -2 3 8 -5 -6 -7 -4 -1 10 11 12 -9 -11
right_child=1 -3 7 4 5 6 -8 9 -10 13 -12 -13 -14 -15
leaf_value=0.00029840370889419116 0.0058785900995205866 -0.023084026550376602 -0.018953577229151503 -0.015726265323823773 0.00039927033933193491 0.072464549233694817 0.0067345615902581757 0.039824377462954821 -0.012581087771616149 0.0023837637446326755 0.0033127019391580356 -0.018496876136650207 -0.0087790779088820197 -0.022695776781938997
leaf_weight=1914.5762697933242 6.1725422963500014 8.5642947535961849 13.867092338390647 2.9708223287016144 3.7544434675946814 4.2167075797915459 3.7697787461802363 0.7132662096992165 18.111100979149342 88.665314192418009 20.152206236496568 26.452417036984116 1.7932806191965935 2.5790431462228289
leaf_count=21285 30 95 479 119 103 127 115 45 572 3840 1115 1720 140 67
internal_value=-1.942e-05 -0.0113503 6.53941e-05 0.000349403 0.0222509 0.0323404 0.0456406 -0.0035 0.000171267 -0.0018499 -0.00786263 -0.0154904 0.0124645 0.00143653
internal_weight=2116.36 14.7368 2101.62 1947.4 14.7118 11.7409 7.98649 154.223 1932.69 140.356 49.1112 28.959 2.50655 91.2444
internal_count=29852 125 29727 22321 464 345 242 7406 21857 6927 3020 1905 185 3907
is_linear=0
shrinkage=0.03


Tree=192
num_leaves=15
num_cat=0
split_feature=26 4 1 27 25 25 7 26 26 3 1 1 1 25
split_gain=4.23657 4.39546 3.70636 4.07159 4.03563 3.28764 3.18885 5.14337 4.11686 3.37139 6.8987 4.0495 7.53661 8.62796
threshold=2.7694741309801434 1.0000000180025095e-35 0.47691535275910474 1.0000000180025095e-35 6.5764732189829553 3.5651062112339607 1.0000000180025095e-35 3.3786052109121671 24.01520351686931 1.0000000180025095e-35 0.85922275001142612 0.54486391545154345 0.36664977882434135 3.1384709652950451
decision_type=2 2 2 2 2 2 2 2 2 2 2 2 2 2
left_child=2 6 -1 4 -4 -5 9 -8 -9 10 -2 12 13 -11
right_child=1 -3 3 5 -6 -7 7 8 -10 11 -12 -13 -14 -15
leaf_value=-0.016808853346443907 0.0009784301507698781 -0.018781267876368378 -0.00295953384239464 0.00083139732760186067 0.019064690705355294 -0.011588619043926019 0.01549843002002935 -0.0026064646106516254 -0.021778830684343775 0.041647625860375313 0.0091655597091404532 -0.00049869747698288005 -0.016157347186124906 -0.017391176598255086
leaf_weight=20.254661750048399 1197.488166722469 9.8446296043694002 17.27661103010178 31.923531360924244 11.918243013322352 46.585193198174238 12.723754215985535 279.16182596888393 9.4880881286226195 3.9418880436569443 99.433136865496635 346.72999259084463 34.244684377685189 3.2784847598522902
leaf_count=159 19796 56 85 143 55 269 66 3445 804 106 482 3584 893 84
internal_value=-7.39088e-05 0.00026639 -0.00534397 -0.00305309 0.00636506 -0.0065914 0.000370189 -0.00246699 -0.00330969 0.000878765 0.0016127 -0.0015711 -0.0103156 0.0159859
internal_weight=2124.29 1996.33 127.958 107.704 29.1949 78.5087 1986.49 301.374 288.65 1685.12 1296.92 388.195 41.4651 7.22037
internal_count=30027 29316 711 552 140 412 29260 4315 4249 24945 20278 4667 1083 190
is_linear=0
shrinkage=0.03


Tree=193
num_leaves=15
num_cat=0
split_feature=9 7 26 0 25 25 1 1 25 0 26 26 22 0
split_gain=3.04461 2.63842 3.09783 7.46969 7.48878 5.01004 4.97832 3.5005 3.29172 10.2882 7.99889 3.7185 3.63075 3.14934
threshold=1.0000000180025095e-35 1.0000000180025095e-35 13.226677553598337 20.3536237500503 3.3113440518926036 4.2083244116240426 0.25333713108344186 1.3478912332215944 2.7486346709943574 17.118703221914917 14.240259802035903 17.331906977590538 1.0000000180025095e-35 5.5090831092938428
decision_type=2 2 2 2 2 2 2 2 2 2 2 2 2 2
left_child=1 -1 7 8 -5 6 -6 13 11 -10 -11 -4 -12 -3
right_child=-2 2 3 4 5 -7 -8 -9 9 10 12 -13 -14 -15
leaf_value=0.00082520168003669386 -0.011800949963217486 -0.021222967160675392 -0.0039528164789676317 -0.016633315368106229 -0.0050115809687111979 -0.0063438991282863079 0.044447845655572978 0.012111554504757687 0.057205347784805322 -0.025317666653272057 0.028828230281830517 0.028557224963717594 -0.011092506620511738 -0.0037323001211569356
leaf_weight=1778.0692033292726 17.660066725686193 8.7172466069459897 14.016954509541394 22.39614475145936 2.5461608143523318 7.4052510121837258 4.1820437526330352 11.113459169864653 4.2870561294257667 3.8530307579785577 8.4573793206363899 3.026246750727295 2.0387072414159766 232.8057776466012
leaf_count=25410 182 41 256 1148 162 265 150 55 57 87 195 76 61 1832
internal_value=0.000263931 0.000370811 -0.00211123 0.00333584 -0.00612633 0.0105222 0.0275043 -0.00367514 0.0129264 0.0213134 0.00756169 0.00308256 0.0207838 -0.00444849
internal_weight=2120.57 2102.91 324.845 72.209 36.5296 14.1335 6.7282 252.636 35.6794 18.6362 14.3491 17.0432 10.4961 241.523
internal_count=29977 29795 4385 2457 1725 577 312 1928 732 400 343 332 256 1873
is_linear=0
shrinkage=0.03


Tree=194
num_leaves=15
num_cat=0
split_feature=1 22 20 25 1 1 2 25 23 25 1 1 24 2
split_gain=3.39084 3.25889 3.25103 3.91887 3.74537 6.00497 4.86931 3.93468 3.17348 3.10902 6.83476 2.9924 2.85034 2.78362
threshold=1.4700506022900977 1.0000000180025095e-35 1.0000000180025095e-35 4.0018745119932069 0.52915044160297164 0.40255152312265213 2.6847465172618143 5.056678751908211 1.0000000180025095e-35 8.3372656525600846 0.35174857533255816 0.5650719349139296 1.0000000180025095e-35 2.9167813048988989
decision_type=2 2 2 2 2 2 2 2 2 2 2 2 2 2
left_child=2 8 -1 -4 5 7 -7 -5 -2 10 -9 -6 -13 -11
right_child=1 -3 3 4 11 6 -8 9 -10 13 -12 12 -14 -15
leaf_value=-0.00011052405556719295 0.022285398267124969 -0.0012600471261652423 0.01637263233028189 -0.012640270406529017 0.022751761814892933 -0.021916782681518577 -0.0018270229403661053 0.00051088186957047913 0.00082248788894255932 0.011452921187409345 0.033967710688022186 0.014890812711110637 -0.0038873371145009528 -0.0051654825491522817
leaf_weight=1894.311111762654 17.251609258353714 18.37577036768198 19.875087702646852 8.0688674468547088 11.32549177110195 14.478049986064432 37.084638547152281 10.829973500221969 9.5094920843839628 16.76612800732255 10.221566617488859 12.347672283649446 15.289508923888205 17.670316610485315
leaf_count=28738 104 82 140 79 49 73 169 85 44 89 53 55 67 97
internal_value=0.000430354 0.00847422 0.000250798 0.00416356 0.00249329 -0.00025143 -0.00777758 0.00588031 0.014963 0.0087496 0.0175595 0.0104062 0.00472934 0.00302042
internal_weight=2113.41 45.1369 2068.27 173.957 154.082 115.12 51.5627 63.5569 26.7611 55.488 21.0515 38.9627 27.6372 34.4364
internal_count=29924 230 29694 956 816 645 242 403 148 324 138 171 122 186
is_linear=0
shrinkage=0.03


Tree=195
num_leaves=15
num_cat=0
split_feature=8 0 5 25 25 0 1 5 25 1 5 13 25 25
split_gain=3.46231 6.97468 3.41151 3.37994 9.34204 3.01135 2.83047 6.40196 6.19735 4.83665 3.59444 2.90681 4.36899 6.54776
threshold=1.0000000180025095e-35 13.517211219213937 13.244055268850559 2.7184548215941553 3.1384709652950451 21.334713476426337 0.78817719028501032 9.0000000000000053 6.6846839760853358 0.77664536049986499 8.6827414834481296 1.0000000180025095e-35 7.8504775891287979 5.056678751908211
decision_type=2 2 2 2 2 2 2 2 2 2 2 2 2 2
left_child=2 -2 6 -4 -5 -3 9 8 10 11 -8 -1 13 -13
right_child=1 5 3 4 -6 -7 7 -9 -10 -11 -12 12 -14 -15
leaf_value=0.00018204820358910123 0.031567545751793352 -0.0063885614005368052 -0.024912139810152657 0.037188932427059805 -0.019597430300075311 0.017107970431765457 0.00061047722482510916 0.019818071862156231 0.017338729431392585 -0.017746621789750398 -0.017225088832354116 -0.0030944898435404976 -0.0093812416160474633 0.00522263881929424
leaf_weight=939.47254432365298 8.1332012563943881 16.120079351589087 9.2463789675384778 2.9713214430958015 6.591393081471324 5.8830059664323917 435.45684893801808 15.734117560088633 18.825082391500473 14.449146460741757 9.4122365079820138 456.71546926768497 71.476855189539492 103.72367253806442
leaf_count=17611 41 92 375 97 202 131 2589 180 98 116 101 7137 465 812
internal_value=-0.000401622 0.00952889 -0.000549721 -0.0129406 -0.000102492 0.000364368 -0.000430665 0.00158707 0.000927141 -0.00104128 0.000195338 -0.000876484 -0.00244801 -0.00154863
internal_weight=2114.21 30.1363 2084.08 18.8091 9.56271 22.0031 2065.27 479.428 463.694 1585.84 444.869 1571.39 631.916 560.439
internal_count=30047 264 29783 674 299 223 29109 2968 2788 26141 2690 26025 8414 7949
is_linear=0
shrinkage=0.03


Tree=196
num_leaves=15
num_cat=0
split_feature=25 12 1 2 25 1 8 26 2 24 6 2 2 1
split_gain=4.13424 3.28573 5.19314 4.56004 3.02585 3.26782 5.36778 3.84371 5.05184 5.0762 4.29138 3.71566 5.09184 3.42533
threshold=0.68541019662497005 1.0000000180025095e-35 0.37389788903230098 3.1472972383182443 17.001756637941217 0.44279372864168065 1.0000000180025095e-35 2.9732137494636963 2.5810389003977723 1.5000000000000002 1.0000000180025095e-35 2.640292008958391 2.6627898193949542 0.4249191221896616
decision_type=2 2 2 2 2 2 2 2 2 2 2 2 2 2
left_child=-1 4 3 -3 5 7 -7 -2 10 11 13 -10 -13 -9
right_child=1 2 -4 -5 -6 6 -8 8 9 -11 -12 12 -14 -15
leaf_value=0.011300521721934458 -0.015990843118285733 -0.022304067275968634 0.034556319308952761 0.0055403844489396873 0.016702466079918162 -1.8330972534749516e-05 0.020715572858308547 0.01394346693152816 -0.01549444333367897 -0.010967941331320254 -0.017697633697541224 0.018954321499887683 -0.0018144279896435847 -0.010284645551485521
leaf_weight=25.986244850791991 17.019970070570707 4.7566262930631629 4.1977251917123786 67.151208564639091 7.9045282751321784 1178.7745188772678 10.345793396234511 36.263254702091217 16.502676805481315 58.600214461795986 4.5055887363851062 9.7996546346694213 672.98261646833271 5.3707221001386634
leaf_count=266 134 54 31 1303 88 9452 46 427 178 1268 52 93 16539 48
internal_value=-0.000367117 -0.000517223 0.00556123 0.00341785 -0.000749095 -0.00082599 0.000179316 -0.00228042 -0.00197069 -0.00256044 0.00756525 -0.00184123 -0.00148906 0.0106502
internal_weight=2120.16 2094.18 76.1056 71.9078 2018.07 2010.17 1189.12 821.045 804.025 757.885 46.1396 699.285 682.782 41.634
internal_count=29979 29713 1388 1357 28325 28237 9498 18739 18605 18078 527 16810 16632 475
is_linear=0
shrinkage=0.03


Tree=197
num_leaves=15
num_cat=0
split_feature=26 26 1 25 25 25 0 2 13 25 25 25 0 0
split_gain=3.59413 3.60966 5.04626 4.50362 3.91403 4.89861 3.82166 5.40419 4.07087 3.52288 4.33896 5.83614 5.68057 4.32991
threshold=2.7694741309801434 25.36631624812717 0.16480323501176272 3.2419115480289622 3.6297350805778068 5.1332247374270494 27.576348554463852 3.3572303465802009 1.0000000180025095e-35 0.68541019662497005 1.4491212440208503 1.4866068747318482 4.8337342596362287 5.1908571462152606
decision_type=2 2 2 2 2 2 2 2 2 2 2 2 2 2
left_child=-1 6 3 -3 -4 -6 9 -8 -9 -2 -11 -12 -13 -14
right_child=1 2 4 -5 5 -7 7 8 -10 10 11 12 13 -15
leaf_value=-0.0048771849228711637 0.011528539391441087 0.031042411646698752 -0.0091822198670548517 -0.013132354665460901 0.018484390470349457 -0.022218783219620855 0.052216707516634132 -0.0019782162178932166 0.033968772680095155 -0.0040323148040383493 0.02460365846962248 0.014078619891386326 -0.015846251894991632 0.00060669190799704043
leaf_weight=126.22679602354765 24.692002160474658 5.1962895430624476 85.784462694078684 2.4367594122886658 9.4269999908283335 2.6471125315874806 1.9011572403833294 11.572828317061065 2.7142683854326597 182.84008608851582 8.2378230895847064 27.04490127414465 13.525393664836882 1621.771454622969
leaf_count=708 216 118 4284 147 684 176 81 590 126 2310 98 142 61 20333
internal_value=1.20724e-05 0.000322966 -0.00505163 0.0170525 -0.00693083 0.00854378 0.000624779 0.0147069 0.00662633 0.000495637 0.000342515 0.000823453 0.000690888 0.00046101
internal_weight=2126.02 1999.79 105.492 7.63305 97.8586 12.0741 1894.3 16.1883 14.2871 1878.11 1853.42 1670.58 1662.34 1635.3
internal_count=30074 29366 5409 265 5144 860 23957 797 716 23160 22944 20634 20536 20394
is_linear=0
shrinkage=0.03


Tree=198
num_leaves=15
num_cat=0
split_feature=26 25 4 0 26 27 26 25 25 0 17 25 25 25
split_gain=4.46644 2.96339 2.68351 2.02551 1.77462 5.6401 3.93217 5.28872 3.61805 2.77346 10.8423 2.96347 2.71158 2.96785
threshold=1.3601470508735434 0.68541019662497005 1.0000000180025095e-35 3.6701496078529972 2.9732137494636963 1.0000000180025095e-35 3.3786052109121671 7.6108459268932389 4.2402823536013532 5.7978444109919947 1.0000000180025095e-35 1.2062320276193426 5.2488093023617237 8.0956778592036418
decision_type=2 2 2 2 2 2 2 2 2 2 2 2 2 2
left_child=-1 -2 3 -3 5 12 7 -6 -7 10 -8 -12 -5 -14
right_child=1 2 -4 4 6 8 9 -9 -10 -11 11 -13 13 -15
leaf_value=-0.01328842542237388 0.010019359008306984 0.01101163308208928 -0.01358951937194976 0.017495005786615732 0.015127811343872762 -0.00012982199454403593 0.012392640213694938 -0.0066424320408930487 -0.012574458261539478 0.00035632309561491461 -0.026158487569949138 -0.0087022049192006755 -0.011387086001770907 0.0095061875668195767
leaf_weight=21.103776082396507 26.677912675775588 14.542572572827337 11.738252259790896 12.168349735438822 33.395396985113621 35.630026757717133 18.72502476722002 13.509985618293284 50.370926856994629 1832.0778865986504 12.799917005002497 28.80383924394846 9.8716709613800067 12.998189609497784
leaf_count=119 265 79 65 57 164 167 90 75 326 28323 69 145 50 73
internal_value=0.000127274 0.000267467 0.000138048 0.000222217 0.000140758 -0.00336829 0.000361393 0.00884964 -0.00747942 0.000146439 -0.00612924 -0.0145608 0.00664997 0.000388472
internal_weight=2134.41 2113.31 2086.63 2074.89 2060.35 121.039 1939.31 46.9054 86.001 1892.41 60.3288 41.6038 35.0382 22.8699
internal_count=30067 29948 29683 29618 29539 673 28866 239 493 28627 304 214 180 123
is_linear=0
shrinkage=0.03


Tree=199
num_leaves=15
num_cat=0
split_feature=9 6 26 1 2 2 1 26 26 13 25 26 2 1
split_gain=5.17293 4.89754 3.92307 5.31953 4.66446 6.22557 9.32964 6.51493 14.1307 5.75514 2.96759 3.58121 5.90882 4.82191
threshold=1.0000000180025095e-35 1.0000000180025095e-35 4.2432298609519377 1.0850138295047362 2.4092586143034018 2.6987104224406706 0.41462205883551323 12.278843593759145 14.103013861177915 1.0000000180025095e-35 9.3246982477882838 4.9704118215061177 2.9049387300757483 0.46100501614358619
decision_type=2 2 2 2 2 2 2 2 2 2 2 2 2 2
left_child=1 10 -3 4 -4 -6 9 -8 -9 -7 -1 -12 13 -13
right_child=-2 2 3 -5 5 6 7 8 -10 -11 11 12 -14 -15
leaf_value=0.00062857954616192611 -0.015518646751260487 0.006472833471507111 0.003486393094192419 -0.027844369172915481 -0.015403976931683352 0.01886467175003163 -0.0062076870884775993 0.048787173014260769 -0.0099057697050134626 -0.015423974160903017 0.0004603430876869193 0.032131281893942092 0.0011507877926949263 0.0083287300380254971
leaf_weight=1788.9852354628965 17.308270696550608 26.263335913419724 45.804352223873138 8.3684218004345876 50.743133369833231 4.262230376712977 8.8491433225572127 8.2025950588285905 5.6833526827394953 30.130056504160166 68.083084248006344 13.725885301828386 32.181614904664457 18.005884043872356
leaf_count=26979 183 122 266 41 425 102 70 107 85 809 403 73 267 87
internal_value=0.000359541 0.000497126 -0.00410716 -0.00585111 -0.00448118 -0.00786535 -0.00101939 0.0135506 0.0257132 -0.0107616 0.000950369 0.00527415 0.0103159 0.0192919
internal_weight=2126.6 2109.29 188.307 162.043 153.675 107.871 57.1274 22.7351 13.8859 34.3923 1920.98 131.996 63.9134 31.7318
internal_count=30019 29836 2027 1905 1864 1598 1173 262 192 911 27809 830 427 160
is_linear=0
shrinkage=0.03


Tree=200
num_leaves=15
num_cat=0
split_feature=26 22 12 0 26 11 25 27 0 2 4 23 25 26
split_gain=3.10362 3.42454 2.79216 3.80847 2.69943 2.56473 3.84675 2.42018 2.27616 3.07287 2.07585 2.1008 3.71737 3.33687
threshold=1.7117242768623686 1.0000000180025095e-35 1.0000000180025095e-35 28.296642908216331 20.179816639808838 1.0000000180025095e-35 2.1736818660312722 1.0000000180025095e-35 22.337748319548115 3.1791079461547196 1.0000000180025095e-35 1.5000000000000002 1.3416407864998756 25.625865740794836
decision_type=2 2 2 2 2 2 2 2 2 2 2 2 2 2
left_child=1 7 3 5 -4 10 -7 -1 -6 -10 11 13 -13 -2
right_child=2 -3 4 -5 8 6 -8 -9 9 -11 -12 12 -14 -15
leaf_value=-0.0037553072717235671 -0.00011416973805303169 0.0022663207142573751 0.023458356003516007 -0.0080590870213979697 -0.018106633043797473 0.027162353309067779 -0.002080977732874236 -0.022582763881392996 0.029048364575007524 0.0030299889971234823 -0.012373190023261621 -0.01407938761494644 -0.0016130133592802474 0.023112434159257154
leaf_weight=10.790745593607426 1756.2960565248504 16.181604780256748 5.7252423465251914 57.987258825451136 3.1891351342201224 6.5759624410420647 8.4132513403892499 14.871680598706007 3.3947768695652476 64.385180177167058 11.989087862893937 24.749000258743763 133.52995262853801 4.5845635142177334
leaf_count=56 20354 93 47 4354 38 52 73 85 41 1269 66 492 2666 221
internal_value=-0.000497758 -0.00849045 -0.000333028 -0.00054909 0.00524735 -0.000321297 0.0116449 -0.0151038 0.00347269 0.00473652 -0.000420155 -0.000339079 -0.00363845 -4.06141e-05
internal_weight=2122.66 41.844 2080.82 2004.13 76.6943 1946.14 14.9892 25.6624 70.9691 67.78 1931.15 1919.16 158.279 1760.88
internal_count=29907 234 29673 28278 1395 23924 125 141 1348 1310 23799 23733 3158 20575
is_linear=0
shrinkage=0.03


Tree=201
num_leaves=15
num_cat=0
split_feature=22 26 26 11 19 24 2 26 23 23 25 26 0 15
split_gain=4.57388 5.52028 6.99357 5.22119 4.36342 4.41281 5.15139 4.04229 3.97302 3.81478 5.95922 4.29953 3.47573 3.93131
threshold=1.0000000180025095e-35 11.406138698087101 11.236102527122119 1.0000000180025095e-35 1.0000000180025095e-35 1.5000000000000002 2.2756380638315981 27.102306167244688 3.5000000000000004 1.0000000180025095e-35 2.0112181519869936 7.3348483283568973 10.818964830333817 1.0000000180025095e-35
decision_type=2 2 2 2 2 2 2 2 2 2 2 2 2 2
left_child=4 2 3 -2 5 7 -7 -1 -9 11 -11 -6 -8 -14
right_child=1 -3 -4 -5 9 6 12 8 -10 10 -12 -13 13 -15
leaf_value=0.0025643323945539432 -0.0017944073809054105 -0.0091542569158325933 0.029156664881078632 0.019176236579096041 -0.0046848395529840402 0.007495729131344833 -0.022015656976485474 -0.0069723334275083957 0.020219878478007141 0.012493285315871456 -0.012729762030179611 0.006694082605068952 -0.0064643755594786766 0.02211448775775731
leaf_weight=1076.7223609834909 555.97050293162465 85.81795120658353 5.8259162772446862 9.8989402763545495 74.852609500288963 26.607565887272358 11.566804241389034 62.909200193360448 4.270330403931438 9.0531271584331972 56.582309348508716 48.316533904522657 76.940650146454573 3.6198648214340201
leaf_count=15330 5308 2449 99 78 363 149 92 3449 137 117 625 363 1362 28
internal_value=-3.10892e-05 -0.00210499 -0.00103268 -0.00139438 0.000909205 0.0015457 -0.00393703 0.00211774 -0.00497262 -0.00333312 -0.00911546 -0.000203177 -0.00728399 -0.00492483
internal_weight=2108.95 657.513 571.695 565.869 1451.44 1262.64 118.735 1143.9 67.1795 188.805 65.6354 123.169 92.1273 80.5605
internal_count=29949 7934 5485 5386 22015 20547 1631 18916 3586 1468 742 726 1482 1390
is_linear=0
shrinkage=0.03


Tree=202
num_leaves=15
num_cat=0
split_feature=1 19 25 26 26 25 13 26 26 2 15 24 26 25
split_gain=3.32253 4.48405 5.78084 6.8489 5.68277 5.69098 6.35204 5.55176 5.73234 5.07183 4.9041 5.20783 4.95667 4.74349
threshold=0.53863256292962036 1.0000000180025095e-35 1.4866068747318482 6.8912982504875453 5.7008771254956914 10.152585850623515 1.0000000180025095e-35 10.279348202471663 11.502825688460462 2.748838005265267 1.0000000180025095e-35 1.0000000180025095e-35 11.502825688460462 2.9538109762927598
decision_type=2 2 2 2 2 2 2 2 2 2 2 2 2 2
left_child=1 4 -3 -4 5 -1 -7 -5 -9 10 11 12 13 -6
right_child=-2 2 3 7 9 6 -8 8 -10 -11 -12 -13 -14 -15
leaf_value=-0.013689346739255535 0.0012334994988339744 0.019379092071248879 0.011164152353936857 -0.024022001368561086 -0.012633419257142741 0.0083557276644968849 -0.012464194365487936 0.0096045934371373001 -0.01225173329024754 -0.00082466732395043848 0.016450553586830525 -0.0024081913037272739 0.032827354562937755 0.010526002624566693
leaf_weight=55.502676552161574 944.3937062472105 5.9368767794221631 12.162042476236818 24.35392627120018 9.0429444555193168 31.872460667043924 21.025112599134445 13.535754848271607 42.544092277064919 800.66897099884227 26.961338715627789 77.389981364831328 6.2580147963017216 38.941455334424973
leaf_count=370 7097 111 98 291 86 179 136 187 855 18982 204 971 77 271
internal_value=-8.84895e-05 -0.00115919 -0.00724947 -0.0091456 -0.000590866 -0.00706887 2.74678e-06 -0.0123159 -0.00690052 0.000147772 0.00503159 0.00258633 0.00962682 0.00599267
internal_weight=2110.59 1166.2 98.5327 92.5958 1067.66 108.4 52.8976 80.4338 56.0798 959.263 158.594 131.632 54.2424 47.9844
internal_count=29915 22818 1542 1431 21276 685 315 1333 1042 20591 1609 1405 434 357
is_linear=0
shrinkage=0.03


Tree=203
num_leaves=15
num_cat=0
split_feature=1 19 1 26 24 2 26 2 1 1 2 26 26 26
split_gain=2.91616 2.65598 5.16529 3.90148 3.37025 4.86732 3.62718 9.4324 5.47422 3.22452 7.15273 2.88536 3.81828 7.72092
threshold=1.6982709730838172 1.0000000180025095e-35 0.38989219341924103 6.8007352543677211 1.5000000000000002 3.0225528177733918 13.680094881213934 2.8761794553442637 0.48611621525110599 1.0088433281222617 2.0547360166241706 11.322543883774523 8.1963402836782233 8.8481636512894593
decision_type=2 2 2 2 2 2 2 2 2 2 2 2 2 2
left_child=1 4 3 -3 -1 6 8 -8 -6 -4 -11 12 -10 -14
right_child=-2 2 9 -5 5 -7 7 -9 11 10 -12 -13 13 -15
leaf_value=0.0010832819830195912 0.011213032263838562 0.012959000828829434 -0.0025843485167682504 -0.021161097983293048 -0.012445745394140261 -0.016778330607521808 0.056646467364369908 0.00011805153584871411 -0.0018792712872896754 0.00032274801419515713 0.024568477192781674 -0.021031187803464295 0.02878608312559474 -0.00062864184251163369
leaf_weight=1397.7202232703567 19.927263118326664 2.8792611882090595 360.76013843715191 18.31929462775588 39.100179173052311 19.579034138005227 2.400479754433035 12.163893690332769 112.46273534372449 77.354943014681339 11.762004517018793 4.6465680263936511 11.157531566917894 23.540916552767158
leaf_count=22279 110 34 3517 433 528 677 45 248 975 397 70 106 165 375
internal_value=6.9803e-05 -4.15498e-05 -0.00202219 -0.0161518 0.000534304 -0.00286493 -0.00146431 0.0124759 -0.00258727 -0.00132205 0.00375991 1.67464e-05 0.000818791 0.00937128
internal_weight=2113.77 2093.85 471.076 21.1986 1622.77 225.051 205.472 14.5644 190.908 449.877 89.1169 151.808 147.161 34.6984
internal_count=29959 29849 4451 467 25398 3119 2442 293 2149 3984 467 1621 1515 540
is_linear=0
shrinkage=0.03


Tree=204
num_leaves=15
num_cat=0
split_feature=7 9 23 1 23 0 1 1 18 3 5 5 5 1
split_gain=4.3437 3.55533 3.51568 6.83603 10.3067 5.49622 5.2647 5.90241 5.00301 4.80691 3.5855 4.8678 3.54016 3.8768
threshold=1.0000000180025095e-35 1.0000000180025095e-35 1.0000000180025095e-35 0.70458130582771494 1.5000000000000002 9.3837622652511801 0.63826547482214491 0.54980700151396145 1.0000000180025095e-35 1.0000000180025095e-35 7.5676943816386411 8.7123475171128284 9.5028942631764028 0.73766405302218863
decision_type=2 2 2 2 2 2 2 2 2 2 2 2 2 2
left_child=1 2 -1 6 5 8 7 -4 -5 -9 -10 -12 -7 -14
right_child=-2 -3 3 4 -6 12 -8 9 10 -11 11 -13 13 -15
leaf_value=0.0012208886909264797 -0.0036557190702476341 -0.012876274101762787 -0.0036681651587148864 0.018309606037156981 -0.010642201324764218 0.033028865833567726 -0.015134950149113289 0.013905889944209358 -0.0030030837870915783 -0.0057661889872907433 0.021226919389846676 -0.0066457395091902138 0.026200959858714814 -0.013367210911243581
leaf_weight=1162.3013064386323 323.99326420295984 17.766417944803834 395.5825977018103 19.934379123151302 31.703415876254439 11.165409423410894 30.641088025644422 32.168337047100067 48.643862657248974 16.174943774938583 14.392682239413263 8.2909676246345025 3.1505888998508444 3.890292689204216
leaf_count=12479 4412 188 10456 108 393 86 410 295 379 343 175 122 55 64
internal_value=-0.00046422 0.000113294 0.000250252 -0.00158098 0.00419467 0.00854906 -0.0033043 -0.00245553 0.00541079 0.00734044 0.00160256 0.0111889 0.0231794 0.00539491
internal_weight=2119.8 1795.81 1778.04 615.739 141.172 109.468 474.567 443.926 91.2619 48.3433 71.3275 22.6836 18.2063 7.04088
internal_count=29965 25553 25365 12886 1382 989 11504 11094 784 638 676 297 205 119
is_linear=0
shrinkage=0.03


Tree=205
num_leaves=15
num_cat=0
split_feature=25 25 25 2 2 15 1 2 22 6 25 2 23 19
split_gain=2.39485 6.06725 10.8559 6.11831 4.98258 5.61135 4.47009 6.34098 4.07116 4.35997 3.9018 3.61156 3.59474 3.57173
threshold=3.1248998959901089 3.4219874145110776 3.3948489594826787 3.1655912064319818 3.077690572428923 1.0000000180025095e-35 0.16480323501176272 3.4210690065638354 1.0000000180025095e-35 1.0000000180025095e-35 3.1772628756339261 3.3497732883471523 1.0000000180025095e-35 1.0000000180025095e-35
decision_type=2 2 2 2 2 2 2 2 2 2 2 2 2 2
left_child=6 2 3 4 5 8 7 -1 -2 -10 11 -5 -6 -4
right_child=1 -3 13 10 12 -7 -8 -9 9 -11 -12 -13 -14 -15
leaf_value=-0.0046003640796587189 0.0059304571500285114 0.00028031090839836286 0.032849252458735108 -0.01047983057882915 0.054867185386536822 0.028072162638669799 -0.001183970543459212 0.04407793874141603 -0.017022170934913827 0.011687881137173077 -0.020235780362840357 0.042457355491905366 0.0064695168752379253 0.0060129053902176132
leaf_weight=4.5529817789792997 55.844099257141352 1036.4634666359052 16.038113457150761 1.9652701262384682 2.1412854716181746 7.007588166743516 943.6686084177345 3.7383115785196424 15.818688357248904 5.8294079508632413 13.208762692287563 1.0614824388176201 3.0149283241480589 6.7539987172931424
leaf_count=92 567 12300 289 68 54 56 15253 90 218 60 613 68 87 55
internal_value=0.000134394 0.00104602 0.00716357 0.00301881 0.00610837 0.00415712 -0.000981312 0.0197291 0.0016644 -0.00911641 -0.013407 0.0140186 0.0322159 0.0254838
internal_weight=2117.11 1165.15 128.684 105.892 89.656 84.4998 951.96 8.29129 77.4922 21.6481 16.2355 3.02675 5.15621 22.7921
internal_count=29870 14435 2135 1791 1042 901 15435 182 845 278 749 136 141 344
is_linear=0
shrinkage=0.03


Tree=206
num_leaves=15
num_cat=0
split_feature=1 24 26 27 1 1 0 1 1 2 2 26 26 2
split_gain=4.67894 4.34922 4.13696 6.92211 4.93056 4.7846 6.76634 7.55449 7.85631 6.7735 10.8609 3.84048 5.39054 3.96956
threshold=0.22643573626159277 1.0000000180025095e-35 3.9217343102255122 1.0000000180025095e-35 0.4906160677768302 0.22881817588650716 28.167623246591749 0.24236923634351465 0.2371128013066669 3.4389140569940735 3.4924114963359556 26.130729036726983 25.231825085848651 3.2712043457424254
decision_type=2 2 2 2 2 2 2 2 2 2 2 2 2 2
left_child=-1 2 3 4 -2 -4 11 8 -8 -10 -11 12 13 -7
right_child=1 -3 5 -5 -6 6 7 -9 9 10 -12 -13 -14 -15
leaf_value=-0.0070704815487746932 -0.008586949246633906 -0.0010381208080613852 0.032668433442568708 -0.0084708911368724746 0.017928489174783704 0.0025492001622776654 -0.0090177673559328087 -0.018655687870514082 -0.016941991160143915 0.091122909796844453 -0.00060336986125513977 0.022729617946116467 -0.017910635835624338 0.012125450587826088
leaf_weight=83.696862050332129 8.8032215125858801 1191.7852632524446 3.7273910278454414 75.408466648310423 17.649629913270473 634.3538517113775 8.6781930252909643 26.284044348634779 1.2111451802775253 1.7112807929515841 2.0099816154688597 7.8429575888440004 10.14396288525313 40.624664880335331
leaf_count=3762 49 14555 168 380 85 7069 458 1399 55 80 113 179 283 1304
internal_value=-0.000161928 0.000126219 0.0017805 -0.00386023 0.00911308 0.00256472 0.0023673 -0.00949992 0.0082479 0.035025 0.0519445 0.00306321 0.00280528 0.00314265
internal_weight=2113.93 2030.23 838.449 101.861 26.4529 736.587 732.86 39.8946 13.6106 4.93241 3.72126 692.965 685.122 674.979
internal_count=29939 26177 11622 514 134 11108 10940 2105 706 248 193 8835 8656 8373
is_linear=0
shrinkage=0.03


Tree=207
num_leaves=15
num_cat=0
split_feature=10 26 1 17 26 17 22 0 14 1 5 24 1 26
split_gain=3.63107 2.44829 3.6063 3.94009 4.17592 2.28946 4.19634 4.49517 4.77485 6.40843 4.35086 5.29874 4.84772 5.57969
threshold=1.0000000180025095e-35 31.970689597521645 0.19117773690915182 1.0000000180025095e-35 35.288241626766244 1.0000000180025095e-35 1.0000000180025095e-35 15.117704844118299 1.0000000180025095e-35 0.70458130582771494 6.0012498553602347 1.0000000180025095e-35 1.2724749376023545 4.1000000000000059
decision_type=2 2 2 2 2 2 2 2 2 2 2 2 2 2
left_child=1 5 3 -3 -5 -1 -7 8 10 -10 12 -12 13 -8
right_child=-2 2 -4 4 -6 6 7 -9 9 -11 11 -13 -14 -15
leaf_value=0.0014018163328647002 -0.014682872745785348 -0.021439390224523427 -0.019443829852613465 -0.011841096287624529 0.035205504861794072 0.00088642135512466825 -0.01987297846693932 -0.012701349720587599 -0.013941500660761571 -0.0016048922653067914 -0.0046553248418776524 0.0095042940559846995 0.010649375375431331 -0.0020543296570048083
leaf_weight=986.52149330591783 13.757600722834466 2.391455756500366 12.357209894340484 2.0888214474543929 3.5044159931130707 672.91931079747155 19.55842187255621 37.47391145862639 55.635478911921382 115.48121306672692 33.601550206542015 76.465523801743984 17.757662653923035 69.822302399203181
leaf_count=13043 125 190 771 68 130 10432 100 970 1064 1200 293 952 78 564
internal_value=0.000146337 0.000250153 -0.00985952 0.00548649 0.0185046 0.000353454 -0.000588276 -0.00291547 -0.00194092 -0.00567361 0.00101226 0.00517862 -0.00327628 -0.00613017
internal_weight=2119.34 2105.58 20.3419 7.98469 5.59324 2085.24 1098.72 425.796 388.322 171.117 217.205 110.067 107.138 89.3807
internal_count=29980 29855 1159 388 198 28696 15653 5221 4251 2264 1987 1245 742 664
is_linear=0
shrinkage=0.03


end of trees

feature_importances:
angle=582
gk_dist_to_shot=389
gk_dist_to_goal=386
distance=221
log_distance=197
defenders_in_cone=167
header_x_distance=157
opponents_close=138
is_free_kick=102
gk_in_cone=90
tech_half_volley=60
assist_through_ball=58
assist_high=55
under_pressure=44
one_on_one=38
assist_cross=32
tech_backheel=31
is_header=27
first_time=27
from_set_piece=23
tech_diving_header=18
assisted=15
tech_volley=14
tech_lob=14
tech_overhead_kick=14
from_counter=6
is_other_body=4
assist_cut_back=3

parameters:
[boosting: gbdt]
[objective: binary]
[metric: binary_logloss]
[tree_learner: serial]
[device_type: cpu]
[data_sample_strategy: bagging]
[data: ]
[valid: ]
[num_iterations: 208]
[learning_rate: 0.03]
[num_leaves: 15]
[num_threads: 4]
[seed: 0]
[deterministic: 0]
[force_col_wise: 0]
[force_row_wise: 0]
[histogram_pool_size: -1]
[max_depth: -1]
[min_data_in_leaf: 50]
[min_sum_hessian_in_leaf: 0.001]
[bagging_fraction: 0.8]
[pos_bagging_fraction: 1]
[neg_bagging_fraction: 1]
[bagging_freq: 1]
[bagging_seed: 7719]
[bagging_by_query: 0]
[feature_fraction: 0.8]
[feature_fraction_bynode: 1]
[feature_fraction_seed: 2437]
[extra_trees: 0]
[extra_seed: 11797]
[early_stopping_round: 0]
[early_stopping_min_delta: 0]
[first_metric_only: 0]
[max_delta_step: 0]
[lambda_l1: 0]
[lambda_l2: 1]
[linear_lambda: 0]
[min_gain_to_split: 0]
[drop_rate: 0.1]
[max_drop: 50]
[skip_drop: 0.5]
[xgboost_dart_mode: 0]
[uniform_drop: 0]
[drop_seed: 21238]
[top_rate: 0.2]
[other_rate: 0.1]
[min_data_per_group: 100]
[max_cat_threshold: 32]
[cat_l2: 10]
[cat_smooth: 10]
[max_cat_to_onehot: 4]
[top_k: 20]
[monotone_constraints: ]
[monotone_constraints_method: basic]
[monotone_penalty: 0]
[feature_contri: ]
[forcedsplits_filename: ]
[refit_decay_rate: 0.9]
[cegb_tradeoff: 1]
[cegb_penalty_split: 0]
[cegb_penalty_feature_lazy: ]
[cegb_penalty_feature_coupled: ]
[path_smooth: 0]
[interaction_constraints: ]
[verbosity: -1]
[saved_feature_importance_type: 0]
[use_quantized_grad: 0]
[num_grad_quant_bins: 4]
[quant_train_renew_leaf: 0]
[stochastic_rounding: 1]
[linear_tree: 0]
[max_bin: 255]
[max_bin_by_feature: ]
[min_data_in_bin: 3]
[bin_construct_sample_cnt: 200000]
[data_random_seed: 38]
[is_enable_sparse: 1]
[enable_bundle: 1]
[use_missing: 1]
[zero_as_missing: 0]
[feature_pre_filter: 1]
[pre_partition: 0]
[two_round: 0]
[header: 0]
[label_column: ]
[weight_column: ]
[group_column: ]
[ignore_column: ]
[categorical_feature: ]
[forcedbins_filename: ]
[precise_float_parser: 0]
[parser_config_file: ]
[objective_seed: 8855]
[num_class: 1]
[is_unbalance: 0]
[scale_pos_weight: 1]
[sigmoid: 1]
[boost_from_average: 1]
[reg_sqrt: 0]
[alpha: 0.9]
[fair_c: 1]
[poisson_max_delta_step: 0.7]
[tweedie_variance_power: 1.5]
[lambdarank_truncation_level: 30]
[lambdarank_norm: 1]
[label_gain: ]
[lambdarank_position_bias_regularization: 0]
[eval_at: ]
[multi_error_top_k: 1]
[auc_mu_weights: ]
[num_machines: 1]
[local_listen_port: 12400]
[time_out: 120]
[machine_list_filename: ]
[machines: ]
[gpu_platform_id: -1]
[gpu_device_id: -1]
[gpu_device_id_list: ]
[gpu_use_dp: 0]
[num_gpu: 1]

end of parameters

pandas_categorical:[]
